name,category_code,market_id,market_name,address,lat,lng
진양상회,seafood,173,숭례문수입상가,서울특별시 중구 남대문시장4길 28-12,37.5591653493886,126.976628540349
소문난반찬,sidedish,200,암사종합시장,서울특별시 강동구 상암로11길 17,37.5505470388911,127.128714922418
태진상회,greengrocer,101,경동시장,서울특별시 동대문구 고산자로36길 3,37.5790371332837,127.039147690267
내고향반찬마트,sidedish,8,화곡본동시장,서울특별시 강서구 화곡로32길 14,37.5429362773213,126.843643239212
민속떡집,ricecake,109,목동깨비시장 (목3동시장),서울특별시 양천구 목동중앙북로 19,37.5485315269485,126.86564171848
성우떡방아간,ricecake,151,경창시장,서울특별시 양천구 오목로7길 25,37.5240119001397,126.841114787881
싱싱회마트,seafood,200,암사종합시장,서울특별시 강동구 고덕로10길 68,37.5518169737026,127.129147143974
대림민물고기,seafood,72,구로시장,서울특별시 구로구 구로동로22길 17-17,37.4899423040378,126.885579977134
성남할머니떡집,ricecake,41,신성종합시장(건물형),서울특별시 광진구 영화사로 7,37.5584135486418,127.088697467966
동부손미수산,seafood,186,중랑교종합상가,서울특별시 중랑구 망우로32길 23,37.5929477807347,127.077121031046
대성축산,butcher,141,만리시장,서울특별시 용산구 효창원로 268,37.5510260862843,126.963741398463
현대수산,seafood,36,길동복조리시장,서울특별시 강동구 천중로52길 29,37.5392941096401,127.143857523336
서은이네,greengrocer,68,신도봉시장,서울특별시 도봉구 도당로13라길 128,37.6693246654428,127.040283189691
신앙촌상회,sidedish,36,길동복조리시장,서울특별시 강동구 천중로50길 23,37.5397639191116,127.142794820096
용문부경농산,greengrocer,21,용산용문시장,서울특별시 용산구 효창원로42길 38-14,37.5361043483051,126.960060126251
제일수산,seafood,116,마천시장,서울특별시 송파구 성내천로30길 17-7,37.4984250579544,127.150745253768
채소밭,greengrocer,47,원당종합시장,서울특별시 관악구 인헌4길 17,37.4746846384923,126.965858457742
남대문과일,greengrocer,173,숭례문수입상가,서울특별시 중구 남대문시장4길 28-12,37.5591653493886,126.976628540349
대왕유통,seafood,98,청량리종합시장,서울특별시 동대문구 고산자로38길 32,37.5801359493107,127.04032565698
하림닭,butcher,187,사가정시장,서울특별시 중랑구 면목로44길 10,37.5812264872417,127.089041519363
통큰떡방,ricecake,91,성대시장,서울특별시 동작구 성대로 36,37.4990429411016,126.933176199553
웰빙나라,seafood,14,은행나무시장,서울특별시 금천구 금하로25길 14,37.4511654980318,126.909440240142
은혜떡집,ricecake,119,장위전통시장,서울특별시 성북구 장위로38길 46-1,37.611288087872,127.051034018657
대창,seafood,160,신중부시장,서울특별시 중구 을지로32길 24,37.5657088976857,127.000056594441
월드컵마트정육,butcher,87,망원동월드컵시장,서울특별시 마포구 월드컵로25길 26,37.558526814137,126.906299931095
동성식품,seafood,64,창동신창시장,서울특별시 도봉구 덕릉로57길 19,37.639512148526,127.037264617679
남도반찬,sidedish,152,신영시장,서울특별시 양천구 곰달래로13길 37,37.5329783008376,126.835585885508
진영중국식품,sidedish,70,비단길현대시장,서울특별시 금천구 독산로32길 12,37.4572988233832,126.906143810151
진주과일,greengrocer,193,우림골목시장,서울특별시 중랑구 망우로62길 44,37.597202928809,127.09807418188
오복나물반찬,sidedish,152,신영시장,서울특별시 양천구 곰달래로13길 28,37.5322586028037,126.836379432709
신랑각시,seafood,130,광장시장,서울특별시 종로구 창경궁로 88,37.570114766493,126.999705691574
청하중국식품,sidedish,33,고분다리전통시장,서울특별시 강동구 구천면로34길 35,37.5425412065019,127.133193362459
총각네,seafood,88,마포시장,서울특별시 마포구 만리재로 23,37.5448057053008,126.953752625102
실리수산,seafood,41,신성종합시장(건물형),서울특별시 광진구 영화사로 8,37.5582876891684,127.088323832633
궁중떡방아간,ricecake,70,비단길현대시장,서울특별시 금천구 독산로39길 23,37.4585046186158,126.904198237705
형제떡방아간,ricecake,8,화곡본동시장,서울특별시 강서구 초록마을로2길 42,37.5434138652085,126.843687503829
피오니,flower,127,남부종합시장,서울특별시 서초구 방배중앙로27길 17,37.4949973251106,126.984813077027
풍년떡방아간,ricecake,8,화곡본동시장,서울특별시 강서구 화곡로32길 14,37.5429362773213,126.843643239212
청량리야채,greengrocer,186,중랑교종합상가,서울특별시 중랑구 중랑천로10길 49,37.5923179087221,127.075852214662
천원집,greengrocer,31,수유재래시장,서울특별시 강북구 수유로12길 81,37.6315331965605,127.022295204317
부흥축산,butcher,141,만리시장,서울특별시 용산구 효창원로 270,37.5513324117351,126.963695983216
정림축산,butcher,116,마천시장,서울특별시 송파구 마천로45길 31,37.4984337357999,127.151005371673
송림반찬,sidedish,71,별빛남문시장,서울특별시 금천구 시흥대로148길 36,37.4749182208639,126.900785737511
오복떡집,ricecake,17,둔촌역전통시장,서울특별시 강동구 양재대로91길 17,37.5278708863627,127.134988692467
신구로상회,sidedish,72,구로시장,서울특별시 구로구 구로동로22길 16,37.4893923943694,126.885275517281
행복유통,greengrocer,102,경동광성상가,서울특별시 동대문구 고산자로 464,37.5809924017088,127.038809078
반찬천국,sidedish,109,목동깨비시장 (목3동시장),서울특별시 양천구 목동중앙북로 16,37.5483149010773,126.865302619826
명희네젓갈,sidedish,78,화양제일골목시장,서울특별시 광진구 아차산로29길 55,37.5433259194871,127.069092458967
조은유통야채,greengrocer,47,원당종합시장,서울특별시 관악구 인헌길 38,37.4738379056091,126.966616279146
쌍둥이반찬,sidedish,188,면목골목시장,서울특별시 중랑구 사가정로50길 86,37.5773376235827,127.084372782744
빨강오뎅,sidedish,64,창동신창시장,서울특별시 도봉구 덕릉로57길 38,37.6401069899866,127.036653085867
꿀떡방,ricecake,199,공릉동도깨비시장,서울특별시 노원구 동일로178길 59-39,37.6227972203473,127.07763894078
예당떡방,ricecake,134,신응암시장,서울특별시 은평구 응암로22길 3-1,37.5939090370827,126.918699732705
중국식품,sidedish,43,능동로골목시장,서울특별시 광진구 뚝섬로30길 9,37.5356150105802,127.06621150293
고향의맛,sidedish,117,정릉시장,서울특별시 성북구 보국문로11길 8,37.6085957685147,127.009547298789
성우상회,sidedish,196,황학시장,서울특별시 중구 퇴계로87길 23-14,37.5667072315125,127.020453503715
명신상회,sidedish,21,용산용문시장,서울특별시 용산구 효창원로40길 11,37.536689883238,126.95972037897
순이네,greengrocer,199,공릉동도깨비시장,서울특별시 노원구 동일로180길 53,37.6228606088784,127.077151922262
웰빙마트,greengrocer,119,장위전통시장,서울특별시 성북구 장위로38길 45-2,37.6113240292481,127.05126055915
청호축산,butcher,50,우림시장,서울특별시 관악구 난곡로26길 10,37.4705271414924,126.920427487195
낙원떡집,ricecake,137,후암시장,서울특별시 용산구 한강대로104길 83,37.5503626466824,126.976857620578
불란집,greengrocer,175,통인시장,서울특별시 종로구 자하문로15길 23,37.5806164559695,126.969625369455
해방촌방앗간,ricecake,140,신흥시장,서울특별시 용산구 신흥로 87,37.5456247822903,126.985594921978
그린야채,greengrocer,34,성내전통시장,서울특별시 강동구 천호대로162길 76,37.5335826071749,127.127441218876
기똥찬수산,seafood,108,우성상가시장,서울특별시 양천구 지양로10길 10,37.5231910873032,126.83391049801
도래울부대찌개,sidedish,23,방신전통시장,서울특별시 강서구 방화동로16길 19,37.5709841394365,126.812591358201
풍년떡집,ricecake,21,용산용문시장,서울특별시 용산구 효창원로40길 24,37.5362214668692,126.960026120501
제일종합식품,greengrocer,76,가리봉시장,서울특별시 구로구 우마3길 22,37.4816207377277,126.889515914136
마마쿡신대방삼거리역점,sidedish,90,성대전통시장,서울특별시 동작구 상도로 83,37.4999059990568,126.929884527206
부흥,butcher,95,청량리전통시장,서울특별시 동대문구 왕산로37길 11,37.5806121700958,127.043982643062
코끼리농수산,greengrocer,51,관악신사시장,서울특별시 관악구 신사로14길 70,37.4855085572687,126.916985647871
문화정육점,butcher,30,백년시장(강북종합시장과별개의시장) 구 강북종합전통시장,서울특별시 강북구 한천로144길 7,37.6415244871484,127.025436705405
부덕농산,greengrocer,101,경동시장,서울특별시 동대문구 고산자로36길 4,37.5787579596422,127.038739993053
총각네동부,greengrocer,139,이촌종합시장,서울특별시 용산구 이촌로75길 10-3,37.5203948467901,126.974355606613
산들바람떡집,ricecake,108,우성상가시장,서울특별시 양천구 지양로 75,37.5221811558811,126.833335809641
채송;화,flower,141,만리시장,서울특별시 용산구 만리재로 152-1,37.5525488456866,126.963978315597
한가네낙원떡집,ricecake,71,별빛남문시장,서울특별시 금천구 시흥대로148길 38-6,37.474801080251,126.900774587199
종가떡집,ricecake,30,백년시장(강북종합시장과별개의시장) 구 강북종합전통시장,서울특별시 강북구 한천로144길 32,37.6422540449189,127.026524681357
과일야채가락시장,greengrocer,41,신성종합시장(건물형),서울특별시 광진구 용마산로 45,37.5575853761409,127.087700532596
남해건어물,seafood,33,고분다리전통시장,서울특별시 강동구 구천면로34길 32,37.542334206703,127.132989317992
미도식품,sidedish,143,영신상가,서울특별시 영등포구 영등포로45길 9-2,37.5203438145318,126.908044503599
대풍정육점,butcher,67,방학동도깨비시장,서울특별시 도봉구 도당로13가길 8,37.6655869790945,127.036008237586
동현상회,sidedish,77,신성골목시장,서울특별시 광진구 영화사로 18,37.5575752042991,127.089251039301
인헌수산,seafood,47,원당종합시장,서울특별시 관악구 남부순환로248길 36,37.4744593007343,126.965564627329
수억상회,sidedish,98,청량리종합시장,서울특별시 동대문구 고산자로38길 30,37.5800909498126,127.040178458874
강남떡집,ricecake,39,강남시장,서울특별시 강남구 압구정로2길 46,37.5187650050546,127.020677958375
대명상회,seafood,132,대림골목시장,서울특별시 은평구 응암로12길 9-10,37.5882863580684,126.917992543672
해가든떡사랑,ricecake,17,둔촌역전통시장,서울특별시 강동구 양재대로91길 34,37.5282772385668,127.134197499211
구수한통닭&한방족발,butcher,85,아현시장,서울특별시 마포구 굴레방로9길 3,37.5567896665122,126.955533390824
대림유통,sidedish,147,대림중앙시장,서울특별시 영등포구 디지털로53길 25-2,37.4926220965294,126.899676771319
건융,seafood,114,방이시장,서울특별시 송파구 백제고분로48길 42,37.5101579099749,127.117436842739
낙원떡집,ricecake,14,은행나무시장,서울특별시 금천구 금하로23길 10,37.451660542047,126.908772844399
강북수산,seafood,26,우이시장,서울특별시 강북구 한천로162길 19,37.6463098016666,127.019750121118
고기요,butcher,80,자양전통시장,서울특별시 광진구 자양로15길 87,37.5347152586576,127.078848668672
가마솥김구이,sidedish,32,수유시장,서울특별시 강북구 도봉로67길 18,37.6307312477932,127.022668813232
샘물반찬,sidedish,66,쌍문시장,서울특별시 도봉구 도봉로113길 25,37.6482980959556,127.032702448941
명가떡집,ricecake,112,새마을시장,서울특별시 송파구 석촌호수로12길 7,37.5090229786877,127.085596517944
종로떡,ricecake,182,장미제일시장,서울특별시 중랑구 동일로143길 43,37.6049856199603,127.076193495874
전라도반찬홍어,sidedish,116,마천시장,서울특별시 송파구 마천로51가길 26,37.4985503596158,127.151401412178
제일수산,seafood,109,목동깨비시장 (목3동시장),서울특별시 양천구 목동중앙북로 24-1,37.5481536483657,126.866117678191
우리농산물,greengrocer,21,용산용문시장,서울특별시 용산구 새창로 114-11,37.5370323249479,126.959901227602
다맛나,sidedish,199,공릉동도깨비시장,서울특별시 노원구 동일로180길 24,37.6223750370199,127.075667521668
금호치킨,butcher,125,금남시장,서울특별시 성동구 금호산2길 30,37.5488039919295,127.022768458598
상주기름,sidedish,64,창동신창시장,서울특별시 도봉구 덕릉로57길 10,37.6393407484218,127.037933004952
나눔상회,greengrocer,112,새마을시장,서울특별시 송파구 석촌호수로12길 8,37.5092572068624,127.085642026826
참맛닭곰탕,butcher,11,망원시장,서울특별시 마포구 망원로8길 36,37.5559228003819,126.906133430627
무침상회,sidedish,152,신영시장,서울특별시 양천구 곰달래로13길 31,37.5324472158436,126.835949094462
맛있는반찬,sidedish,80,자양전통시장,서울특별시 광진구 자양로15길 79,37.5348049643695,127.079437102191
경창떡방아간,ricecake,151,경창시장,서울특별시 양천구 중앙로53길 56,37.524997116062,126.843454432177
명가젓갈,seafood,101,경동시장,서울특별시 동대문구 고산자로36길 3,37.5790371332837,127.039147690267
수유상회,sidedish,31,수유재래시장,서울특별시 강북구 도봉로71길 33,37.6310467046124,127.022079811972
여수반찬,sidedish,78,화양제일골목시장,서울특별시 광진구 아차산로29길 52,37.5430915005743,127.069363813812
청룡상회,sidedish,101,경동시장,서울특별시 동대문구 고산자로36길 3,37.5790371332837,127.039147690267
다솜,sidedish,171,대림상가,서울특별시 중구 을지로 154-3,37.5664025624344,126.995087556998
국민떡집,ricecake,199,공릉동도깨비시장,서울특별시 노원구 동일로180길 25,37.6225282120057,127.075656349427
신촌꽃게장,seafood,130,광장시장,서울특별시 종로구 창경궁로 88,37.570114766493,126.999705691574
어스키친국과반찬,sidedish,6,영천시장,서울특별시 종로구 송월길 99,37.5708565896375,126.962350787873
행복한떡집,ricecake,65,백운시장,서울특별시 도봉구 삼양로154길 41,37.6558067985792,127.015491597221
삼원떡방,ricecake,40,중곡제일시장(이오상사),서울특별시 광진구 긴고랑로9길 25,37.5646628014193,127.081268473336
코스모스글로벌,seafood,96,청량리농수산물시장,서울특별시 동대문구 경동시장로 20-1,37.5807754835431,127.0408241333
아낌없이주는청년들,greengrocer,139,이촌종합시장,서울특별시 용산구 이촌로 248,37.5197009728957,126.973892054768
고궁떡집,ricecake,30,백년시장(강북종합시장과별개의시장) 구 강북종합전통시장,서울특별시 강북구 한천로144길 16,37.641722600149,127.025912650213
예원떡방,ricecake,19,포방터시장,서울특별시 서대문구 홍은중앙로 105,37.5998993725748,126.948498150685
우리동네과일야채고분다리,greengrocer,33,고분다리전통시장,서울특별시 강동구 구천면로34길 30,37.5423163268697,127.132864817462
하림옛날통닭,butcher,85,아현시장,서울특별시 마포구 마포대로21길 65,37.5558254324153,126.955092585482
삼대원,seafood,160,신중부시장,서울특별시 중구 을지로32길 24,37.5657088976857,127.000056594441
유진,greengrocer,200,암사종합시장,서울특별시 강동구 올림픽로98길 8-15,37.5505112824882,127.128454579541
정육에반하다,butcher,150,신정제일시장,서울특별시 양천구 중앙로 260,37.5196128611603,126.853386227476
하루찬,sidedish,63,창동골목시장,서울특별시 도봉구 덕릉로58길 23,37.638349106633,127.039631985521
전라도반찬,sidedish,129,유진상가,서울특별시 서대문구 통일로 468,37.5902652037301,126.942911423346
제일떡집,ricecake,35,명일전통시장,서울특별시 강동구 양재대로138길 20,37.5495281148795,127.144952250844
정읍화원,flower,179,동대문종합시장,서울특별시 종로구 종로41길 13,37.5718535082951,127.006508895346
이가네떡마을,ricecake,62,답십리시장,서울특별시 동대문구 전농로 94,37.573182031695,127.057777374853
서울식육점,butcher,62,답십리시장,서울특별시 동대문구 전농로 94,37.573182031695,127.057777374853
낙원떡,ricecake,152,신영시장,서울특별시 양천구 월정로29길 15-1,37.5330037819336,126.834477064289
혜경이네견과류,greengrocer,190,동원시장,서울특별시 중랑구 면목로74길 26,37.5892544027591,127.088949180008
우농주,butcher,21,용산용문시장,서울특별시 용산구 원효로41길 63,37.535645035605,126.960648716995
박기철떡공방연회,ricecake,1,상계중앙시장,서울특별시 노원구 상계로23다길 13-8,37.6600040801583,127.069257113816
한가네수라간,sidedish,27,수유중앙시장,서울특별시 강북구 노해로17길 43,37.6404623745773,127.019986507652
완도반찬,sidedish,116,마천시장,서울특별시 송파구 마천로45길 23,37.4980737243928,127.150699312878
신선수산,seafood,196,황학시장,서울특별시 중구 퇴계로85길 42,37.5676353766794,127.019751968371
르와이즈,flower,37,청담삼익시장,서울특별시 강남구 학동로101길 26,37.5224468696354,127.05762510496
천원집,greengrocer,31,수유재래시장,서울특별시 강북구 수유로12길 81,37.6315331965605,127.022295204317
대영상회,sidedish,20,대조시장,서울특별시 은평구 불광로 9,37.6095919298111,126.927380673597
정선상회,greengrocer,32,수유시장,서울특별시 강북구 도봉로69길 27,37.630758369959,127.022181685383
담꾹까치산역점,sidedish,60,까치산시장,서울특별시 강서구 강서로 40,37.5315251765307,126.84712905851
봉천떡집,ricecake,101,경동시장,서울특별시 동대문구 왕산로 147,37.5787846849648,127.03965699709
북부축산물공판장,butcher,65,백운시장,서울특별시 도봉구 삼양로154길 34,37.6555275382313,127.015151563947
나주반찬,sidedish,71,별빛남문시장,서울특별시 금천구 시흥대로142길 23,37.47332324536,126.900561747086
이조된장,sidedish,73,남구로시장,서울특별시 구로구 구로동로26길 42,37.4900061383709,126.886371401226
자양김,sidedish,80,자양전통시장,서울특별시 광진구 자양로15길 79,37.5348049643695,127.079437102191
건어물나라,seafood,116,마천시장,서울특별시 송파구 마천로45길 24,37.4978484735646,127.150698860225
아침마을,greengrocer,132,대림골목시장,서울특별시 은평구 응암로12길 12,37.5877457236822,126.91793652571
재웅떡집,ricecake,191,동원전통종합시장,서울특별시 중랑구 상봉로11길 30,37.5900900254144,127.091950657037
남해안멸치,seafood,90,성대전통시장,서울특별시 동작구 성대로6길 32,37.49874467685,126.93154800235
철이네청과,greengrocer,183,태능엔터피아,서울특별시 중랑구 중랑역로 57,37.5988671038753,127.077410238007
수옥떡방앗간,ricecake,63,창동골목시장,서울특별시 도봉구 덕릉로58길 20,37.6383402066976,127.039303413784
은혜떡집,ricecake,188,면목골목시장,서울특별시 중랑구 면목로35길 15,37.5782020896633,127.085053004724
해인상회,seafood,196,황학시장,서울특별시 중구 퇴계로85길 49,37.5679778020511,127.019469078009
삼환씨푸드,seafood,89,공덕시장,서울특별시 마포구 만리재로 14,37.543994443643,126.952836562373
늘푸른생선,seafood,33,고분다리전통시장,서울특별시 강동구 구천면로34길 12,37.5423353618578,127.131959623581
믿음물산,greengrocer,103,서울약령시장,서울특별시 동대문구 약령중앙로6길 5,37.5808937312428,127.037450484473
춘향골반찬,sidedish,42,광성시장,서울특별시 광진구 능동로47길 15-1,37.5631579048182,127.081606393567
우리축산물,butcher,111,목사랑시장 (목4동시장),서울특별시 양천구 목동중앙본로7길 37-20,37.5388106296929,126.866417255115
우리떡사랑,ricecake,12,남성사계시장,서울특별시 동작구 동작대로29길 24,37.4882211415309,126.980653404441
고기파는청년들,butcher,73,남구로시장,서울특별시 구로구 구로동로26길 42,37.4900061383709,126.886371401226
베스트마트,seafood,71,별빛남문시장,서울특별시 금천구 독산로85길 36,37.4728372032559,126.901161548779
성훈축산,butcher,62,답십리시장,서울특별시 동대문구 전농로 94,37.573182031695,127.057777374853
하이푸드,butcher,73,남구로시장,서울특별시 구로구 구로동로28길 51,37.4909618551163,126.887048409103
반찬,sidedish,134,신응암시장,서울특별시 은평구 응암로22길 5-4,37.5940262749782,126.91885812958
호수축산유통,butcher,124,마장축산물시장,서울특별시 성동구 마장로37길 45-1,37.5694408914648,127.041055654631
건거니,sidedish,193,우림골목시장,서울특별시 중랑구 망우로66길 72,37.5963098690212,127.09936389074
우리떡집,ricecake,115,마천중앙시장,서울특별시 송파구 마천로45길 16,37.497326510908,127.150211543736
태림식품,sidedish,67,방학동도깨비시장,서울특별시 도봉구 도당로13가길 7,37.6656681328918,127.035792929848
장수떡집,ricecake,197,연서시장,서울특별시 은평구 통일로 850,37.6193188042072,126.921447188818
오복떡집,ricecake,1,상계중앙시장,서울특별시 노원구 상계로27길 20,37.6594447740357,127.070435236837
경북건어물,seafood,193,우림골목시장,서울특별시 중랑구 망우로62길 56,37.5967520943915,127.098481239202
산골,sidedish,170,청계상가,서울특별시 중구 청계천로 160,37.5680513958128,126.995359110538
진수산,seafood,93,남성역골목시장,서울특별시 동작구 사당로16가길 12,37.4830658002314,126.972683715418
이촌유기농,greengrocer,139,이촌종합시장,서울특별시 용산구 이촌로75길 10-7,37.5203048075613,126.974638438069
이순금반찬,sidedish,9,봉천제일종합시장,서울특별시 관악구 청룡2길 33,37.4813799071701,126.944204126099
킴스,sidedish,70,비단길현대시장,서울특별시 금천구 독산로39길 37,37.4579725993649,126.903678995573
은혜유통,seafood,6,영천시장,서울특별시 서대문구 통일로 187,37.5701357065699,126.962079481363
소담떡,ricecake,47,원당종합시장,서울특별시 관악구 남부순환로248길 65-1,37.4732251160375,126.966254794056
떡사랑,ricecake,9,봉천제일종합시장,서울특별시 관악구 남부순환로208길 10,37.4816858031868,126.943265484045
스위트드림플라워,flower,200,암사종합시장,서울특별시 강동구 올림픽로 776,37.5501428676898,127.127537308633
대박수산,seafood,58,남부골목시장,서울특별시 강서구 등촌로5길 41,37.5329931105692,126.861155338643
중앙반찬,sidedish,1,상계중앙시장,서울특별시 노원구 상계로27길 11,37.6591023944612,127.070446246426
알뜰정육,butcher,1,상계중앙시장,서울특별시 노원구 상계로27길 7,37.6589131071329,127.070582063823
수제어묵,sidedish,111,목사랑시장 (목4동시장),서울특별시 양천구 목동중앙남로 43,37.5377384934767,126.866464426301
해승미트,butcher,142,보광시장,서울특별시 용산구 보광로 30,37.5271911891565,127.000294139709
면목과일,greengrocer,189,면목시장,서울특별시 중랑구 면목로37길 13,37.578976567376,127.085574646767
경흥청과,greengrocer,198,돈암시장,서울특별시 성북구 동소문로18길 15,37.5917014835494,127.016067086521
지현이네반찬가게,sidedish,35,명일전통시장,서울특별시 강동구 상암로49길 63,37.5493568979158,127.144974552089
수유부각앤한과,sidedish,28,수유프라자,서울특별시 강북구 도봉로71길 17,37.6312267132564,127.023065472334
돈암야채,greengrocer,198,돈암시장,서울특별시 성북구 동소문로 86-11,37.5917917011285,127.015172601786
작은꽃,flower,139,이촌종합시장,서울특별시 용산구 이촌로65가길 72,37.5208364668559,126.974954997084
에밀리아뜰리에,flower,39,강남시장,서울특별시 강남구 강남대로158길 32,37.5195127045943,127.02142475051
반찬,sidedish,23,방신전통시장,서울특별시 강서구 방화동로16길 50,37.5722538161322,126.812135382166
거창상회,seafood,143,영신상가,서울특별시 영등포구 영중로14길 23,37.519974262712,126.907863965556
정선떡집,ricecake,135,대림시장,서울특별시 은평구 응암로4길 22,37.5867905383524,126.917745099051
대흥생선,seafood,187,사가정시장,서울특별시 중랑구 면목로44길 36,37.5809280143091,127.090546881927
광주상회,greengrocer,100,동서시장,서울특별시 동대문구 경동시장로 3-1,37.579342891889,127.040857313959
대박축산,butcher,47,원당종합시장,서울특별시 관악구 남부순환로248길 19,37.4751080803801,126.965745213023
성제물산,sidedish,103,서울약령시장,서울특별시 동대문구 약령동길 31,37.5797223493713,127.03773292296
오늘뭐먹지,sidedish,186,중랑교종합상가,서울특별시 중랑구 망우로32길 28,37.5926959084869,127.076498007694
대전상회,greengrocer,96,청량리농수산물시장,서울특별시 동대문구 고산자로40길 27,37.5809018286219,127.040224179373
전통식품,sidedish,108,우성상가시장,서울특별시 양천구 지양로 90,37.5231978755831,126.832338052382
오렌지나라,greengrocer,195,자유상가,서울특별시 중구 퇴계로 77,37.5603554126478,126.980770585183
오일장터,greengrocer,47,원당종합시장,서울특별시 관악구 남부순환로248길 29,37.4747206461662,126.965745389847
황금축산,butcher,30,백년시장(강북종합시장과별개의시장) 구 강북종합전통시장,서울특별시 강북구 한천로144길 26,37.6420288495783,127.02629799214
착한떡시루,ricecake,118,정릉아리랑시장,서울특별시 성북구 정릉로26길 8,37.6038654592081,127.01084903091
다농,greengrocer,125,금남시장,서울특별시 성동구 독서당로 294,37.5479572680423,127.021625264533
인엽이네반찬,sidedish,132,대림골목시장,서울특별시 은평구 응암로 169,37.5872219394279,126.916216135184
명가축산,butcher,73,남구로시장,서울특별시 구로구 구로동로26길 55,37.4901151040604,126.88725321851
대성상사,sidedish,174,남대문시장,서울특별시 중구 남대문시장4길 3,37.5600755685074,126.977726105498
은영농원,flower,179,동대문종합시장,서울특별시 종로구 종로41길 3,37.5714300386919,127.006542817754
생선파는청년들,seafood,112,새마을시장,서울특별시 송파구 석촌호수로 78,37.5093289912447,127.086049282019
암사떡사랑,ricecake,200,암사종합시장,서울특별시 강동구 올림픽로98길 15,37.5514026392935,127.12903326187
재일,seafood,95,청량리전통시장,서울특별시 동대문구 왕산로35길 34,37.581234239082,127.042941455176
영남농산,sidedish,160,신중부시장,서울특별시 중구 을지로32길 35,37.5650331496008,127.000486707793
행복한고기마을주,butcher,82,노룬산골목시장,서울특별시 광진구 뚝섬로 493,37.5362733008977,127.065205100177
중앙상회,sidedish,27,수유중앙시장,서울특별시 강북구 노해로17길 21,37.640336029202,127.021176144851
수유어묵공장,sidedish,31,수유재래시장,서울특별시 강북구 도봉로71길 23,37.6312718502695,127.022612333318
장위떡집,ricecake,119,장위전통시장,서울특별시 성북구 장위로38길 50-1,37.6110448062085,127.051067829679
초원상회,greengrocer,8,화곡본동시장,서울특별시 강서구 화곡로 202,37.5434314202736,126.84333668642
소문난떡집,ricecake,199,공릉동도깨비시장,서울특별시 노원구 동일로180길 33,37.6226631197317,127.076030294152
형제떡방앗간,ricecake,65,백운시장,서울특별시 도봉구 삼양로154길 30,37.6555005433822,127.014879578357
동북정육,butcher,147,대림중앙시장,서울특별시 영등포구 디지털로37나길 10,37.4907565712579,126.899159118473
궁중명가떡집,ricecake,152,신영시장,서울특별시 양천구 곰달래로13길 34,37.532753712082,126.836061562067
우림조경,flower,84,연희사러가,서울특별시 서대문구 연희맛로 18,37.5667151887831,126.929844592144
한우1번지,butcher,187,사가정시장,서울특별시 중랑구 면목로44길 10,37.5812264872417,127.089041519363
자매반찬나라,sidedish,128,인왕시장,서울특별시 서대문구 인왕시장길 18,37.5910853841597,126.943488256032
고기사랑,butcher,78,화양제일골목시장,서울특별시 광진구 아차산로29길 57,37.5434069298551,127.069228319889
소문난떡집,ricecake,147,대림중앙시장,서울특별시 영등포구 디지털로37나길 20,37.4913609278893,126.899961149499
우리건어물,seafood,123,뚝도시장,서울특별시 성동구 성덕정길 93,37.5377295955832,127.053936970825
강경젓갈,seafood,199,공릉동도깨비시장,서울특별시 노원구 동일로180길 33,37.6226631197317,127.076030294152
오빠네한우마을,butcher,199,공릉동도깨비시장,서울특별시 노원구 동일로180길 28,37.6224109746857,127.075826142772
종로떡집,ricecake,197,연서시장,서울특별시 은평구 연서로 260,37.6199509447833,126.92365530895
떡고을,ricecake,67,방학동도깨비시장,서울특별시 도봉구 도당로13가길 12,37.6656770459707,127.036110287555
장모님반찬,sidedish,88,마포시장,서울특별시 마포구 만리재로 23,37.5448057053008,126.953752625102
황학물산,greengrocer,131,신설종합시장,서울특별시 종로구 종로66가길 16,37.5736538161698,127.020964807471
건오상회,seafood,73,남구로시장,서울특별시 구로구 구로동로26길 36,37.4900418300414,126.886009508606
좋은과일,greengrocer,50,우림시장,서울특별시 관악구 난곡로24길 16,37.4695362358078,126.920733755507
낙원떡집,ricecake,61,대원종합시장,서울특별시 강서구 강서로39길 17,37.5441161254341,126.836647727359
정우엠케이주,butcher,86,마포농수산물시장,서울특별시 마포구 월드컵로 235,37.5651967331886,126.898481601096
창민건어물,seafood,82,노룬산골목시장,서울특별시 광진구 뚝섬로25길 8,37.5364804808794,127.065295796307
중국식품,sidedish,76,가리봉시장,서울특별시 구로구 우마2길 21,37.4821880227882,126.889141971886
도깨비상회,sidedish,67,방학동도깨비시장,서울특별시 도봉구 도당로15길 14,37.666253502192,127.03666593962
맷돌손두부,sidedish,128,인왕시장,서울특별시 서대문구 통일로40안길 3-1,37.5904276601433,126.943488753343
부부떡집,ricecake,6,영천시장,서울특별시 서대문구 통일로 205-3,37.5712525076646,126.960754507157
신곡반찬,sidedish,107,신곡종합시장,서울특별시 양천구 남부순환로79길 33,37.5179866795559,126.842971365101
금옥이네,sidedish,27,수유중앙시장,서울특별시 강북구 노해로17길 21,37.640336029202,127.021176144851
참마시떡,ricecake,80,자양전통시장,서울특별시 광진구 자양로13나길 34,37.5345796534628,127.079527376637
다온축산,butcher,47,원당종합시장,서울특별시 관악구 인헌6길 9,37.4738648169909,126.966197981339
진흥상회,seafood,197,연서시장,서울특별시 은평구 통일로 850,37.6193188042072,126.921447188818
쌍둥이닭집,butcher,65,백운시장,서울특별시 도봉구 삼양로154길 31,37.6556176581712,127.014981594427
인차,sidedish,103,서울약령시장,서울특별시 동대문구 약령동길 77,37.5818757312407,127.037711367064
신송반찬,sidedish,111,목사랑시장 (목4동시장),서울특별시 양천구 목동중앙본로7길 37-20,37.5388106296929,126.866417255115
경북상회,greengrocer,102,경동광성상가,서울특별시 동대문구 고산자로38길 21-9,37.5804605598997,127.039578638119
명품한우고기장수,butcher,152,신영시장,서울특별시 양천구 곰달래로13길 23,37.5318890526971,126.836278416142
서울꽃방,flower,106,답십리건축자재시장,서울특별시 동대문구 고미술로 49,37.5674627353815,127.053482998352
착한탕국,sidedish,47,원당종합시장,서울특별시 관악구 남부순환로248길 19,37.4751080803801,126.965745213023
강동수산,seafood,160,신중부시장,서울특별시 중구 을지로28길 15,37.5658080037068,126.999083168846
착한정육,butcher,97,청량리청과물시장,서울특별시 동대문구 왕산로 173,37.5795585589638,127.042476332466
365굿데이,flower,127,남부종합시장,서울특별시 서초구 동광로11길 72,37.4943937371438,126.985502994363
연희조경,flower,84,연희사러가,서울특별시 서대문구 연희맛로 22,37.5669406188018,126.930149995678
낙원떡집,ricecake,189,면목시장,서울특별시 중랑구 면목로39길 11,37.5795436654972,127.086299838454
싱싱과일수산물,greengrocer,36,길동복조리시장,서울특별시 강동구 천중로52길 16,37.5401230132843,127.143870430864
꽃사담고,flower,193,우림골목시장,서울특별시 중랑구 봉우재로65길 50,37.5972392220621,127.097768490741
반찬천국,sidedish,189,면목시장,서울특별시 중랑구 면목로39길 11,37.5795436654972,127.086299838454
무안반찬,sidedish,31,수유재래시장,서울특별시 강북구 도봉로71길 23,37.6312718502695,127.022612333318
거여기름,sidedish,115,마천중앙시장,서울특별시 송파구 마천로45길 8,37.4966515188452,127.149610844053
만나떡집,ricecake,37,청담삼익시장,서울특별시 강남구 학동로101길 26,37.5224468696354,127.05762510496
재호축산,butcher,30,백년시장(강북종합시장과별개의시장) 구 강북종합전통시장,서울특별시 강북구 한천로144길 32,37.6422540449189,127.026524681357
우전축산물전문판매장정육식당,butcher,115,마천중앙시장,서울특별시 송파구 거마로22길 30-1,37.4976692226363,127.149952132384
한식부페,sidedish,41,신성종합시장(건물형),서울특별시 광진구 영화사로 8,37.5582876891684,127.088323832633
아름야채,greengrocer,119,장위전통시장,서울특별시 성북구 장위로38길 55-2,37.6108734806843,127.051384832924
신라정선,sidedish,59,남부화곡시장,서울특별시 강서구 등촌로5길 80,37.5330715859976,126.858948973867
할매반찬,sidedish,76,가리봉시장,서울특별시 구로구 우마3길 10,37.4814669833799,126.888894301569
대박집,greengrocer,132,대림골목시장,서울특별시 은평구 응암로12길 6,37.5879164537371,126.917279647937
생과자점,sidedish,51,관악신사시장,서울특별시 관악구 신사로14길 48,37.4865174705608,126.916679244486
용진상회,sidedish,42,광성시장,서울특별시 광진구 동일로70길 47,37.5640332534824,127.079581313327
원당슈퍼,greengrocer,47,원당종합시장,서울특별시 관악구 남부순환로248길 30,37.4747566207958,126.96551927029
정애맛담민속떡집,ricecake,12,남성사계시장,서울특별시 동작구 동작대로29나길 10,37.4884013486531,126.980687279607
특-4호,sidedish,195,자유상가,서울특별시 중구 남대문로 36,37.5609589140821,126.979774431178
김씨네떡집,ricecake,46,신림중앙시장,서울특별시 관악구 남부순환로143길 29,37.482620577902,126.910476391968
진미반찬,sidedish,141,만리시장,서울특별시 용산구 효창원로 270,37.5513324117351,126.963695983216
고향떡집,ricecake,31,수유재래시장,서울특별시 강북구 도봉로71길 26,37.6315331901336,127.022329190906
우진정육,sidedish,23,방신전통시장,서울특별시 강서구 방화동로16길 19,37.5709841394365,126.812591358201
옛날한과,greengrocer,23,방신전통시장,서울특별시 강서구 방화동로16길 25,37.5711731496933,126.812466367904
성심상회,greengrocer,73,남구로시장,서울특별시 구로구 구로동로26길 36,37.4900418300414,126.886009508606
스마일꽃집,flower,174,남대문시장,서울특별시 중구 남대문시장4길 21,37.5591835687093,126.977658463626
월드축산물판매장,butcher,87,망원동월드컵시장,서울특별시 마포구 망원로7길 24,37.5586612596434,126.905416972934
공가네찬,sidedish,122,용답상가시장,서울특별시 성동구 용답중앙길 51,37.5646793859701,127.051851111153
사임당떡고을,ricecake,43,능동로골목시장,서울특별시 광진구 뚝섬로32길 23,37.5344522287187,127.067081665271
국제화원,flower,66,쌍문시장,서울특별시 도봉구 도봉로113길 12,37.6481717260943,127.033529585029
강경반찬,sidedish,40,중곡제일시장(이오상사),서울특별시 광진구 긴고랑로9길 7,37.5639062683217,127.080826225625
명신상회,greengrocer,101,경동시장,서울특별시 동대문구 고산자로36길 3,37.5790371332837,127.039147690267
총각네야채가게,greengrocer,33,고분다리전통시장,서울특별시 강동구 구천면로34길 6,37.5423448641483,127.131518341785
대인상회,seafood,95,청량리전통시장,서울특별시 동대문구 왕산로 183,37.5799185520045,127.043585998709
한솔이네젓갈가게,seafood,129,유진상가,서울특별시 서대문구 인왕시장길 24,37.5912114415656,126.943318319499
떡마루,ricecake,40,중곡제일시장(이오상사),서울특별시 광진구 긴고랑로9길 23,37.5645367010148,127.081211742811
삼촌네착한한우,butcher,102,경동광성상가,서울특별시 동대문구 약령시로14길 40,37.5811365047191,127.03897897114
현대떡방앗간,ricecake,38,신사상가,서울특별시 강남구 압구정로29길 72-1,37.5322874414761,127.028409040498
푸른유통,seafood,123,뚝도시장,서울특별시 성동구 성덕정15길 6-57,37.5382880235734,127.054356018459
착한고기집,butcher,116,마천시장,서울특별시 송파구 마천로45길 36-1,37.4987753783765,127.151582806758
중부상회,seafood,104,전농로터리시장,서울특별시 동대문구 전농로15길 21,37.5778407036592,127.056682864231
밥맛나는반찬,sidedish,120,돌곶이시장(구 석관황금시장),서울특별시 성북구 한천로73길 18,37.6097959853421,127.062415191581
맛드레,sidedish,20,대조시장,서울특별시 은평구 통일로67길 12,37.6107635965918,126.92800244844
여주반찬,sidedish,87,망원동월드컵시장,서울특별시 마포구 망원로7길 31,37.5587330668328,126.905077347303
구로향원두부공장,sidedish,72,구로시장,서울특별시 구로구 구로동로26길 11,37.4905182887374,126.884900646962
진축산물유통,butcher,63,창동골목시장,서울특별시 도봉구 덕릉로60다길 4,37.6386552998746,127.040051356119
플랜트닷컴,flower,138,이태원시장,서울특별시 용산구 녹사평대로32길 20-1,37.5334437144235,126.989975787055
오일장터,seafood,9,봉천제일종합시장,서울특별시 관악구 청룡2길 44-1,37.4815689045287,126.94375173827
동보한약초,sidedish,101,경동시장,서울특별시 동대문구 왕산로 139-10,37.5788118885768,127.039136251467
명자축산,butcher,190,동원시장,서울특별시 중랑구 상봉로11길 47,37.589739384645,127.090987811249
아부찌,sidedish,152,신영시장,서울특별시 양천구 곰달래로13길 34-1,37.532861737518,126.835993442153
복순이네장터,greengrocer,109,목동깨비시장 (목3동시장),서울특별시 양천구 목동중앙북로 10,37.5484223349354,126.864702664431
통큰우리정육점,butcher,116,마천시장,서울특별시 송파구 마천로45길 24,37.4978484735646,127.150698860225
형제떡집,ricecake,108,우성상가시장,서울특별시 양천구 지양로10길 3,37.5228117912239,126.833289157269
손여사건어물,seafood,121,길음시장,서울특별시 성북구 동소문로 227,37.6027827936487,127.021595826743
압구정낙원떡집,ricecake,38,신사상가,서울특별시 강남구 압구정로29길 72-1,37.5322874414761,127.028409040498
대림야채청과,greengrocer,147,대림중앙시장,서울특별시 영등포구 대림로21길 14,37.4925953347967,126.899993426665
형제정육점,butcher,50,우림시장,서울특별시 관악구 난곡로26길 3,37.4707882971161,126.920223728336
구로상회,seafood,75,고척근린시장,서울특별시 구로구 고척로32길 11-10,37.502057251014,126.850152185118
반상,sidedish,89,공덕시장,서울특별시 마포구 만리재로 19,37.5447874937523,126.953266060251
주희꽃,flower,199,공릉동도깨비시장,서울특별시 노원구 동일로180길 14,37.6219517907143,127.075327270459
낙원떡집,ricecake,91,성대시장,서울특별시 동작구 성대로2길 3,37.4996820684643,126.932146519
우영식자재마트,seafood,150,신정제일시장,서울특별시 양천구 중앙로34길 26-8,37.520722099496,126.854198526783
은희반찬,sidedish,70,비단길현대시장,서울특별시 금천구 독산로39길 38,37.458107621978,126.903520585345
뽀빠이치킨,butcher,125,금남시장,서울특별시 성동구 금호산2길 25,37.5490022894675,127.022361129914
달빛떡방,ricecake,151,경창시장,서울특별시 양천구 월정로 54,37.5245086181875,126.841984808472
이가떡방,ricecake,90,성대전통시장,서울특별시 동작구 국사봉1길 70,37.4982850326687,126.931322247891
생명나무,flower,54,인헌시장,서울특별시 관악구 낙성대역길 96,37.4742155355256,126.963914198159
일품고깃간,butcher,35,명일전통시장,서울특별시 강동구 양재대로 1614,37.5496104089834,127.143967879585
황해도떡집,ricecake,198,돈암시장,서울특별시 성북구 동소문로18길 12-3,37.5916654911251,127.015716071426
늘;봄날,flower,122,용답상가시장,서울특별시 성동구 용답중앙길 50,37.5645984202774,127.051568087062
참좋은농산,greengrocer,101,경동시장,서울특별시 동대문구 고산자로36길 3,37.5790371332837,127.039147690267
쌍둥이네한과,sidedish,112,새마을시장,서울특별시 송파구 석촌호수로12길 11,37.5089691638524,127.08525714714
상계떡방앗간,ricecake,1,상계중앙시장,서울특별시 노원구 한글비석로25길 16-2,37.6606971578522,127.07040242019
숯총각김,sidedish,116,마천시장,서울특별시 송파구 마천로45길 41,37.4992435804929,127.15183254762
행복가득찬,sidedish,33,고분다리전통시장,서울특별시 강동구 구천면로34길 17,37.5424522637191,127.132163506163
여수직매장,sidedish,19,포방터시장,서울특별시 서대문구 홍은중앙로 100-4,37.5992506840876,126.948555217656
대건반찬,sidedish,56,화곡중앙시장,서울특별시 강서구 월정로30길 72,37.5350744452787,126.839824125505
대구상회,greengrocer,160,신중부시장,서울특별시 중구 마른내로 95,37.5645105645886,126.99860779906
솔떡,ricecake,33,고분다리전통시장,서울특별시 강동구 구천면로34길 15,37.5424704229048,127.132039069189
푸른솔,sidedish,102,경동광성상가,서울특별시 동대문구 약령시로14길 50,37.5806950253591,127.038956098667
영덕회직판장,seafood,17,둔촌역전통시장,서울특별시 강동구 양재대로91길 20,37.5280601220839,127.134966407095
광장축산,butcher,192,중랑동부시장(동부골목시장),서울특별시 중랑구 봉우재로14길 4,37.5903074155105,127.077820308318
화광정육점,butcher,31,수유재래시장,서울특별시 강북구 도봉로71길 33,37.6310467046124,127.022079811972
제일야채,greengrocer,78,화양제일골목시장,서울특별시 광진구 아차산로29길 55,37.5433259194871,127.069092458967
과일향기,greengrocer,36,길동복조리시장,서울특별시 강동구 천중로52길 9,37.540320915301,127.144131057038
일호네,sidedish,84,연희사러가,서울특별시 서대문구 연희맛로 23,37.5671475587255,126.929663080986
만나식품,sidedish,152,신영시장,서울특별시 양천구 곰달래로13길 21,37.5316726720754,126.836177065549
낙원복떡집,ricecake,64,창동신창시장,서울특별시 도봉구 덕릉로57길 31,37.6398096050976,127.036845551808
바누아즈,flower,39,강남시장,서울특별시 강남구 압구정로2길 46,37.5187650050546,127.020677958375
부산어묵,sidedish,130,광장시장,서울특별시 종로구 창경궁로 88,37.570114766493,126.999705691574
싱싱생선,seafood,187,사가정시장,서울특별시 중랑구 면목로44길 12,37.5811812922804,127.08923392639
전통떡집,ricecake,198,돈암시장,서울특별시 성북구 동소문로 86-11,37.5917917011285,127.015172601786
바보언니,butcher,147,대림중앙시장,서울특별시 영등포구 디지털로37나길 18,37.491234643293,126.899791703383
의령상회,greengrocer,100,동서시장,서울특별시 동대문구 고산자로36길 39-1,37.5794060901652,127.040483756793
대림건어물,seafood,147,대림중앙시장,서울특별시 영등포구 디지털로37나길 16,37.491081309052,126.899599678809
현대건어물,seafood,47,원당종합시장,서울특별시 관악구 인헌6길 16,37.4740990244425,126.966005689879
현대식품,sidedish,64,창동신창시장,서울특별시 도봉구 덕릉로57길 40,37.6401791038914,127.036539819534
막퍼주는집,greengrocer,115,마천중앙시장,서울특별시 송파구 마천로41길 20,37.4970119202574,127.149611563041
총각네정육점,butcher,42,광성시장,서울특별시 광진구 능동로47길 15-1,37.5631579048182,127.081606393567
The좋은가게,greengrocer,196,황학시장,서울특별시 중구 퇴계로87길 49-10,37.567887537938,127.020442507231
쩡이네,butcher,160,신중부시장,서울특별시 중구 을지로32길 39,37.5648709702391,127.0004980255
과일야채,greengrocer,117,정릉시장,서울특별시 성북구 보국문로11길 27,37.608586835038,127.008550663968
신흥푸줏간,butcher,62,답십리시장,서울특별시 동대문구 전농로 97,37.5735516876311,127.057268257125
거성물산,butcher,173,숭례문수입상가,서울특별시 중구 남대문시장길 16-17,37.5596789755407,126.976922647285
싱싱마트농산물할인점,greengrocer,80,자양전통시장,서울특별시 광진구 자양로15길 76,37.5350482267357,127.07944867447
자양건어물,seafood,80,자양전통시장,서울특별시 광진구 자양로13나길 32,37.5344083566926,127.079685592881
찬찬찬,sidedish,185,동성타워프라자,서울특별시 중랑구 봉화산로54길 13,37.607203965021,127.098019360634
경수입코너,sidedish,28,수유프라자,서울특별시 강북구 도봉로71길 17,37.6312267132564,127.023065472334
유명닭집,butcher,107,신곡종합시장,서울특별시 양천구 신월로16길 5,37.517823972546,126.842575798637
두리반상,sidedish,45,노룬산시장(건물형),서울특별시 광진구 뚝섬로25길 14,37.5366247283491,127.065137519238
상주상회,sidedish,180,한일상가,서울특별시 중구 동호로 386-4,37.5689524578263,127.002422347095
제일상회,sidedish,101,경동시장,서울특별시 동대문구 고산자로36길 3,37.5790371332837,127.039147690267
고래수산,seafood,190,동원시장,서울특별시 중랑구 면목로74길 40,37.5894069455349,127.089775902025
노룬산건어물,seafood,45,노룬산시장(건물형),서울특별시 광진구 뚝섬로 491,37.5364807116084,127.064877161228
원앙떡방아간,ricecake,81,영동교골목시장,서울특별시 광진구 동일로10길 23,37.5383646184169,127.063373931418
맥반석구이김,sidedish,64,창동신창시장,서울특별시 도봉구 덕릉로57길 7,37.6391966054451,127.037887611558
꿀과일,greengrocer,189,면목시장,서울특별시 중랑구 면목로37길 6,37.5791113376698,127.086095563025
대성미트프라임,butcher,9,봉천제일종합시장,서울특별시 관악구 남부순환로208길 10,37.4816858031868,126.943265484045
오가축산,butcher,80,자양전통시장,서울특별시 광진구 자양로15길 69,37.5349578902622,127.079799319952
장군축산,butcher,42,광성시장,서울특별시 광진구 능동로47길 20,37.563347168618,127.081527370319
참살이푸드,sidedish,199,공릉동도깨비시장,서울특별시 노원구 동일로180길 59,37.6229324576807,127.077503150754
촌놈떡갈비,greengrocer,36,길동복조리시장,서울특별시 강동구 천중로52길 45,37.5387718204165,127.143618909006
부산상회,sidedish,135,대림시장,서울특별시 은평구 응암로4길 22,37.5867905383524,126.917745099051
서울축산유통,butcher,70,비단길현대시장,서울특별시 금천구 독산로35길 25,37.4583150665058,126.903780280433
한우마을,butcher,17,둔촌역전통시장,서울특별시 강동구 양재대로91길 35,37.5281423070447,127.134004933064
공주상회,sidedish,96,청량리농수산물시장,서울특별시 동대문구 경동시장로 24,37.5811088707067,127.040767709245
참맛기름집,sidedish,73,남구로시장,서울특별시 구로구 구로동로26길 51,37.4901509282603,126.887027015238
꽃이야나무야잠실송파,flower,112,새마을시장,서울특별시 송파구 백제고분로17길 22-3,37.5077702381914,127.086070113016
촌놈떡갈비,sidedish,12,남성사계시장,서울특별시 동작구 동작대로29길 34,37.4882390734691,126.980121961945
김포건어물,seafood,150,신정제일시장,서울특별시 양천구 중앙로34길 26-13,37.5209653555347,126.854186741325
민영활어공장,seafood,11,망원시장,서울특별시 마포구 포은로8길 21,37.556643417259,126.905906176465
프루타볼,greengrocer,66,쌍문시장,서울특별시 도봉구 도봉로115길 12,37.6487392549417,127.03384712151
공덕푸줏간,butcher,89,공덕시장,서울특별시 마포구 만리재로 19,37.5447874937523,126.953266060251
씨엘유니온,seafood,21,용산용문시장,서울특별시 용산구 원효로41길 53,37.535473674761,126.960139662814
종로떡집,ricecake,16,봉천현대시장,서울특별시 관악구 양녕로 49,37.4865978521268,126.946597316959
종로떡방,ricecake,1,상계중앙시장,서울특별시 노원구 상계로27길 12,37.6591562973726,127.070706957691
정윤푸드,butcher,108,우성상가시장,서울특별시 양천구 지양로10길 12,37.5233445591564,126.834125094768
입장상회농산물,greengrocer,72,구로시장,서울특별시 구로구 구로동로22길 17-5,37.4897079329453,126.885467260581
달다함,greengrocer,109,목동깨비시장 (목3동시장),서울특별시 양천구 목동중앙북로 27,37.5483163272679,126.866558720967
일상고기,butcher,188,면목골목시장,서울특별시 중랑구 사가정로50길 74,37.5778509058894,127.084769587201
떡떡샵,ricecake,12,남성사계시장,서울특별시 동작구 동작대로29나길 28,37.4892393006447,126.980777522594
엄마손반찬,sidedish,40,중곡제일시장(이오상사),서울특별시 광진구 긴고랑로9길 16-1,37.5642123115293,127.081256665304
해오름축산,butcher,181,종로신진시장,서울특별시 종로구 종로 248-2,37.5708354375802,127.005444758341
에프엠수산,seafood,6,영천시장,서울특별시 서대문구 영천시장길 25,37.5710363513807,126.961003653839
민영활어공장암사시장,seafood,200,암사종합시장,서울특별시 강동구 상암로11길 29,37.551051399175,127.128896856381
민영활어공장,seafood,47,원당종합시장,서울특별시 관악구 인헌6길 16,37.4740990244425,126.966005689879
종로떡집,ricecake,116,마천시장,서울특별시 송파구 마천로45길 24-8,37.4977488865575,127.15107184431
아줌마세상,greengrocer,82,노룬산골목시장,서울특별시 광진구 뚝섬로27길 37,37.5375162344502,127.066009520708
두승물산주,seafood,174,남대문시장,서울특별시 중구 남대문시장2가길 6-3,37.559390667565,126.976979325865
무공해시골채소,greengrocer,48,신원시장,서울특별시 관악구 관천로 27,37.4821638669027,126.927730305536
부산어묵,sidedish,173,숭례문수입상가,서울특별시 중구 남대문시장2가길 6,37.5594176820003,126.976900092001
합동상사,sidedish,1,상계중앙시장,서울특별시 노원구 상계로23다길 14,37.6591570313562,127.069471655055
다옴미트,butcher,26,우이시장,서울특별시 강북구 한천로162길 29,37.6466430985605,127.020146799916
반찬가게,sidedish,62,답십리시장,서울특별시 동대문구 답십리로51길 14,37.5735780000355,127.058728567273
오가네야채과일나라,greengrocer,200,암사종합시장,서울특별시 강동구 올림픽로 778-7,37.5505115407818,127.128216931758
대성상회,seafood,33,고분다리전통시장,서울특별시 강동구 구천면로34길 2,37.5423270079423,127.131371210938
찬보네간장게장,seafood,200,암사종합시장,서울특별시 강동구 올림픽로98길 15,37.5514026392935,127.12903326187
중앙떡방앗간,ricecake,27,수유중앙시장,서울특별시 강북구 노해로17길 21,37.640336029202,127.021176144851
태양건어물,greengrocer,121,길음시장,서울특별시 성북구 동소문로 231,37.6028637350632,127.022388566182
국사모,sidedish,64,창동신창시장,서울특별시 도봉구 덕릉로57길 37,37.6399808908079,127.036528392309
광윤유통,butcher,17,둔촌역전통시장,서울특별시 강동구 양재대로91길 24,37.5281775619717,127.134695101733
민속떡집,ricecake,37,청담삼익시장,서울특별시 강남구 학동로101길 26,37.5224468696354,127.05762510496
체리부로닭집구로동,butcher,73,남구로시장,서울특별시 구로구 구로동로26길 47,37.490177676943,126.886732980593
명품한우정육점,butcher,48,신원시장,서울특별시 관악구 신원로5길 45,37.482856910999,126.926542468598
대하축산,butcher,28,수유프라자,서울특별시 강북구 도봉로 259,37.6314338029108,127.02375659611
박가네반찬,sidedish,193,우림골목시장,서울특별시 중랑구 망우로62길 65,37.5966074337096,127.099081197362
신흥농산,greengrocer,64,창동신창시장,서울특별시 도봉구 덕릉로59가길 36,37.6393138637239,127.037479789492
수민건어물,seafood,96,청량리농수산물시장,서울특별시 동대문구 경동시장로 19-1,37.5807395917969,127.040393909528
대일농산주,greengrocer,102,경동광성상가,서울특별시 동대문구 고산자로38길 5,37.5801093981736,127.038899188205
한국떡집,ricecake,72,구로시장,서울특별시 구로구 구로동로22길 20-17,37.4889691957227,126.885558846824
중국식품,sidedish,193,우림골목시장,서울특별시 중랑구 망우로62길 48,37.5970225707054,127.098266446792
한아름정육점,butcher,33,고분다리전통시장,서울특별시 강동구 구천면로34길 30,37.5423163268697,127.132864817462
착한정육점,butcher,80,자양전통시장,서울특별시 광진구 자양로15길 74,37.5350751729381,127.079573159847
하나축산,butcher,79,중곡제일전통시장(중곡제일시장),서울특별시 광진구 능동로47길 10,37.563148533839,127.082127034243
우리집농수산물직판장,seafood,132,대림골목시장,서울특별시 은평구 응암로4길 32,37.5875833796188,126.917698937811
하림상회,seafood,111,목사랑시장 (목4동시장),서울특별시 양천구 목동중앙남로 41,37.5375133591016,126.866566659321
공항떡,ricecake,23,방신전통시장,서울특별시 강서구 방화동로16길 50,37.5722538161322,126.812135382166
신영토불이야채,greengrocer,152,신영시장,서울특별시 양천구 곰달래로13길 45-1,37.5337075093121,126.835154351266
성아해물생선,seafood,97,청량리청과물시장,서울특별시 동대문구 왕산로 173,37.5795585589638,127.042476332466
호남식품,seafood,43,능동로골목시장,서울특별시 광진구 뚝섬로30길 13,37.5354707870765,127.066324518563
목포농산물,greengrocer,152,신영시장,서울특별시 양천구 월정로27길 8,37.532393014506,126.835847388627
홍주상회,greengrocer,101,경동시장,서울특별시 동대문구 고산자로36길 3,37.5790371332837,127.039147690267
종로떡집,ricecake,74,고척골목시장상점가,서울특별시 구로구 중앙로10길 8,37.5033699916896,126.862736991775
우리소푸줏간,butcher,128,인왕시장,서울특별시 서대문구 인왕시장길 46,37.5916084747775,126.944574850078
봉천떡집,ricecake,32,수유시장,서울특별시 강북구 도봉로69길 8,37.6311726783926,127.022940838733
형제건어물,seafood,80,자양전통시장,서울특별시 광진구 자양로15길 72,37.535138097885,127.079788197708
쫑이네야채,greengrocer,11,망원시장,서울특별시 마포구 망원로7길 7,37.5579315253962,126.905508436982
미리내토종나물,greengrocer,152,신영시장,서울특별시 양천구 월정로29길 3,37.533474006827,126.835697937334
낙원떡집,ricecake,71,별빛남문시장,서울특별시 금천구 시흥대로138길 33,37.4728637403446,126.900573660704
제이플라워샵,flower,141,만리시장,서울특별시 용산구 효창원로 261,37.5505485189596,126.96361714727
다정건어물,seafood,31,수유재래시장,서울특별시 강북구 수유로12길 87,37.6311097331568,127.02229507781
신흥상회,seafood,31,수유재래시장,서울특별시 강북구 도봉로71길 33,37.6310467046124,127.022079811972
원조제일홍어무침,sidedish,42,광성시장,서울특별시 광진구 능동로47길 15-1,37.5631579048182,127.081606393567
종로복떡집,ricecake,147,대림중앙시장,서울특별시 영등포구 디지털로53길 17,37.4920548747,126.900163763652
원유통,seafood,152,신영시장,서울특별시 양천구 곰달래로13길 38,37.5331048024598,126.835845828584
강원상회,seafood,102,경동광성상가,서울특별시 동대문구 약령시로14길 50,37.5806950253591,127.038956098667
몽땅청과,greengrocer,70,비단길현대시장,서울특별시 금천구 독산로39길 7,37.4590276436599,126.904740104169
충남야채,greengrocer,59,남부화곡시장,서울특별시 강서구 등촌로5길 100,37.5327910151239,126.857897309325
경동상회,greengrocer,101,경동시장,서울특별시 동대문구 고산자로36길 30,37.5791178958394,127.040121331412
호남상회,sidedish,95,청량리전통시장,서울특별시 동대문구 경동시장로10길 47,37.5814233028941,127.043337808072
홍성한우,butcher,191,동원전통종합시장,서울특별시 중랑구 상봉로11길 13,37.5901344637786,127.092731969887
성창상회,greengrocer,97,청량리청과물시장,서울특별시 동대문구 왕산로33길 16,37.5802163290788,127.042352174231
대진상회,greengrocer,101,경동시장,서울특별시 동대문구 왕산로 139-10,37.5788118885768,127.039136251467
생활의달인광장시장수수부꾸미&낙원떡집,ricecake,160,신중부시장,서울특별시 중구 을지로32길 42,37.5647358215704,127.000260331041
우성한우농장,butcher,62,답십리시장,서울특별시 동대문구 답십리로 159-11,37.5734702889106,127.057902118222
맛찬,sidedish,25,장미원골목시장,서울특별시 강북구 삼양로123길 27,37.6445987474975,127.014061582413
풍년떡집,ricecake,149,오목교중앙시장,서울특별시 양천구 신목로14길 21,37.5208553425771,126.876211615798
남도반찬,sidedish,23,방신전통시장,서울특별시 강서구 방화동로16길 22,37.5711286750267,126.812828709583
낙원떡집,ricecake,51,관악신사시장,서울특별시 관악구 난곡로74길 53,37.4864273937538,126.916713265264
창떡궁,ricecake,63,창동골목시장,서울특별시 도봉구 덕릉로58길 24,37.6382590689122,127.039450659542
WH.COMPANY/란플라워,flower,111,목사랑시장 (목4동시장),서울특별시 양천구 목동중앙남로7길 2,37.5376304376856,126.866521192164
이조궁중떡집,ricecake,109,목동깨비시장 (목3동시장),서울특별시 양천구 목동중앙북로 26-1,37.5481178905241,126.866366698978
청량수산,seafood,100,동서시장,서울특별시 동대문구 고산자로36길 33,37.5793701162603,127.040291281078
대성상사,sidedish,174,남대문시장,서울특별시 중구 남대문시장4길 9,37.5596610992437,126.977669639015
시온떡방앗간,ricecake,152,신영시장,서울특별시 양천구 곰달래로11길 38-1,37.5330857106156,126.835076522245
수확농축마트,greengrocer,109,목동깨비시장 (목3동시장),서울특별시 양천구 목동중앙북로 27,37.5483163272679,126.866558720967
경주유통,greengrocer,128,인왕시장,서울특별시 서대문구 인왕시장길 18,37.5910853841597,126.943488256032
조은수산,seafood,160,신중부시장,서울특별시 중구 창경궁로 40-15,37.5657989912096,126.998800196412
무지개식자재,seafood,78,화양제일골목시장,서울특별시 광진구 아차산로29길 50,37.5429834404848,127.069261874653
떡보의하루,ricecake,200,암사종합시장,서울특별시 강동구 상암로 41,37.5501601522773,127.12821632983
사임당반찬,sidedish,183,태능엔터피아,서울특별시 중랑구 동일로123길 70,37.5986064880777,127.076379496088
충남정육점,butcher,196,황학시장,서울특별시 중구 퇴계로85길 27,37.5670137272523,127.019525422516
동부수산,seafood,86,마포농수산물시장,서울특별시 마포구 월드컵로 235,37.5651967331886,126.898481601096
제일축산,butcher,35,명일전통시장,서울특별시 강동구 양재대로138길 13,37.5497626097541,127.144760325016
부대찌개,sidedish,184,신아타운,서울특별시 중랑구 봉화산로 194,37.6064588447966,127.094711466519
베들레헴떡집,ricecake,48,신원시장,서울특별시 관악구 관천로 27,37.4821638669027,126.927730305536
88식품,greengrocer,147,대림중앙시장,서울특별시 영등포구 디지털로37길 28-1,37.4912242506354,126.898174725559
신세계유통,seafood,160,신중부시장,서울특별시 중구 을지로32길 34,37.565285429502,127.000079231768
복떡마루,ricecake,21,용산용문시장,서울특별시 용산구 새창로 116-1,37.5370505281153,126.960444316461
짐치터,sidedish,55,봉일시장,서울특별시 관악구 은천로2길 39,37.4854858695707,126.938875582848
법인자연축산,butcher,8,화곡본동시장,서울특별시 강서구 까치산로 35,37.5428828608002,126.84412991406
희태상회,greengrocer,101,경동시장,서울특별시 동대문구 고산자로36길 4,37.5787579596422,127.038739993053
둔촌정육점,butcher,17,둔촌역전통시장,서울특별시 강동구 풍성로58길 20,37.5281317747937,127.13533987178
대흥상회,greengrocer,31,수유재래시장,서울특별시 강북구 도봉로71길 34,37.6313530588832,127.02197794308
남서울반찬,sidedish,112,새마을시장,서울특별시 송파구 석촌호수로 78,37.5093289912447,127.086049282019
흥부건어물,seafood,11,망원시장,서울특별시 마포구 망원로7길 7,37.5579315253962,126.905508436982
성수컬리,greengrocer,123,뚝도시장,서울특별시 성동구 성덕정15길 6-16,37.5381260045233,127.05400514465
독립문떡방아간,ricecake,6,영천시장,서울특별시 서대문구 통일로 189,37.5702347832738,126.961977554981
게박사,sidedish,75,고척근린시장,서울특별시 구로구 고척로32길 11-9,37.502264438594,126.850117843172
청정비니루,sidedish,128,인왕시장,서울특별시 서대문구 통일로40안길 3-10,37.5907611191194,126.943680986768
에브리푸드서비스,greengrocer,86,마포농수산물시장,서울특별시 마포구 월드컵로 235,37.5651967331886,126.898481601096
봉화떡집,ricecake,117,정릉시장,서울특별시 성북구 보국문로11길 11,37.6084246030728,127.009264142957
건강한밥상반찬카페,sidedish,80,자양전통시장,서울특별시 광진구 뚝섬로51길 38,37.5339572115857,127.080635495992
최가상회,sidedish,6,영천시장,서울특별시 서대문구 영천시장길 56,37.5699194604439,126.962056951947
일산상회,greengrocer,101,경동시장,서울특별시 동대문구 고산자로36길 3,37.5790371332837,127.039147690267
몽땅상회,seafood,143,영신상가,서울특별시 영등포구 영등포로45길 9-10,37.5203705710487,126.90769379777
참시루떡방,ricecake,113,석촌시장,서울특별시 송파구 가락로12길 4,37.4998170095345,127.105071295431
성대농산,greengrocer,91,성대시장,서울특별시 동작구 성대로1길 5,37.5006104919003,126.932824222006
민동경수산,seafood,83,한아름시장,서울특별시 광진구 능동로13길 39,37.5439652361102,127.069760669241
일흥떡집,ricecake,117,정릉시장,서울특별시 성북구 보국문로 50,37.6088660210957,127.010079628311
완자떡방아간,ricecake,72,구로시장,서울특별시 구로구 구로동로26길 8,37.4902568537626,126.884754050777
중앙상회,seafood,160,신중부시장,서울특별시 중구 을지로30길 17,37.5658530570691,127.00001131891
더존스푼,greengrocer,173,숭례문수입상가,서울특별시 중구 소월로 3,37.5593724950588,126.976209712263
영풍수산,greengrocer,86,마포농수산물시장,서울특별시 마포구 월드컵로 235,37.5651967331886,126.898481601096
서울식품,sidedish,102,경동광성상가,서울특별시 동대문구 고산자로40길 11,37.5809201574066,127.039307172855
성경,butcher,89,공덕시장,서울특별시 마포구 마포대로6길 10,37.545310041759,126.953186523432
연안수산,seafood,86,마포농수산물시장,서울특별시 마포구 월드컵로 235,37.5651967331886,126.898481601096
낙원떡집,ricecake,17,둔촌역전통시장,서울특별시 강동구 양재대로91길 11,37.5277985216766,127.135237451349
삼대떡집,ricecake,143,영신상가,서울특별시 영등포구 영등포로45길 9-1,37.520208655445,126.908033357459
윤미네즉석반찬,sidedish,77,신성골목시장,서울특별시 광진구 영화사로 18,37.5575752042991,127.089251039301
순희네야채,greengrocer,196,황학시장,서울특별시 중구 퇴계로85길 33,37.5672479861617,127.019525483663
착한정육점,butcher,31,수유재래시장,서울특별시 강북구 도봉로71길 20,37.6314429961538,127.022827633326
하만상회,greengrocer,99,청량종합도매시장(깡통시장),서울특별시 동대문구 경동시장로 30-4,37.5817575625047,127.040835990864
보은유통,seafood,129,유진상가,서울특별시 서대문구 인왕시장길 16,37.5910580491261,126.942854204123
항아리간장게장,sidedish,119,장위전통시장,서울특별시 성북구 장위로38길 61,37.6106391890453,127.051463951578
오병떡방,ricecake,71,별빛남문시장,서울특별시 금천구 시흥대로146길 35,37.4741072560898,126.900718979174
풍년떡방앗간,ricecake,6,영천시장,서울특별시 서대문구 독립문로3길 11,37.5705857336317,126.960641660769
신선농축,greengrocer,46,신림중앙시장,서울특별시 관악구 남부순환로143가길 5,37.4825934362117,126.910329442003
우리동네야채;과일,greengrocer,27,수유중앙시장,서울특별시 강북구 노해로17길 16,37.6407414107549,127.021516167776
부산어묵,sidedish,133,증산종합시장,서울특별시 은평구 증산로3길 12,37.5814651586842,126.905059815077
뜨라래,flower,200,암사종합시장,서울특별시 강동구 올림픽로98길 40,37.5503839561723,127.129540751055
화이팅!유통,sidedish,32,수유시장,서울특별시 강북구 도봉로67길 18,37.6307312477932,127.022668813232
금강식품,sidedish,67,방학동도깨비시장,서울특별시 도봉구 도당로13길 8,37.6653347838093,127.035747433779
153유통,seafood,80,자양전통시장,서울특별시 광진구 자양로15길 109-1,37.5343012724152,127.078135442193
매일찬하루찬,sidedish,185,동성타워프라자,서울특별시 중랑구 용마산로129길 61-6,37.6068170743737,127.097373321659
강원도머꾸미판매장,sidedish,114,방이시장,서울특별시 송파구 백제고분로48길 38,37.5103295270078,127.117007312072
중앙식품,greengrocer,143,영신상가,서울특별시 영등포구 영등포로45길 9-1,37.520208655445,126.908033357459
이레다미,sidedish,128,인왕시장,서울특별시 서대문구 인왕시장길 18,37.5910853841597,126.943488256032
삼오기름집,sidedish,123,뚝도시장,서울특별시 성동구 성덕정15길 4-9,37.5380719393544,127.054016420366
십오야떡방,ricecake,123,뚝도시장,서울특별시 성동구 성덕정길 95,37.5376664220127,127.054163218258
한양떡방앗간,ricecake,36,길동복조리시장,서울특별시 강동구 천중로52길 30,37.5394024772453,127.143654063311
한영유통,butcher,101,경동시장,서울특별시 동대문구 왕산로 139-10,37.5788118885768,127.039136251467
강진상회,greengrocer,128,인왕시장,서울특별시 서대문구 통일로40안길 3-10,37.5907611191194,126.943680986768
강남떡집,ricecake,114,방이시장,서울특별시 송파구 백제고분로48길 32,37.5105824111807,127.11639693699
티움플러스,flower,84,연희사러가,서울특별시 서대문구 연희로11가길 39,37.5667411630499,126.928090116263
우리집,sidedish,143,영신상가,서울특별시 영등포구 영등포로43길 3-1,37.5197128131439,126.907660672243
인왕떡집,ricecake,128,인왕시장,서울특별시 서대문구 세무서5길 39,37.5916175431142,126.944699394256
영진축산도소매센타,butcher,70,비단길현대시장,서울특별시 금천구 독산로39길 33,37.4581619589864,126.903859595181
후암떡집,ricecake,137,후암시장,서울특별시 용산구 한강대로104길 77,37.550416677658,126.976710488398
중앙해물상회,seafood,72,구로시장,서울특별시 구로구 구로동로22길 17,37.4896267107955,126.885331695886
법인산골콩밭,sidedish,112,새마을시장,서울특별시 송파구 석촌호수로 84,37.5087789241829,127.086670716159
남대문떡마을,ricecake,174,남대문시장,서울특별시 중구 남대문시장2가길 10-1,37.5594087139072,126.97711513553
궁전떡집,ricecake,42,광성시장,서울특별시 광진구 능동로47길 23,37.5633023138984,127.081244358413
명궁떡집,ricecake,188,면목골목시장,서울특별시 중랑구 사가정로50길 84,37.5774907438777,127.084440879525
내고향축산직매장,butcher,68,신도봉시장,서울특별시 도봉구 도당로27길 59,37.6700542878046,127.040782311595
종로떡집,ricecake,192,중랑동부시장(동부골목시장),서울특별시 중랑구 동일로109길 61,37.5912360820247,127.076836195987
이조떡집,ricecake,35,명일전통시장,서울특별시 강동구 양재대로138길 21,37.5497080359518,127.145178928441
제이엠푸드,seafood,58,남부골목시장,서울특별시 강서구 곰달래로53길 26,37.5330183214771,126.85961659646
풍년떡집,ricecake,196,황학시장,서울특별시 중구 퇴계로87길 29-26,37.5669145629663,127.019853649674
동두천농산,greengrocer,100,동서시장,서울특별시 동대문구 경동시장로 4,37.5793697720219,127.041287524939
정민식품,seafood,112,새마을시장,서울특별시 송파구 백제고분로15길 41,37.5090326409318,127.084691703263
충남수산,seafood,196,황학시장,서울특별시 중구 퇴계로83길 40-23,37.5676354422963,127.019355797107
삼양청과,greengrocer,63,창동골목시장,서울특별시 도봉구 덕릉로58길 14,37.638457413734,127.039065547319
형제상회,sidedish,174,남대문시장,서울특별시 중구 남대문시장4길 9,37.5596610992437,126.977669639015
현구네,seafood,50,우림시장,서울특별시 관악구 난곡로24가길 29,37.4697265360628,126.922372692147
좋은축산마을,butcher,20,대조시장,서울특별시 은평구 불광로 19,37.6101510623739,126.928229551272
종로떡집,ricecake,43,능동로골목시장,서울특별시 광진구 뚝섬로30길 5,37.5357502682748,127.066019278453
더프리마베라,flower,110,목2동시장,서울특별시 양천구 공항대로 634,37.5466859192096,126.875161790159
융장,butcher,97,청량리청과물시장,서울특별시 동대문구 왕산로33길 24,37.580378625261,127.042023954037
낙원떡집,ricecake,115,마천중앙시장,서울특별시 송파구 마천로45길 8,37.4966515188452,127.149610844053
떡사랑,ricecake,190,동원시장,서울특별시 중랑구 상봉로11길 55,37.5896225432108,127.090614026351
프루당,greengrocer,35,명일전통시장,서울특별시 강동구 구천면로 428,37.5501392992209,127.146164302485
종로떡방아간,ricecake,23,방신전통시장,서울특별시 강서구 방화동로16길 36,37.5717048239015,126.812521633675
영일네반찬가게,sidedish,31,수유재래시장,서울특별시 강북구 도봉로71길 29,37.6312538823434,127.022340436159
성미김,seafood,25,장미원골목시장,서울특별시 강북구 삼양로123길 20,37.644841945683,127.014616841619
훈이떡집,ricecake,80,자양전통시장,서울특별시 광진구 뚝섬로49길 49,37.5342279578351,127.079979568206
프라시아,flower,121,길음시장,서울특별시 성북구 동소문로 227,37.6027827936487,127.021595826743
중앙떡집,ricecake,193,우림골목시장,서울특별시 중랑구 용마산로111길 27,37.5975092559682,127.098085907642
다솜푸드,sidedish,11,망원시장,서울특별시 마포구 포은로6길 27,37.55602216148,126.906450193724
떡사랑,ricecake,70,비단길현대시장,서울특별시 금천구 독산로39길 28,37.4584503193508,126.903904436821
푸른청과,greengrocer,93,남성역골목시장,서울특별시 동작구 사당로 220,37.4839216555785,126.972242448848
이혜자김치,sidedish,58,남부골목시장,서울특별시 강서구 등촌로5길 35,37.5330114760135,126.861449466938
다복떡방,ricecake,159,중부시장,서울특별시 중구 을지로32길 35-4,37.5649070094963,127.000622532175
오철이와문숙이,seafood,68,신도봉시장,서울특별시 도봉구 도봉로153길 51,37.6698651874459,127.040476171546
신흥기름집,sidedish,152,신영시장,서울특별시 양천구 월정로 165,37.5335284598426,126.835980668147
한우家,butcher,17,둔촌역전통시장,서울특별시 강동구 양재대로91길 20,37.5280601220839,127.134966407095
명가홍어김치전문,sidedish,28,수유프라자,서울특별시 강북구 도봉로71길 17,37.6312267132564,127.023065472334
행복반찬,sidedish,36,길동복조리시장,서울특별시 강동구 천중로52길 23,37.5397174404468,127.143971486133
전라도김치,sidedish,70,비단길현대시장,서울특별시 금천구 독산로39길 33,37.4581619589864,126.903859595181
고분반찬,sidedish,33,고분다리전통시장,서울특별시 강동구 구천면로34길 34,37.5423521119133,127.133091187931
도깨비떡집,ricecake,67,방학동도깨비시장,서울특별시 도봉구 도당로15길 9,37.6660012487661,127.036597810929
딜가전&화원,flower,176,동문시장㈜,서울특별시 종로구 종로44길 22,37.5706097563256,127.011478104556
끼니와찬,seafood,152,신영시장,서울특별시 양천구 월정로27길 5,37.532384632702,126.83629996052
똘이상회,seafood,159,중부시장,서울특별시 중구 동호로33길 24,37.5656548348006,127.000860234877
연남방앗간DDP점,ricecake,164,제일평화시장,서울특별시 중구 을지로 281,37.5680149429348,127.010911744526
형제수산,seafood,9,봉천제일종합시장,서울특별시 관악구 청룡2길 40,37.4815509864298,126.943966569114
소문난떡집,ricecake,115,마천중앙시장,서울특별시 송파구 마천로45길 3,37.496525964606,127.149146948024
경동떡집,ricecake,102,경동광성상가,서울특별시 동대문구 고산자로40길 10,37.5806949541773,127.03917120059
해남땅끝,seafood,86,마포농수산물시장,서울특별시 마포구 월드컵로 235,37.5651967331886,126.898481601096
드림떡방,ricecake,116,마천시장,서울특별시 송파구 마천로45길 24-7,37.497874954701,127.151128641433
떡수레,ricecake,105,전곡시장,서울특별시 동대문구 사가정로 222,37.5785455528409,127.069645748028
원광상회,greengrocer,71,별빛남문시장,서울특별시 금천구 독산로85길 36,37.4728372032559,126.901161548779
서우미트,butcher,55,봉일시장,서울특별시 관악구 은천로 28,37.4859271049584,126.938377722456
한중식품,sidedish,51,관악신사시장,서울특별시 관악구 관천로15길 99,37.4858510194595,126.917098337198
서울떡집,ricecake,101,경동시장,서울특별시 동대문구 고산자로36길 3,37.5790371332837,127.039147690267
수유통,seafood,152,신영시장,서울특별시 양천구 곰달래로13길 46,37.5337350282858,126.835505025996
안성꽃상회,flower,34,성내전통시장,서울특별시 강동구 천호대로162길 65,37.533987640852,127.12782658698
진천농상,greengrocer,86,마포농수산물시장,서울특별시 마포구 월드컵로 235,37.5651967331886,126.898481601096
미향반찬,sidedish,184,신아타운,서울특별시 중랑구 신내로 51,37.6059813117275,127.094722186028
넛트리푸드팜,greengrocer,102,경동광성상가,서울특별시 동대문구 고산자로 445-1,37.5794790048262,127.037970540562
맛난찬집,sidedish,53,봉천중앙시장,서울특별시 관악구 관악로24길 22-1,37.4842680892956,126.95592691149
효성어묵,sidedish,36,길동복조리시장,서울특별시 강동구 천중로52길 30,37.5394024772453,127.143654063311
홍태양중국식품,sidedish,73,남구로시장,서울특별시 구로구 구로동로26길 29,37.4902758294077,126.885737773255
진주상회,seafood,160,신중부시장,서울특별시 중구 을지로32길 24,37.5657088976857,127.000056594441
광명유통,sidedish,99,청량종합도매시장(깡통시장),서울특별시 동대문구 경동시장로9나길 25,37.5824066715516,127.039681561087
김치공장반찬스페셜,sidedish,190,동원시장,서울특별시 중랑구 면목로74길 29,37.5894704954796,127.089141919365
반찬나라,sidedish,11,망원시장,서울특별시 마포구 월드컵로25길 33,37.5580129133494,126.905881818965
영영상점도곡13호상점,sidedish,126,양재시장,서울특별시 강남구 남부순환로361길 6,37.4855948176862,127.037572463824
궁중떡집,ricecake,14,은행나무시장,서울특별시 금천구 금하로25길 16,37.4511836653417,126.909632345528
광장총각강정,sidedish,130,광장시장,서울특별시 종로구 창경궁로 88,37.570114766493,126.999705691574
대동상회,greengrocer,42,광성시장,서울특별시 광진구 긴고랑로13길 11,37.5630766742218,127.081810037727
용산수산,seafood,139,이촌종합시장,서울특별시 용산구 이촌로77길 19,37.5205120986189,126.974921169332
인정불고기,sidedish,18,풍납시장,서울특별시 송파구 바람드리5길 12,37.5386918616047,127.118217040167
낙원떡방아간,ricecake,108,우성상가시장,서울특별시 양천구 지양로10길 10,37.5231910873032,126.83391049801
금숙씨미트델리샵,butcher,187,사가정시장,서울특별시 중랑구 면목로44가길 2,37.5811718530927,127.08979997638
만나분식,sidedish,119,장위전통시장,서울특별시 성북구 장위로38길 45-2,37.6113240292481,127.05126055915
돈암떡집,ricecake,198,돈암시장,서울특별시 성북구 동소문로18길 24-22,37.5914853181809,127.015523546098
삼구반찬가게,sidedish,71,별빛남문시장,서울특별시 금천구 시흥대로148길 38-22,37.474350556933,126.900752572621
오복떡방아간,ricecake,36,길동복조리시장,서울특별시 강동구 양재대로116길 49,37.5381955944063,127.143278362272
꼬꼬네닭집,butcher,62,답십리시장,서울특별시 동대문구 답십리로51길 7-3,37.5732537992976,127.05841135189
호남반찬,sidedish,40,중곡제일시장(이오상사),서울특별시 광진구 긴고랑로9길 19,37.5644376382208,127.081143723116
쉐리맘,greengrocer,174,남대문시장,서울특별시 중구 남대문시장4길 9,37.5596610992437,126.977669639015
복음떡집,ricecake,122,용답상가시장,서울특별시 성동구 용답19길 18-1,37.5635977339991,127.052880351122
장터정육점,butcher,85,아현시장,서울특별시 마포구 굴레방로 17,37.5556454042594,126.955545388113
응암즉석반찬,sidedish,134,신응암시장,서울특별시 은평구 응암로22길 5-21,37.5943956500634,126.918812435599
방배중앙떡방방배떡집,ricecake,93,남성역골목시장,서울특별시 동작구 사당로14길 7,37.4836152914033,126.972152110254
은교반찬,sidedish,21,용산용문시장,서울특별시 용산구 효창원로42길 9,37.5369332609452,126.960037055086
카페;떡마을,ricecake,6,영천시장,서울특별시 서대문구 통일로 189-1,37.5703338525748,126.961852989158
체리부로하림직판장,butcher,48,신원시장,서울특별시 관악구 신원로5길 21,37.482154690534,126.927458963903
할머니반찬가게,sidedish,37,청담삼익시장,서울특별시 강남구 학동로101길 26,37.5224468696354,127.05762510496
유화분,flower,179,동대문종합시장,서울특별시 종로구 종로39길 2,37.571339944774,127.006440932211
풀밭,greengrocer,115,마천중앙시장,서울특별시 송파구 마천로41길 28,37.4967764669413,127.150549695986
바다회수산,seafood,198,돈암시장,서울특별시 성북구 보문로40길 32,37.5918727758034,127.015285846739
풍년건어물,seafood,190,동원시장,서울특별시 중랑구 상봉로11길 55,37.5896225432108,127.090614026351
대명고기친구한우,butcher,124,마장축산물시장,서울특별시 성동구 살곶이길 50,37.5696119182563,127.041519847104
환희화원꽃,flower,105,전곡시장,서울특별시 동대문구 사가정로 218,37.5785098258196,127.069113636048
투워즈텐,sidedish,39,강남시장,서울특별시 강남구 강남대로156길 35,37.5189630160297,127.021843130803
떡다함,ricecake,113,석촌시장,서울특별시 송파구 가락로12길 5,37.4998977674293,127.105444603666
세보식품,sidedish,102,경동광성상가,서울특별시 동대문구 고산자로40길 9,37.5808751378532,127.039216579722
맛샘,seafood,197,연서시장,서울특별시 은평구 통일로 842,37.6186885188328,126.922059505188
떡시루,ricecake,114,방이시장,서울특별시 송파구 백제고분로48길 43,37.5102566824325,127.117776312581
에덴화원,flower,26,우이시장,서울특별시 강북구 노해로27길 78,37.6472106753859,127.020396240606
으뜸반찬,sidedish,9,봉천제일종합시장,서울특별시 관악구 청룡2길 36-3,37.4815871017309,126.944124828736
바다한스푼,seafood,58,남부골목시장,서울특별시 강서구 등촌로5길 60,37.5330549789212,126.860136969109
참떡방,ricecake,193,우림골목시장,서울특별시 중랑구 망우로62길 57,37.5969140455149,127.098753219261
영주식품,seafood,31,수유재래시장,서울특별시 강북구 도봉로71길 37,37.6311638686748,127.021887256903
삼성정육점,butcher,77,신성골목시장,서울특별시 광진구 긴고랑로 130,37.5588094748195,127.089377007737
부부상회,seafood,64,창동신창시장,서울특별시 도봉구 덕릉로57길 14,37.6395029910431,127.037729146118
마산상회,seafood,196,황학시장,서울특별시 중구 퇴계로85길 35,37.5673831392701,127.019502880659
충남떡방아간,ricecake,23,방신전통시장,서울특별시 강서구 양천로18길 27,37.5719932486379,126.812588829619
부산어묵,sidedish,173,숭례문수입상가,서울특별시 중구 남대문시장4길 28-12,37.5591653493886,126.976628540349
맛깔나네,sidedish,198,돈암시장,서울특별시 성북구 동소문로18길 12-10,37.5918187030396,127.015387741251
장미원종로떡방,ricecake,25,장미원골목시장,서울특별시 강북구 삼양로123길 10,37.6449499775636,127.015296716868
대박집,greengrocer,46,신림중앙시장,서울특별시 관악구 조원로16길 27,37.4831438696652,126.911414200262
떡과시루,ricecake,80,자양전통시장,서울특별시 광진구 자양로13나길 27,37.5341740814199,127.079707971849
장군떡집,ricecake,6,영천시장,서울특별시 서대문구 영천시장길 27,37.5709012282687,126.961082962002
호화수,flower,174,남대문시장,서울특별시 중구 남대문시장4길 21,37.5591835687093,126.977658463626
신종로떡방,ricecake,127,남부종합시장,서울특별시 서초구 방배중앙로25길 42,37.4940961548763,126.983591987752
중앙민물수산,seafood,147,대림중앙시장,서울특별시 영등포구 디지털로37다길 4,37.4908372069895,126.898627554
장독대까치산역점,sidedish,60,까치산시장,서울특별시 강서구 강서로 43,37.5315243988302,126.846529433486
티각태각수제한과,sidedish,32,수유시장,서울특별시 강북구 도봉로67길 18,37.6307312477932,127.022668813232
자연부각,greengrocer,32,수유시장,서울특별시 강북구 도봉로67길 18,37.6307312477932,127.022668813232
영광,butcher,53,봉천중앙시장,서울특별시 관악구 중앙길 25,37.4839245909834,126.953032639596
한산상회,greengrocer,129,유진상가,서울특별시 서대문구 통일로 484,37.5915986934433,126.942955695997
제주아줌마집,seafood,17,둔촌역전통시장,서울특별시 강동구 풍성로58길 34,37.5274832625468,127.135157690498
우리농산물마트,greengrocer,116,마천시장,서울특별시 송파구 마천로45길 28,37.4981003935044,127.150982083106
투더씨,seafood,18,풍납시장,서울특별시 송파구 바람드리길 12,37.5379811889381,127.117095763969
김장금김치바이마마김밥,sidedish,191,동원전통종합시장,서울특별시 중랑구 상봉로11길 3,37.5902151336989,127.093264231916
화곡중국식품,greengrocer,56,화곡중앙시장,서울특별시 강서구 월정로30길 80,37.5351740607997,126.840197283028
은희홍어회,sidedish,31,수유재래시장,서울특별시 강북구 도봉로71가길 10,37.6318124526693,127.022555852587
장씨떡방,ricecake,147,대림중앙시장,서울특별시 영등포구 디지털로53길 22,37.4923251669282,126.900152096086
누리식품,seafood,182,장미제일시장,서울특별시 중랑구 동일로143길 43,37.6049856199603,127.076193495874
엄마손반찬,sidedish,21,용산용문시장,서울특별시 용산구 효창원로40길 20,37.5363115285522,126.959912928001
광장맛집,sidedish,102,경동광성상가,서울특별시 동대문구 고산자로38길 5,37.5801093981736,127.038899188205
서산마늘,greengrocer,152,신영시장,서울특별시 양천구 곰달래로13길 42,37.5333478514637,126.835686900105
부흥떡집,ricecake,196,황학시장,서울특별시 중구 퇴계로85길 32,37.5671578451351,127.019774480493
해동상회,seafood,6,영천시장,서울특별시 서대문구 통일로 205-5,37.5712074315458,126.960675292773
청춘청과,greengrocer,71,별빛남문시장,서울특별시 금천구 시흥대로144길 21,37.4736927350494,126.90065169752
종로떡집,ricecake,111,목사랑시장 (목4동시장),서울특별시 양천구 목동중앙남로 45,37.5378285676751,126.866441636347
덕화상회,sidedish,128,인왕시장,서울특별시 서대문구 통일로40안길 3-10,37.5907611191194,126.943680986768
남대문식품,seafood,174,남대문시장,서울특별시 중구 남대문시장4길 28-6,37.55900323444,126.976956809315
종로떡집,ricecake,8,화곡본동시장,서울특별시 강서구 까치산로4길 15,37.5421085111797,126.84451624663
반찬나라,sidedish,1,상계중앙시장,서울특별시 노원구 상계로27길 20,37.6594447740357,127.070435236837
미영중국식품,sidedish,9,봉천제일종합시장,서울특별시 관악구 청룡2길 45,37.4814426932731,126.943604852757
푸룻투고,greengrocer,112,새마을시장,서울특별시 송파구 석촌호수로 84,37.5087789241829,127.086670716159
일일식품,sidedish,95,청량리전통시장,서울특별시 동대문구 왕산로37길 11,37.5806121700958,127.043982643062
유명떡집,ricecake,192,중랑동부시장(동부골목시장),서울특별시 중랑구 망우로32길 52,37.5916864078689,127.077097083785
신선식품,sidedish,54,인헌시장,서울특별시 관악구 남부순환로248길 22,37.4750449505275,126.965541748229
본가떡,ricecake,77,신성골목시장,서울특별시 광진구 용마산로6길 13,37.5574854460144,127.088798226621
수랏간,sidedish,125,금남시장,서울특별시 성동구 금호산2길 22-6,37.548723081521,127.021817863197
동현상사,sidedish,32,수유시장,서울특별시 강북구 도봉로69길 27,37.630758369959,127.022181685383
오복떡방아간,ricecake,107,신곡종합시장,서울특별시 양천구 신월로 164,37.5177601625035,126.842021662785
엄마반찬,sidedish,23,방신전통시장,서울특별시 강서구 방화동로 114,37.5705788015224,126.812660291499
장군상회,greengrocer,100,동서시장,서울특별시 동대문구 왕산로33길 13,37.5797211833123,127.041219792937
하나로축산,butcher,137,후암시장,서울특별시 용산구 후암로 39,37.5494347148464,126.977355830241
자연상회,seafood,101,경동시장,서울특별시 동대문구 고산자로36길 3,37.5790371332837,127.039147690267
아기밥그릇,sidedish,23,방신전통시장,서울특별시 강서구 금낭화로 56,37.5704242107002,126.811766431418
호박떡집,ricecake,113,석촌시장,서울특별시 송파구 가락로 93,37.5009510603976,127.106429976576
미각떡집,ricecake,116,마천시장,서울특별시 송파구 마천로45길 43,37.4993695755184,127.151945891297
한중식품,sidedish,75,고척근린시장,서울특별시 구로구 고척로32길 11-4,37.5019937930949,126.849846962115
더좋은축산,butcher,74,고척골목시장상점가,서울특별시 구로구 경인로47길 122,37.5040467917791,126.863640517835
금옥이네즉석반찬,sidedish,64,창동신창시장,서울특별시 도봉구 덕릉로57길 44,37.6402422078418,127.036426548582
엘리아리,flower,143,영신상가,서울특별시 영등포구 영등포로 225,37.5199192522038,126.906653653063
가원떡방,ricecake,21,용산용문시장,서울특별시 용산구 새창로14길 38,37.5378249687272,126.959210608209
신영,sidedish,95,청량리전통시장,서울특별시 동대문구 왕산로35길 24,37.5807566216711,127.04319024649
동해건어물,seafood,107,신곡종합시장,서울특별시 양천구 남부순환로79길 29,37.5178332386884,126.84276807708
부부반찬,sidedish,193,우림골목시장,서울특별시 중랑구 망우로62길 42,37.5973111604339,127.097938439905
또리네반찬,sidedish,189,면목시장,서울특별시 중랑구 면목로37길 6,37.5791113376698,127.086095563025
김해농산,greengrocer,86,마포농수산물시장,서울특별시 마포구 월드컵로 235,37.5651967331886,126.898481601096
이레유통,greengrocer,35,명일전통시장,서울특별시 강동구 양재대로138길 20,37.5495281148795,127.144952250844
고기파는총각들,butcher,88,마포시장,서울특별시 마포구 만리재옛길 12,37.5451845323317,126.954804758928
민속떡집,ricecake,149,오목교중앙시장,서울특별시 양천구 신목로4길 35,37.5210447067848,126.876358360653
와이제이,seafood,42,광성시장,서울특별시 광진구 능동로47길 37-1,37.5635641605773,127.080429706395
소문난사군자떡,ricecake,47,원당종합시장,서울특별시 관악구 남부순환로248길 30,37.4747566207958,126.96551927029
허은혜전통강정,sidedish,17,둔촌역전통시장,서울특별시 강동구 풍성로58길 32,37.5276363676966,127.135214532361
남산상회,sidedish,174,남대문시장,서울특별시 중구 남대문시장4길 9,37.5596610992437,126.977669639015
제주축산,butcher,51,관악신사시장,서울특별시 관악구 신사로14길 68,37.4856166145645,126.916895073982
강서농산물,greengrocer,56,화곡중앙시장,서울특별시 강서구 월정로30길 51,37.5348386769027,126.838715837256
궁전떡방아간,ricecake,116,마천시장,서울특별시 송파구 마천로45길 24,37.4978484735646,127.150698860225
바다사랑,seafood,93,남성역골목시장,서울특별시 동작구 사당로14길 10,37.4836332419201,126.971858134736
우리집반찬,sidedish,191,동원전통종합시장,서울특별시 중랑구 상봉로11길 43,37.5897663270485,127.091101069314
전남수산,seafood,86,마포농수산물시장,서울특별시 마포구 월드컵로 235,37.5651967331886,126.898481601096
종로떡집,ricecake,93,남성역골목시장,서울특별시 동작구 사당로16길 27,37.4822009330206,126.973124975143
봉봉푸줏간,butcher,14,은행나무시장,서울특별시 금천구 탑골로 3,37.4509676897094,126.909982954097
장독대,sidedish,53,봉천중앙시장,서울특별시 관악구 관악로 206,37.4831502902404,126.954480346181
미고네,greengrocer,117,정릉시장,서울특별시 성북구 솔샘로6길 63,37.6088031075681,127.008052370445
부부반찬,sidedish,8,화곡본동시장,서울특별시 강서구 화곡로32길 18,37.5428553973136,126.843801824019
대림상회,sidedish,101,경동시장,서울특별시 동대문구 고산자로36길 3,37.5790371332837,127.039147690267
시장인,sidedish,36,길동복조리시장,서울특별시 강동구 천중로52길 47-2,37.5386277296275,127.143562058725
현대재료,greengrocer,101,경동시장,서울특별시 동대문구 고산자로36길 3,37.5790371332837,127.039147690267
호떡네,greengrocer,135,대림시장,서울특별시 은평구 응암로4길 18,37.5864927674874,126.917111392952
미양식품,sidedish,36,길동복조리시장,서울특별시 강동구 천중로52길 42,37.5389791461049,127.143540102793
안심상회,greengrocer,58,남부골목시장,서울특별시 강서구 곰달래로57길 19,37.5330297612344,126.861675711891
현대청과,greengrocer,69,대명여울빛거리시장,서울특별시 금천구 시흥대로 213-2,37.4528526588063,126.901029625317
미트고척점,butcher,74,고척골목시장상점가,서울특별시 구로구 중앙로 64,37.5037935813225,126.862838002016
대박수산물,seafood,197,연서시장,서울특별시 은평구 연서로 247,37.619697699095,126.922171722351
대영상회,seafood,173,숭례문수입상가,서울특별시 중구 남대문시장2가길 3,37.5595257727568,126.976752925248
행복떡방아간,ricecake,27,수유중앙시장,서울특별시 강북구 노해로17길 38,37.6406064798878,127.020292462778
엠에이에스케이,seafood,174,남대문시장,서울특별시 중구 남대문시장4길 20,37.5593186251648,126.977171752689
보성축산,butcher,102,경동광성상가,서울특별시 동대문구 고산자로 454,37.5800373893651,127.038684050673
장수축산,butcher,6,영천시장,서울특별시 서대문구 영천시장길 70,37.5695322094402,126.962611802228
백년손님형제떡방,ricecake,87,망원동월드컵시장,서울특별시 마포구 망원로7길 28,37.5587963999632,126.905405484274
진미반찬,sidedish,111,목사랑시장 (목4동시장),서울특별시 양천구 목동중앙남로 50,37.5382701461737,126.866520051877
상운청과,greengrocer,31,수유재래시장,서울특별시 강북구 삼양로80길 74,37.631668429206,127.021842089342
옛전통즉석구이,seafood,13,답십리현대시장,서울특별시 동대문구 한천로11길 61-7,37.5671810655502,127.058463205141
금조홍어회,sidedish,28,수유프라자,서울특별시 강북구 도봉로71길 16,37.6316321436237,127.023133570911
중국반찬,sidedish,76,가리봉시장,서울특별시 구로구 우마3길 10,37.4814669833799,126.888894301569
떡마루,ricecake,121,길음시장,서울특별시 성북구 길음로7길 36-12,37.6033413365481,127.021981024172
낙원복떡집,ricecake,74,고척골목시장상점가,서울특별시 구로구 중앙로10길 16,37.5035687633338,126.863211626536
밭에가자야채청과,greengrocer,6,영천시장,서울특별시 서대문구 영천시장길 18,37.5710451881824,126.960482943263
민속떡방앗간,ricecake,197,연서시장,서울특별시 은평구 통일로 850,37.6193821890273,126.921922856859
몽실이네떡공방,ricecake,152,신영시장,서울특별시 양천구 월정로 163-1,37.5333575373264,126.836173380211
홍씨떡집,ricecake,6,영천시장,서울특별시 서대문구 독립문로 21-3,37.5701533162012,126.960823001273
민정반찬,sidedish,62,답십리시장,서울특별시 동대문구 답십리로51길 7-2,37.5733708668981,127.058535963831
한일상회,sidedish,130,광장시장,서울특별시 종로구 창경궁로 88,37.570114766493,126.999705691574
왕과일,greengrocer,14,은행나무시장,서울특별시 금천구 금하로25길 9,37.4513186008351,126.909349642564
밀양상회,seafood,101,경동시장,서울특별시 동대문구 고산자로36길 3,37.5790371332837,127.039147690267
현대청과,greengrocer,70,비단길현대시장,서울특별시 금천구 독산로39길 28,37.4584503193508,126.903904436821
제일떡집,ricecake,54,인헌시장,서울특별시 관악구 남부순환로248길 22,37.4750449505275,126.965541748229
도화농산,greengrocer,86,마포농수산물시장,서울특별시 마포구 월드컵로 235,37.5651967331886,126.898481601096
찬에밥한공기,sidedish,152,신영시장,서울특별시 양천구 월정로 165,37.5335284598426,126.835980668147
부경양돈M&F,butcher,12,남성사계시장,서울특별시 동작구 동작대로29길 18,37.4881671379369,126.981003940884
콩쥐팥쥐떡집,ricecake,9,봉천제일종합시장,서울특별시 관악구 청룡2길 43,37.4814337370987,126.943717921107
거북수산,seafood,102,경동광성상가,서울특별시 동대문구 고산자로38길 15-7,37.5802714457946,127.03929551072
바삭바삭,sidedish,199,공릉동도깨비시장,서울특별시 노원구 동일로180길 14,37.6219517907143,127.075327270459
서울농산,sidedish,103,서울약령시장,서울특별시 동대문구 고산자로 468,37.5813978562252,127.038786645937
새벽을여는떡,ricecake,27,수유중앙시장,서울특별시 강북구 노해로17길 27,37.640516282633,127.020858949636
삼양상회,seafood,160,신중부시장,서울특별시 중구 을지로30길 23,37.565582757726,126.999649115059
부부수산,seafood,68,신도봉시장,서울특별시 도봉구 도당로27길 60,37.6700181305465,127.041122333137
정아네반찬,sidedish,111,목사랑시장 (목4동시장),서울특별시 양천구 목동중앙남로 39,37.5372792018733,126.866657593209
참바른정육점,butcher,60,까치산시장,서울특별시 강서구 강서로16길 14,37.5327053960167,126.84705876629
신신흥사,sidedish,172,삼익패션타운,서울특별시 중구 남대문시장8길 13,37.5598685086139,126.978642925491
우리농산물유통센터,greengrocer,174,남대문시장,서울특별시 중구 퇴계로 39-2,37.5579310699124,126.9770703166
강경상회,sidedish,112,새마을시장,서울특별시 송파구 석촌호수로12길 8,37.5092572068624,127.085642026826
영광상회,greengrocer,102,경동광성상가,서울특별시 동대문구 고산자로40길 16,37.5807128835746,127.039442917787
신선채,greengrocer,113,석촌시장,서울특별시 송파구 송파대로37길 51-2,37.500085932934,127.106609692177
88건어물,seafood,71,별빛남문시장,서울특별시 금천구 독산로85길 37,37.4724765344801,126.900845489033
대명농산,greengrocer,101,경동시장,서울특별시 동대문구 고산자로36길 3,37.5790371332837,127.039147690267
신영축산물직거래장터,butcher,152,신영시장,서울특별시 양천구 곰달래로13길 39,37.5331313443422,126.835495037935
금산인삼,sidedish,113,석촌시장,서울특별시 송파구 송파대로37길 51-2,37.500085932934,127.106609692177
허센트,flower,39,강남시장,서울특별시 강남구 강남대로156길 12,37.5179992364385,127.020191344928
무궁화어묵,sidedish,197,연서시장,서울특별시 은평구 연서로 247,37.619697699095,126.922171722351
이가네건어물,sidedish,67,방학동도깨비시장,서울특별시 도봉구 방학로10길 80,37.6651366740206,127.035395985736
상호네반찬,sidedish,113,석촌시장,서울특별시 송파구 송파대로37길 48,37.5002658578865,127.106915290905
승진기름집,sidedish,8,화곡본동시장,서울특별시 강서구 까치산로 35,37.5428828608002,126.84412991406
삼남매정육점,butcher,55,봉일시장,서울특별시 관악구 은천로 32,37.4860715304809,126.938886412554
피어리윰,flower,64,창동신창시장,서울특별시 도봉구 덕릉로59마길 38,37.6397376460091,127.036460292559
시루원떡,ricecake,183,태능엔터피아,서울특별시 중랑구 동일로129길 35,37.5992635246832,127.07743329665
온실보테니컬컴퍼니,flower,37,청담삼익시장,서울특별시 강남구 학동로101길 26,37.5224468696354,127.05762510496
동부반찬,sidedish,186,중랑교종합상가,서울특별시 중랑구 망우로32길 48,37.5917945637876,127.077040581182
신성문구사,flower,180,한일상가,서울특별시 종로구 종로 226,37.5707724595482,127.002829913596
대영식품,butcher,196,황학시장,서울특별시 중구 퇴계로87길 35-13,37.5670135974463,127.020295120288
오리온,sidedish,173,숭례문수입상가,서울특별시 중구 소월로 3,37.5593724950588,126.976209712263
민속떡집,ricecake,129,유진상가,서울특별시 서대문구 인왕시장길 16,37.5910580491261,126.942854204123
낙원떡방앗간,ricecake,59,남부화곡시장,서울특별시 강서구 곰달래로51길 23,37.5328093343293,126.858146180483
우리떡,ricecake,67,방학동도깨비시장,서울특별시 도봉구 도당로15길 10,37.6660372032741,127.03686984712
연변순대,sidedish,147,대림중앙시장,서울특별시 영등포구 디지털로37길 30-1,37.4914043055298,126.898004866214
금비수라간,sidedish,60,까치산시장,서울특별시 강서구 강서로12길 5-5,37.5317686216717,126.847264326596
내추럴하우스,sidedish,200,암사종합시장,서울특별시 강동구 상암로11길 17,37.5505470388911,127.128714922418
우리집반찬,sidedish,6,영천시장,서울특별시 서대문구 통일로 191,37.5703968929402,126.96176240023
오가네반찬,sidedish,111,목사랑시장 (목4동시장),서울특별시 양천구 목동중앙남로 45,37.5378285676751,126.866441636347
시장떡집,ricecake,116,마천시장,서울특별시 송파구 성내천로30길 17-7,37.4984250579544,127.150745253768
축산사랑,butcher,189,면목시장,서울특별시 중랑구 면목로37길 5,37.5788502722262,127.085789598829
진미떡집,ricecake,101,경동시장,서울특별시 동대문구 약령중앙로2길 13,37.5788844504414,127.037653253947
금대고깃간,butcher,125,금남시장,서울특별시 성동구 독서당로 297-2,37.5483625996962,127.02225909244
청정푸드,seafood,46,신림중앙시장,서울특별시 관악구 조원로16길 27,37.4831438696652,126.911414200262
가판대,sidedish,90,성대전통시장,서울특별시 동작구 상도로 84,37.4995186404624,126.930009287161
게박사,sidedish,51,관악신사시장,서울특별시 관악구 신사로14길 70,37.4855085572687,126.916985647871
한가위떡집,ricecake,141,만리시장,서울특별시 용산구 효창원로 270,37.5513324117351,126.963695983216
낙원떡집,ricecake,25,장미원골목시장,서울특별시 강북구 삼양로123길 20,37.644841945683,127.014616841619
장터고기반찬,sidedish,85,아현시장,서울특별시 마포구 마포대로21길 59,37.5556182417261,126.955194566062
지혜푸드/지혜반찬식당,sidedish,35,명일전통시장,서울특별시 강동구 양재대로138길 13,37.5497626097541,127.144760325016
진수성찬,sidedish,197,연서시장,서울특별시 은평구 통일로 850,37.6193188042072,126.921447188818
하림닭집,butcher,9,봉천제일종합시장,서울특별시 관악구 청룡2길 36-3,37.4815871017309,126.944124828736
건해몽,seafood,159,중부시장,서울특별시 중구 을지로32길 33,37.5652043346645,127.001109243556
싱싱푸줏간,butcher,115,마천중앙시장,서울특별시 송파구 거마로20길 23,37.4973460633343,127.149001567854
텃발야채김치,sidedish,8,화곡본동시장,서울특별시 강서구 초록마을로2길 48,37.5432604560706,126.843506776402
강고집한과,seafood,95,청량리전통시장,서울특별시 동대문구 왕산로35길 21,37.5806666255335,127.042907165719
이온마트,greengrocer,65,백운시장,서울특별시 도봉구 우이천로 475,37.6555545041045,127.015638867468
허그플라워,flower,184,신아타운,서울특별시 중랑구 봉화산로 194,37.6064588447966,127.094711466519
목포댁홍어촌,sidedish,191,동원전통종합시장,서울특별시 중랑구 상봉로11길 13,37.5901344637786,127.092731969887
중앙청과,greengrocer,112,새마을시장,서울특별시 송파구 석촌호수로12길 9,37.5089960959261,127.085392901562
깐마늘,greengrocer,152,신영시장,서울특별시 양천구 월정로29길 3,37.533474006827,126.835697937334
동방떡방앗간,ricecake,72,구로시장,서울특별시 구로구 구로동로26길 9,37.4905451645769,126.884742300295
종로떡집,ricecake,92,상도전통시장,서울특별시 동작구 상도로37길 65,37.4985477473996,126.952548515257
오양식품,sidedish,93,남성역골목시장,서울특별시 동작구 사당로16가길 40,37.4835520343517,126.97137198646
군산김치,sidedish,6,영천시장,서울특별시 서대문구 영천시장길 28,37.5708020402089,126.960845300791
종로떡집방앗간,ricecake,41,신성종합시장(건물형),서울특별시 광진구 영화사로 7,37.5584135486418,127.088697467966
유영한우축산도소매센터,butcher,109,목동깨비시장 (목3동시장),서울특별시 양천구 목동중앙북로 22,37.5481893413956,126.865812076131
까르푸중한식품,sidedish,76,가리봉시장,서울특별시 구로구 우마길 10,37.4819704143556,126.887695094842
우부장돈대리,butcher,139,이촌종합시장,서울특별시 용산구 이촌로75길 16-5,37.5207192761778,126.974672234049
신영수산,seafood,152,신영시장,서울특별시 양천구 곰달래로13길 43,37.5334914436265,126.83527928089
신선한정육점,butcher,198,돈암시장,서울특별시 성북구 동소문로 86-15,37.5916114837022,127.015319761727
제일축산,butcher,182,장미제일시장,서울특별시 중랑구 동일로139나길 40,37.6050393933465,127.076635219571
싱싱야채김치젓갈,greengrocer,12,남성사계시장,서울특별시 동작구 동작대로29길 24,37.4882211415309,126.980653404441
인천할머니생선,seafood,198,돈암시장,서울특별시 성북구 동소문로18길 12,37.5918276560827,127.01581801111
친절축산,butcher,115,마천중앙시장,서울특별시 송파구 마천로41길 21,37.4971195100393,127.150030192833
대부축산물,butcher,12,남성사계시장,서울특별시 동작구 동작대로29나길 9,37.4884823984334,126.980438499781
하나로축산,butcher,142,보광시장,서울특별시 용산구 보광로 37-1,37.5275696089824,126.999434343856
업소명없음,seafood,190,동원시장,서울특별시 중랑구 면목로74길 45,37.58983933519,127.089889646761
고기천국,butcher,193,우림골목시장,서울특별시 중랑구 망우로62길 51,37.5970493454592,127.09857222
태양이네,sidedish,50,우림시장,서울특별시 관악구 난곡로24길 9,37.469806478078,126.92064303488
영진씨앗나라,sidedish,72,구로시장,서울특별시 구로구 구로동로20길 10-6,37.4886533826428,126.885084424302
진미반찬,sidedish,76,가리봉시장,서울특별시 구로구 우마3길 10,37.4814669833799,126.888894301569
미스터떡집,ricecake,193,우림골목시장,서울특별시 중랑구 용마산로113길 31,37.5979689675634,127.097837388189
남도김치,sidedish,188,면목골목시장,서울특별시 중랑구 사가정로50길 70,37.5779679536602,127.084882927298
신진푸드정육점,butcher,200,암사종합시장,서울특별시 강동구 상암로11길 29,37.551051399175,127.128896856381
호두야,greengrocer,102,경동광성상가,서울특별시 동대문구 고산자로 454,37.5800373893651,127.038684050673
맛있는반찬,sidedish,116,마천시장,서울특별시 송파구 마천로45길 26-1,37.4980193321125,127.150959302596
용산,greengrocer,23,방신전통시장,서울특별시 강서구 방화동로16길 32,37.5715068037016,126.812646647297
제일떡집,ricecake,189,면목시장,서울특별시 중랑구 사가정로50길 46,37.5788234559778,127.085495225446
떡빚는바우,ricecake,32,수유시장,서울특별시 강북구 도봉로69길 16,37.6310105665027,127.022600925367
승진,sidedish,6,영천시장,서울특별시 서대문구 영천시장길 19,37.5711714331561,126.960799828555
별모래,greengrocer,174,남대문시장,서울특별시 중구 남대문시장4길 9,37.5596610992437,126.977669639015
올림픽떡집,ricecake,17,둔촌역전통시장,서울특별시 강동구 양재대로91길 25,37.5280066041695,127.134491157081
담꾹수유,sidedish,32,수유시장,서울특별시 강북구 도봉로67길 13,37.6305869192084,127.023541080847
중앙상회,seafood,35,명일전통시장,서울특별시 강동구 양재대로138길 21,37.5497080359518,127.145178928441
우리집반찬여기야,sidedish,41,신성종합시장(건물형),서울특별시 광진구 용마산로5길 17,37.5575410036991,127.086783751012
민속옛떡,ricecake,35,명일전통시장,서울특별시 강동구 양재대로138길 11,37.5498079090848,127.144556716096
대성상회,sidedish,101,경동시장,서울특별시 동대문구 고산자로36길 3,37.5790371332837,127.039147690267
대왕물산,sidedish,101,경동시장,서울특별시 동대문구 고산자로36길 3,37.5790371332837,127.039147690267
제일맛있는김치,sidedish,30,백년시장(강북종합시장과별개의시장) 구 강북종합전통시장,서울특별시 강북구 한천로140길 11-40,37.6416054597261,127.02596926149
신흥떡집,ricecake,73,남구로시장,서울특별시 구로구 구로동로26길 50,37.4899705322817,126.886823752927
풍년떡집,ricecake,74,고척골목시장상점가,서울특별시 구로구 경인로47길 101,37.503190995493,126.863777787489
정우식품,sidedish,197,연서시장,서울특별시 은평구 통일로80길 24,37.6206083712267,126.923201548545
미가낙원떡집,ricecake,121,길음시장,서울특별시 성북구 길음로7길 28,37.6033502461194,127.022513282458
진보건어물,seafood,159,중부시장,서울특별시 중구 동호로33길 24,37.5656548348006,127.000860234877
떡방떡사랑,ricecake,121,길음시장,서울특별시 성북구 길음로7길 28,37.6033502461194,127.022513282458
디미방,sidedish,20,대조시장,서울특별시 은평구 불광로 20,37.6097370393823,126.928943459079
정릉동350-1,sidedish,117,정릉시장,서울특별시 성북구 솔샘로6길 45,37.6095329294637,127.007746659921
우리농산물,greengrocer,32,수유시장,서울특별시 강북구 도봉로67길 18,37.6307312477932,127.022668813232
은주상회,sidedish,196,황학시장,서울특별시 중구 퇴계로87길 29-3,37.5667972677911,127.020815738017
덕성상회,seafood,101,경동시장,서울특별시 동대문구 고산자로36길 29,37.5793161144725,127.040121437774
낙원복떡집,ricecake,67,방학동도깨비시장,서울특별시 도봉구 도당로13가길 8,37.6655869790945,127.036008237586
동도상회,greengrocer,100,동서시장,서울특별시 동대문구 경동시장로 7,37.5795952287893,127.040687637007
신영생선,seafood,152,신영시장,서울특별시 양천구 곰달래로13길 42,37.5333478514637,126.835686900105
화진떡방,ricecake,67,방학동도깨비시장,서울특별시 도봉구 방학로10길 73,37.6651097696955,127.034976616266
옛날상회,seafood,193,우림골목시장,서울특별시 중랑구 망우로62길 52-4,37.5967702935126,127.098266115029
미소식품,sidedish,91,성대시장,서울특별시 동작구 상도로 102,37.4999431451181,126.931773087358
한우리음식압구정,sidedish,38,신사상가,서울특별시 강남구 압구정로29길 71,37.5336029246409,127.028319027209
착한정육점,butcher,66,쌍문시장,서울특별시 도봉구 도봉로113길 33,37.6484153237403,127.032339894664
순수한찬,sidedish,200,암사종합시장,서울특별시 강동구 고덕로10길 62,37.5520330888826,127.129260685009
우대축산,butcher,129,유진상가,서울특별시 서대문구 통일로 468,37.5902652037301,126.942911423346
새서울떡집,ricecake,120,돌곶이시장(구 석관황금시장),서울특별시 성북구 한천로73길 34,37.6096432634256,127.061565648363
강남떡집,ricecake,92,상도전통시장,서울특별시 동작구 상도로47길 16,37.49996202915,126.95181253821
고분계란,seafood,33,고분다리전통시장,서울특별시 강동구 구천면로34길 34,37.5423521119133,127.133091187931
우영야채,greengrocer,193,우림골목시장,서울특별시 중랑구 망우로62길 52-4,37.5967702935126,127.098266115029
영경플라워,flower,119,장위전통시장,서울특별시 성북구 장월로8가길 50,37.6113425114747,127.050184620885
영월상회,greengrocer,101,경동시장,서울특별시 동대문구 고산자로36길 3,37.5790371332837,127.039147690267
연남방앗간다이닝DDP점,ricecake,164,제일평화시장,서울특별시 중구 을지로 281,37.5680149429348,127.010911744526
유진축산물,butcher,100,동서시장,서울특별시 동대문구 왕산로 163-1,37.5792165276549,127.041502538025
목포수산,seafood,86,마포농수산물시장,서울특별시 마포구 월드컵로 235,37.5651967331886,126.898481601096
신도봉야채,greengrocer,68,신도봉시장,서울특별시 도봉구 도당로27길 55,37.6698560604668,127.040816207179
재범이네,seafood,152,신영시장,서울특별시 양천구 곰달래로13길 46,37.5337350282858,126.835505025996
에이원농산물도소매사계점,greengrocer,12,남성사계시장,서울특별시 동작구 동작대로29길 33,37.4880138347878,126.980201171711
떡이야기,ricecake,53,봉천중앙시장,서울특별시 관악구 관악로24길 25,37.4845203420537,126.955847616919
고향촌반찬,sidedish,147,대림중앙시장,서울특별시 영등포구 디지털로37나길 8-1,37.4906393245623,126.899023585538
다온축산,butcher,20,대조시장,서울특별시 은평구 진흥로 153,37.6091048137596,126.92644113412
채전밭과수원길,greengrocer,20,대조시장,서울특별시 은평구 불광로 12-1,37.6095922976469,126.927980926483
야채과일,greengrocer,150,신정제일시장,서울특별시 양천구 중앙로 260,37.5196128611603,126.853386227476
오복참기름,sidedish,102,경동광성상가,서울특별시 동대문구 고산자로38길 19,37.580100154854,127.03960108947
신자분식,sidedish,196,황학시장,서울특별시 중구 퇴계로87길 49-24,37.5678696222807,127.01983126473
신선미트,butcher,26,우이시장,서울특별시 강북구 한천로 1132,37.6459405028647,127.019115484439
어성상회,seafood,145,동남상가,서울특별시 영등포구 영중로20길 4,37.5211350302041,126.905928161034
떡마을,ricecake,188,면목골목시장,서울특별시 중랑구 사가정로50길 90,37.5771845517323,127.084236762566
고기파는총각들,butcher,21,용산용문시장,서울특별시 용산구 새창로14길 49,37.5374467079883,126.959674713427
미남생선,seafood,112,새마을시장,서울특별시 송파구 석촌호수로 78,37.5093289912447,127.086049282019
동성상회,sidedish,102,경동광성상가,서울특별시 동대문구 고산자로 454,37.5800373893651,127.038684050673
다해림맛김,sidedish,187,사가정시장,서울특별시 중랑구 면목로44길 34,37.5809010713157,127.090433637457
종로떡방,ricecake,200,암사종합시장,서울특별시 강동구 올림픽로98길 24,37.550942970472,127.129179585836
맘스마트,greengrocer,74,고척골목시장상점가,서울특별시 구로구 중앙로 64,37.5037935813225,126.862838002016
전남상회,butcher,196,황학시장,서울특별시 중구 퇴계로87길 29-14,37.5669144879054,127.020295093399
제기축산물공판장,butcher,101,경동시장,서울특별시 동대문구 고산자로36길 3,37.5790371332837,127.039147690267
풍가떡집,ricecake,58,남부골목시장,서울특별시 강서구 등촌로5길 52,37.533118637324,126.860634664131
아우라인,greengrocer,103,서울약령시장,서울특별시 동대문구 약령중앙로 14,37.579434225194,127.03712144545
길동반찬,sidedish,36,길동복조리시장,서울특별시 강동구 천중로52길 20,37.539924849042,127.143824790188
여수상회,seafood,32,수유시장,서울특별시 강북구 도봉로67길 18,37.6307312477932,127.022668813232
반찬집,sidedish,107,신곡종합시장,서울특별시 양천구 신월로16길 5,37.517823972546,126.842575798637
신토불이농수산물,greengrocer,85,아현시장,서울특별시 마포구 굴레방로9길 18,37.556843403619,126.954684542933
브라보수산,seafood,35,명일전통시장,서울특별시 강동구 양재대로138길 11,37.5498079090848,127.144556716096
허니플라워LA,flower,174,남대문시장,서울특별시 중구 남대문시장4길 21,37.5591835687093,126.977658463626
팔계훈제,butcher,73,남구로시장,서울특별시 구로구 구로동로26길 41,37.4902044248934,126.88643894574
번동청과,greengrocer,135,대림시장,서울특별시 은평구 응암로4길 21-1,37.5868261026884,126.917065735
재원상사,sidedish,174,남대문시장,서울특별시 중구 남대문시장4길 9,37.5596610992437,126.977669639015
재이상회,seafood,160,신중부시장,서울특별시 중구 을지로32길 34,37.565285429502,127.000079231768
말로니,flower,37,청담삼익시장,서울특별시 강남구 학동로101길 26,37.5224468696354,127.05762510496
쑥고개야채,greengrocer,9,봉천제일종합시장,서울특별시 관악구 청룡2길 44-3,37.4816319374201,126.943672547677
암소정육점,butcher,1,상계중앙시장,서울특별시 노원구 상계로27길 32,37.6599676867298,127.06985773862
해정이네,sidedish,14,은행나무시장,서울특별시 금천구 금하로25길 27,37.4514003819775,126.910253674895
풍천수산,seafood,31,수유재래시장,서울특별시 강북구 도봉로71길 33,37.6310467046124,127.022079811972
시루원떡집,ricecake,188,면목골목시장,서울특별시 중랑구 사가정로50길 98,37.5768693653969,127.084009996025
돈암정육점,butcher,198,돈암시장,서울특별시 성북구 동소문로18길 24-14,37.5916744843962,127.01584062433
황금상회,seafood,75,고척근린시장,서울특별시 구로구 고척로40길 20,37.5023374063726,126.850818874197
전주반찬가게,sidedish,1,상계중앙시장,서울특별시 노원구 상계로23다길 18,37.6593101313431,127.069585128531
엠피유,butcher,8,화곡본동시장,서울특별시 강서구 화곡로 194-52,37.5423861595893,126.843259666149
홍중국식품,sidedish,70,비단길현대시장,서울특별시 금천구 독산로39길 46,37.457909186987,126.903260880087
제일수산,seafood,58,남부골목시장,서울특별시 강서구 곰달래로55길 20,37.5329474876772,126.860668924382
동안상회,sidedish,159,중부시장,서울특별시 중구 마른내로 113,37.564690770796,127.000543299236
리코드,flower,12,남성사계시장,서울특별시 동작구 동작대로 117,37.487554637466,126.98219133997
서산떡방아간,ricecake,14,은행나무시장,서울특별시 금천구 금하로23길 23,37.4523001035896,126.908568635751
프레시럭숭인점,sidedish,131,신설종합시장,서울특별시 종로구 난계로29길 73,37.5733387369261,127.019391233221
대동상회,greengrocer,30,백년시장(강북종합시장과별개의시장) 구 강북종합전통시장,서울특별시 강북구 한천로148길 12-43,37.6422723212121,127.025357646932
대창수산,seafood,69,대명여울빛거리시장,서울특별시 금천구 시흥대로58길 26,37.4536559111307,126.902656051542
아현에덴화원,flower,85,아현시장,서울특별시 마포구 굴레방로7길 8,37.5564020663604,126.955080921966
훈이네야채,greengrocer,43,능동로골목시장,서울특별시 광진구 뚝섬로30길 24,37.5350291888334,127.066516469684
무침프로젝트,sidedish,11,망원시장,서울특별시 마포구 망원로8길 26,37.5563191577466,126.906031076286
일등푸줏간,butcher,35,명일전통시장,서울특별시 강동구 양재대로138길 20,37.5495281148795,127.144952250844
삼영상회,greengrocer,159,중부시장,서울특별시 중구 을지로32길 33,37.5652043346645,127.001109243556
기섭이네생선가게,seafood,112,새마을시장,서울특별시 송파구 석촌호수로12길 13,37.508924333681,127.084951717915
주부정육점,butcher,78,화양제일골목시장,서울특별시 광진구 동일로24길 69,37.5430196856646,127.068911129082
딸부자건어물,seafood,152,신영시장,서울특별시 양천구 곰달래로13길 43,37.5334914436265,126.83527928089
덕기네생선,seafood,128,인왕시장,서울특별시 서대문구 통일로40안길 26-6,37.5909326884029,126.944484769585
오공찬,sidedish,11,망원시장,서울특별시 마포구 망원로8길 27,37.5563013267317,126.90626876536
서울떡집,ricecake,47,원당종합시장,서울특별시 관악구 남부순환로248길 33,37.4745855012427,126.965768061789
참우리식자재,greengrocer,78,화양제일골목시장,서울특별시 광진구 동일로24길 77,37.5428573271775,127.069216496264
고향떡방아간,ricecake,116,마천시장,서울특별시 송파구 마천로45길 33,37.4987397151633,127.151288706863
남해수산,seafood,104,전농로터리시장,서울특별시 동대문구 전농로15길 22,37.5780391010794,127.05630942978
즉석반찬,sidedish,187,사가정시장,서울특별시 중랑구 면목로44길 10,37.5812264872417,127.089041519363
오빠네명품축산,butcher,41,신성종합시장(건물형),서울특별시 광진구 영화사로 4,37.5584500375837,127.088097668533
행복한조개맛집,sidedish,48,신원시장,서울특별시 관악구 관천로 41,37.4830461226769,126.926542283358
경원상회,greengrocer,102,경동광성상가,서울특별시 동대문구 고산자로40길 5,37.5808572004634,127.038967504346
미스터반찬왕,sidedish,72,구로시장,서울특별시 구로구 구로동로26길 8,37.4902568537626,126.884754050777
선진유통,butcher,35,명일전통시장,서울특별시 강동구 양재대로138길 21,37.5497080359518,127.145178928441
제일떡집,ricecake,64,창동신창시장,서울특별시 도봉구 덕릉로57길 47,37.6402423088313,127.036097973243
지호네정육점,butcher,40,중곡제일시장(이오상사),서울특별시 광진구 긴고랑로11길 11,37.5639149518726,127.081301616785
초신선정육점,butcher,25,장미원골목시장,서울특별시 강북구 삼양로 469,37.645121140859,127.015478046805
남산상회,seafood,160,신중부시장,서울특별시 중구 을지로32길 34,37.565285429502,127.000079231768
태원축산물센타,butcher,150,신정제일시장,서울특별시 양천구 중앙로34길 30,37.5208476100093,126.853689238135
김문태김치,sidedish,119,장위전통시장,서울특별시 성북구 장위로38길 55-2,37.6108734806843,127.051384832924
영재네농산물,greengrocer,199,공릉동도깨비시장,서울특별시 노원구 동일로180길 36,37.6225097765357,127.07630199779
세희네김치,sidedish,56,화곡중앙시장,서울특별시 강서구 월정로30길 51,37.5348386769027,126.838715837256
민영활어공장,seafood,112,새마을시장,서울특별시 송파구 석촌호수로 78,37.5093289912447,127.086049282019
행운청과,greengrocer,60,까치산시장,서울특별시 강서구 강서로12길 5,37.5315885537006,126.847366517265
밥도둑반찬,sidedish,17,둔촌역전통시장,서울특별시 강동구 양재대로91길 29,37.527997774433,127.134332756716
까르푸과일야채,greengrocer,76,가리봉시장,서울특별시 구로구 우마길 10,37.4819704143556,126.887695094842
일오삼반찬가게,sidedish,105,전곡시장,서울특별시 동대문구 답십리로63길 113,37.5775547262539,127.06919199801
축협한우직매점,butcher,55,봉일시장,서울특별시 관악구 국회단지길 8,37.4865403976788,126.93955313956
서울상회,sidedish,101,경동시장,서울특별시 동대문구 고산자로36길 3,37.5790371332837,127.039147690267
조은식품,sidedish,137,후암시장,서울특별시 용산구 후암로28길 12,37.5498222597957,126.977966803196
이스트판다,sidedish,189,면목시장,서울특별시 중랑구 면목로37길 6,37.5791113376698,127.086095563025
신풍년떡집,ricecake,90,성대전통시장,서울특별시 동작구 국사봉1길 24,37.4988607923349,126.929817651767
일품상회,greengrocer,100,동서시장,서울특별시 동대문구 경동시장로 3,37.5792437708148,127.040891222604
홍가네홍어무침,sidedish,25,장미원골목시장,서울특별시 강북구 삼양로123길 17,37.6446437165354,127.014718780469
소문난떡방앗간,ricecake,34,성내전통시장,서울특별시 강동구 천호대로162길 55,37.5343569032631,127.127962986922
계림상회,greengrocer,101,경동시장,서울특별시 동대문구 고산자로36길 30,37.5791178958394,127.040121331412
태평양유통,sidedish,44,조양시장(건물형),서울특별시 광진구 뚝섬로27길 65,37.5387231798237,127.066712102607
케이축산,butcher,9,봉천제일종합시장,서울특별시 관악구 청룡2길 19,37.4812722150636,126.945120003326
나라족발,sidedish,97,청량리청과물시장,서울특별시 동대문구 홍릉로1길 41,37.5803783978625,127.042657935943
스미래청과,greengrocer,90,성대전통시장,서울특별시 동작구 국사봉1길 33,37.499113395145,126.930360239013
지니떡방,ricecake,186,중랑교종합상가,서울특별시 중랑구 중랑천로10길 87,37.5928302060378,127.077800289227
착한가게,sidedish,190,동원시장,서울특별시 중랑구 면목로74길 45,37.58983933519,127.089889646761
바다사랑,seafood,34,성내전통시장,서울특별시 강동구 천호대로162길 73,37.5333750351747,127.127757657461
덕수,seafood,42,광성시장,서울특별시 광진구 능동로47길 30,37.5635817081187,127.081120157626
우수상회,greengrocer,105,전곡시장,서울특별시 동대문구 답십리로63길 106,37.5772572920527,127.069372852929
강진건어물,seafood,14,은행나무시장,서울특별시 금천구 금하로25길 7,37.4513094605617,126.909180129234
오늘반찬,sidedish,66,쌍문시장,서울특별시 도봉구 도봉로113길 20,37.648370098918,127.032974434604
성미건어물,seafood,11,망원시장,서울특별시 마포구 포은로8길 22,37.5564362512266,126.905985659324
용문수산,seafood,21,용산용문시장,서울특별시 용산구 효창원로42길 38-36,37.5368249170158,126.959380870732
새마을농산,greengrocer,112,새마을시장,서울특별시 송파구 석촌호수로12길 14,37.5091765740461,127.085008555488
정원식품,sidedish,102,경동광성상가,서울특별시 동대문구 고산자로38길 15-3,37.580244449859,127.039193606744
영광상회,seafood,160,신중부시장,서울특별시 중구 을지로32길 24,37.5657088976857,127.000056594441
대흥상회,seafood,197,연서시장,서울특별시 은평구 연서로 249,37.6196979004072,126.922477552904
순희네,sidedish,130,광장시장,서울특별시 종로구 창경궁로 88,37.570114766493,126.999705691574
원조반찬,sidedish,116,마천시장,서울특별시 송파구 마천로45길 28-1,37.4981542223137,127.151163130258
홍가네반찬,sidedish,55,봉일시장,서울특별시 관악구 봉천로23나길 63,37.4868824432407,126.938897058964
이모네김치반찬,sidedish,67,방학동도깨비시장,서울특별시 도봉구 방학로10길 75,37.6651818178589,127.035078655855
은미네반찬,sidedish,21,용산용문시장,서울특별시 용산구 효창원로42길 38-22,37.5363655578126,126.959822383473
맛도담,greengrocer,46,신림중앙시장,서울특별시 관악구 조원로16길 27,37.4831438696652,126.911414200262
아빠가빚은떡,ricecake,104,전농로터리시장,서울특별시 동대문구 전농로16길 6,37.5783087378396,127.057679448874
진성상회,butcher,143,영신상가,서울특별시 영등포구 영등포로43길 7,37.5201631813168,126.907490437237
나래청과,greengrocer,86,마포농수산물시장,서울특별시 마포구 월드컵로 235,37.5651967331886,126.898481601096
여우청소,sidedish,68,신도봉시장,서울특별시 도봉구 도봉로151길 53,37.6687660578217,127.04028288776
해냄식품,seafood,66,쌍문시장,서울특별시 도봉구 도봉로113길 16,37.6482979343438,127.033280350756
먹자건어물,seafood,42,광성시장,서울특별시 광진구 능동로47길 30,37.5635817081187,127.081120157626
현덕청년,butcher,95,청량리전통시장,서울특별시 동대문구 왕산로35길 44,37.5816667200382,127.04293038227
초원김치반찬,sidedish,64,창동신창시장,서울특별시 도봉구 덕릉로57길 31,37.6398096050976,127.036845551808
서울떡집,ricecake,112,새마을시장,서울특별시 송파구 석촌호수로12길 10,37.5092394159721,127.085325316627
빨간모자생선,seafood,116,마천시장,서울특별시 송파구 마천로45길 35,37.4988296995838,127.151379358607
신영수산,seafood,152,신영시장,서울특별시 양천구 곰달래로13길 43,37.5334914436265,126.83527928089
에코아로마,sidedish,101,경동시장,서울특별시 동대문구 왕산로 139-10,37.5788118885768,127.039136251467
부부김,sidedish,36,길동복조리시장,서울특별시 강동구 천중로52길 47-2,37.5386277296275,127.143562058725
남도젓갈,seafood,60,까치산시장,서울특별시 강서구 강서로 52,37.5324886871002,126.846697165442
신선식품,greengrocer,54,인헌시장,서울특별시 관악구 남부순환로246나길 24,37.4747475577753,126.965338391965
대성닭집,butcher,122,용답상가시장,서울특별시 성동구 용답중앙길 69,37.563588520389,127.053333087253
원조반찬,sidedish,125,금남시장,서울특별시 성동구 금호산2길 17-1,37.5488942983449,127.02167080062
중앙수산,seafood,196,황학시장,서울특별시 중구 퇴계로85길 17,37.5665992654128,127.01954795238
한가네육곳간,butcher,190,동원시장,서울특별시 중랑구 면목로74길 48,37.5895328168366,127.090127050444
이촌건어물,seafood,139,이촌종합시장,서울특별시 용산구 이촌로75길 10-3,37.5203948467901,126.974355606613
간지네과일야채,greengrocer,188,면목골목시장,서울특별시 중랑구 사가정로50길 96,37.5769864461797,127.084078051113
종로부동산공인중개사사무소;종로떡집,ricecake,117,정릉시장,서울특별시 성북구 보국문로11길 34,37.608785077641,127.008199598867
진이떡방,ricecake,6,영천시장,서울특별시 서대문구 통일로 205-5,37.5712074315458,126.960675292773
공릉생선,seafood,199,공릉동도깨비시장,서울특별시 노원구 동일로180길 53,37.6228606088784,127.077151922262
신토불이김치연구소,sidedish,182,장미제일시장,서울특별시 중랑구 봉화산로3길 78,37.6050491404245,127.075491420346
야채,greengrocer,72,구로시장,서울특별시 구로구 구로동로26길 11,37.4905182887374,126.884900646962
성현사,sidedish,173,숭례문수입상가,서울특별시 중구 남대문시장4길 28-9,37.5587419075885,126.976764486615
전통떡집,ricecake,134,신응암시장,서울특별시 은평구 응암로22길 10,37.593557899663,126.919062453963
소반돼지반,butcher,83,한아름시장,서울특별시 광진구 능동로13길 58,37.5443617223073,127.069681829086
성가네식품,sidedish,199,공릉동도깨비시장,서울특별시 노원구 동일로180길 14,37.6219517907143,127.075327270459
덕성물산,greengrocer,101,경동시장,서울특별시 동대문구 고산자로36길 30,37.5791178958394,127.040121331412
참살이떡방,ricecake,132,대림골목시장,서울특별시 은평구 응암로12길 9-9,37.5883312422213,126.917754725918
토종한우직판장,butcher,21,용산용문시장,서울특별시 용산구 효창원로 93,37.5371852468838,126.95917701294
신진떡방앗간,ricecake,175,통인시장,서울특별시 종로구 자하문로15길 15,37.5806436157689,126.970134810094
달다,greengrocer,152,신영시장,서울특별시 양천구 월정로29길 12,37.5333467785246,126.834917551595
명가반찬,sidedish,17,둔촌역전통시장,서울특별시 강동구 양재대로91길 20,37.5280601220839,127.134966407095
떡마을방앗간,ricecake,10,백련시장,서울특별시 서대문구 증가로10길 14,37.578081681845,126.923313172304
아기밥그릇엄마반찬,sidedish,23,방신전통시장,서울특별시 강서구 금낭화로 54-3,37.570361375903,126.811913744045
미래떡집,ricecake,60,까치산시장,서울특별시 강서구 강서로12길 5-19,37.5322907757304,126.846935160865
삼둥이,seafood,183,태능엔터피아,서울특별시 중랑구 중랑역로 57,37.5988671038753,127.077410238007
서천상회,seafood,98,청량리종합시장,서울특별시 동대문구 경동시장로 13-1,37.5801719464493,127.040450208236
죽앤전,sidedish,30,백년시장(강북종합시장과별개의시장) 구 강북종합전통시장,서울특별시 강북구 한천로144길 31,37.642317172119,127.026264102275
천지백,greengrocer,174,남대문시장,서울특별시 중구 남대문시장4길 9,37.5596610992437,126.977669639015
푸른청과,greengrocer,90,성대전통시장,서울특별시 동작구 국사봉1길 41,37.4992127980405,126.930857735715
민영활어공장,seafood,36,길동복조리시장,서울특별시 강동구 명일로17길 48,37.5389608646501,127.143755049603
안동상회,seafood,102,경동광성상가,서울특별시 동대문구 고산자로38길 5,37.5801093981736,127.038899188205
늘푸른야채가게,greengrocer,36,길동복조리시장,서울특별시 강동구 천중로52길 37,37.5390779391966,127.143800533772
생선이선생수유,seafood,32,수유시장,서울특별시 강북구 도봉로69길 20,37.6309655539348,127.022408322515
현대휴게음식,sidedish,125,금남시장,서울특별시 성동구 독서당로 308-1,37.5480019993785,127.023300076524
맛깔,sidedish,110,목2동시장,서울특별시 양천구 목동중앙북로 91,37.5463866015332,126.873295156097
현대꽃수족관,flower,74,고척골목시장상점가,서울특별시 구로구 중앙로 64,37.5037935813225,126.862838002016
대월닭,butcher,200,암사종합시장,서울특별시 강동구 고덕로10길 73,37.5515284196338,127.129361664052
경동,greengrocer,101,경동시장,서울특별시 동대문구 고산자로36길 3,37.5790371332837,127.039147690267
늘봄축산,butcher,9,봉천제일종합시장,서울특별시 관악구 남부순환로 1740,37.4819741421766,126.94329918476
궁전반찬,sidedish,42,광성시장,서울특별시 광진구 능동로47길 36,37.5636721333391,127.080644875438
콩밭신창,sidedish,64,창동신창시장,서울특별시 도봉구 덕릉로 241,37.6393856178497,127.038488200492
경북상회,seafood,21,용산용문시장,서울특별시 용산구 효창원로40길 24,37.5362214668692,126.960026120501
안동참기름,sidedish,97,청량리청과물시장,서울특별시 동대문구 홍릉로1가길 8,37.5806668136756,127.042386392862
맛나식품,sidedish,127,남부종합시장,서울특별시 서초구 방배중앙로27길 17,37.4949973251106,126.984813077027
동원홍어,sidedish,190,동원시장,서울특별시 중랑구 면목로74길 35,37.5895423864046,127.089391099949
동원떡집,ricecake,191,동원전통종합시장,서울특별시 중랑구 상봉로11길 35,37.589792971225,127.091599293139
소녀네반찬,sidedish,60,까치산시장,서울특별시 강서구 강서로12길 5,37.5315885537006,126.847366517265
플러스꽃집,flower,200,암사종합시장,서울특별시 강동구 상암로11길 11,37.5501687684629,127.128578473561
중부농산물,greengrocer,54,인헌시장,서울특별시 관악구 남부순환로248길 24,37.4749278060592,126.96549658128
옛날떡집,ricecake,43,능동로골목시장,서울특별시 광진구 뚝섬로30길 49,37.5343167689487,127.067624622658
바바플레르,flower,91,성대시장,서울특별시 동작구 상도로13가길 7,37.5005642599069,126.930777326252
남도미향유통,seafood,86,마포농수산물시장,서울특별시 마포구 월드컵로 235,37.5651967331886,126.898481601096
재승유통,seafood,198,돈암시장,서울특별시 성북구 동소문로18길 15,37.5917014835494,127.016067086521
상미반찬,sidedish,149,오목교중앙시장,서울특별시 양천구 신목로4길 40,37.5212613253642,126.876719992436
미성유통,seafood,160,신중부시장,서울특별시 중구 을지로32길 24,37.5657088976857,127.000056594441
복동이네김치,sidedish,189,면목시장,서울특별시 중랑구 면목로37길 5,37.5788502722262,127.085789598829
산과바다,greengrocer,60,까치산시장,서울특별시 강서구 강서로 52,37.5324886871002,126.846697165442
쌍문프로포즈과일야채,greengrocer,66,쌍문시장,서울특별시 도봉구 도봉로 473-1,37.6481355276492,127.034084806613
소담떡집,ricecake,12,남성사계시장,서울특별시 동작구 동작대로29길 24,37.4882211415309,126.980653404441
이조복떡,ricecake,134,신응암시장,서울특별시 은평구 응암로22길 5-13,37.59427849789,126.918778593241
할매손두부,sidedish,23,방신전통시장,서울특별시 강서구 방화동로16길 19,37.5709841394365,126.812591358201
엄마손반찬,sidedish,17,둔촌역전통시장,서울특별시 강동구 양재대로91길 37,37.5281785009795,127.13386923933
여의중국식품도소매,sidedish,72,구로시장,서울특별시 구로구 구로동로26길 5,37.4906079588557,126.884459515309
동의한재,greengrocer,101,경동시장,서울특별시 동대문구 약령중앙로2길 11,37.579001619298,127.037528783056
거창한방연구소,sidedish,103,서울약령시장,서울특별시 동대문구 약령서길 40,37.5801282508448,127.036284030836
장안떡방앗간,ricecake,51,관악신사시장,서울특별시 관악구 신사로14길 45,37.4866437231016,126.916837401504
도깨비수산,seafood,67,방학동도깨비시장,서울특별시 도봉구 도당로13가길 20,37.6659201991343,127.036473096167
동궁화원,flower,121,길음시장,서울특별시 성북구 동소문로 229,37.6026745613255,127.02220731771
왕부정중국식품,sidedish,44,조양시장(건물형),서울특별시 광진구 동일로18길 78,37.5386509782127,127.066927019384
명진식품,sidedish,85,아현시장,서울특별시 마포구 마포대로21길 68-1,37.5560327262381,126.95526222244
대호축산,butcher,53,봉천중앙시장,서울특별시 관악구 관악로24길 14,37.4838174453768,126.955554060987
참찬,sidedish,16,봉천현대시장,서울특별시 관악구 양녕로 49,37.4865978521268,126.946597316959
낙원떡집,ricecake,47,원당종합시장,서울특별시 관악구 인헌길 38,37.4738379056091,126.966616279146
낙원떡집,ricecake,23,방신전통시장,서울특별시 강서구 방화동로16길 56,37.5725868941412,126.811953426887
안양상회,sidedish,174,남대문시장,서울특별시 중구 남대문시장4길 9,37.5596610992437,126.977669639015
건어물천국,seafood,10,백련시장,서울특별시 서대문구 증가로10길 5,37.5777932092819,126.923075733149
영진식품,butcher,143,영신상가,서울특별시 영등포구 영등포로43가길 10,37.5206411451353,126.90804413871
민속떡방아간,ricecake,90,성대전통시장,서울특별시 동작구 국사봉1길 31,37.4990862648573,126.930190631876
지혜네정원,flower,171,대림상가,서울특별시 중구 을지로 157,37.5675198109677,126.995427058491
오늘반찬,sidedish,93,남성역골목시장,서울특별시 동작구 사당로16가길 11,37.4828946112061,126.972695084124
아이디,flower,144,삼구시장,서울특별시 영등포구 영등포로 219,37.5201437930117,126.905759725524
태영농산,greengrocer,115,마천중앙시장,서울특별시 송파구 거마로22길 28,37.4977955926403,127.149771447157
바다생협,seafood,104,전농로터리시장,서울특별시 동대문구 전농로 135,37.577065454777,127.057497360162
어묵공장,sidedish,197,연서시장,서울특별시 은평구 연서로 247,37.619697699095,126.922171722351
아시안마트,sidedish,64,창동신창시장,서울특별시 도봉구 덕릉로59길 15-22,37.6398183066186,127.037819946545
천호유통,butcher,34,성내전통시장,서울특별시 강동구 천호대로162길 45,37.53486127845,127.128133561972
이촌동와인가게,sidedish,139,이촌종합시장,서울특별시 용산구 이촌로77길 19,37.5205120986189,126.974921169332
풍기건강마을,sidedish,64,창동신창시장,서울특별시 도봉구 덕릉로57길 7,37.6391966054451,127.037887611558
동명식자재,sidedish,87,망원동월드컵시장,서울특별시 마포구 망원로7길 23,37.5585709694153,126.905179413173
서면수산,seafood,74,고척골목시장상점가,서울특별시 구로구 중앙로 64,37.5037935813225,126.862838002016
바다식품,seafood,191,동원전통종합시장,서울특별시 중랑구 상봉로11길 40,37.5899104069531,127.091203147865
블룸아트,flower,110,목2동시장,서울특별시 양천구 목동중앙본로32길 39,37.5454045877462,126.873364713034
종로복떡,ricecake,59,남부화곡시장,서울특별시 강서구 등촌로5길 79,37.5327383921813,126.859096681993
여수반찬,sidedish,183,태능엔터피아,서울특별시 중랑구 동일로123길 68,37.5985072984756,127.076503957068
명일건어물,seafood,35,명일전통시장,서울특별시 강동구 양재대로138길 14,37.5494925606049,127.144556107078
남도식품,seafood,75,고척근린시장,서울특별시 구로구 경인로33길 98-6,37.502274107533,126.850638051416
중앙수산,seafood,46,신림중앙시장,서울특별시 관악구 조원로16길 27,37.4831438696652,126.911414200262
금손아씨&주문진상회,greengrocer,101,경동시장,서울특별시 동대문구 고산자로36길 3,37.5790371332837,127.039147690267
삼기식품,butcher,190,동원시장,서울특별시 중랑구 면목로74길 38,37.5893170613516,127.089492732595
대도수산,seafood,101,경동시장,서울특별시 동대문구 고산자로36길 4,37.5787579596422,127.038739993053
가람상회,greengrocer,101,경동시장,서울특별시 동대문구 고산자로36길 3,37.5790371332837,127.039147690267
부산미도식품,sidedish,101,경동시장,서울특별시 동대문구 왕산로 147,37.5787846849648,127.03965699709
월드수입,sidedish,121,길음시장,서울특별시 성북구 길음로9길 50,37.602692810963,127.020950304859
싱싱수산,seafood,119,장위전통시장,서울특별시 성북구 장위로40라길 22,37.6112339156106,127.051294474648
금성수산,seafood,12,남성사계시장,서울특별시 동작구 동작대로29길 30,37.4881940721729,126.980415960601
용화상회,greengrocer,101,경동시장,서울특별시 동대문구 고산자로36길 3,37.5790371332837,127.039147690267
대성축산,butcher,67,방학동도깨비시장,서울특별시 도봉구 방학로10길 75,37.6651818178589,127.035078655855
석진네해물,seafood,128,인왕시장,서울특별시 서대문구 인왕시장길 18,37.5910853841597,126.943488256032
형제수산,seafood,101,경동시장,서울특별시 동대문구 고산자로36길 3,37.5790371332837,127.039147690267
루벤스플라워,flower,69,대명여울빛거리시장,서울특별시 금천구 시흥대로 201,37.4519063971608,126.900793536104
한아름화원,flower,78,화양제일골목시장,서울특별시 광진구 아차산로29길 55,37.5433259194871,127.069092458967
형제유통,sidedish,71,별빛남문시장,서울특별시 금천구 시흥대로142길 33,37.4731616042796,126.901206341257
번영상회,seafood,100,동서시장,서울특별시 동대문구 고산자로36길 39-6,37.5796043552998,127.040348012255
GBT상역,sidedish,175,통인시장,서울특별시 종로구 자하문로17길 18,37.5814904343144,126.969681620771
중앙식품,sidedish,175,통인시장,서울특별시 종로구 자하문로15길 21,37.5806164850461,126.969738580885
장사잘하는집,greengrocer,193,우림골목시장,서울특별시 중랑구 망우로62길 57,37.5969140455149,127.098753219261
낙원떡집,ricecake,193,우림골목시장,서울특별시 중랑구 망우로62길 52,37.5969323962529,127.0983569171
선숙이네반찬,sidedish,123,뚝도시장,서울특별시 성동구 성덕정15길 6-40,37.5381979963925,127.054197546931
창신푸드,greengrocer,101,경동시장,서울특별시 동대문구 고산자로36길 25,37.5792621162706,127.039940273778
소담찬방,sidedish,199,공릉동도깨비시장,서울특별시 노원구 동일로180길 37,37.622690010459,127.076245544407
만물상회,greengrocer,97,청량리청과물시장,서울특별시 동대문구 왕산로33길 18,37.5802344299689,127.042125762765
바다생협정릉점,seafood,117,정릉시장,서울특별시 성북구 보국문로11길 18-2,37.6088570912432,127.009094315245
위드헴프,sidedish,39,강남시장,서울특별시 강남구 압구정로2길 60,37.5179449794924,127.02131118559
동원축산,butcher,191,동원전통종합시장,서울특별시 중랑구 상봉로11길 7,37.5901973282779,127.092992467495
오복상회,greengrocer,101,경동시장,서울특별시 동대문구 고산자로36길 3,37.5790371332837,127.039147690267
낙원떡집,ricecake,86,마포농수산물시장,서울특별시 마포구 월드컵로 235,37.5651967331886,126.898481601096
황금떡집,ricecake,31,수유재래시장,서울특별시 강북구 도봉로71길 23,37.6312718502695,127.022612333318
엄마손젓갈,seafood,36,길동복조리시장,서울특별시 강동구 천중로52길 51-2,37.5384746150827,127.14351650613
명작식품,greengrocer,135,대림시장,서울특별시 은평구 응암로4길 24,37.5869614817087,126.91739392577
착한손두부,sidedish,199,공릉동도깨비시장,서울특별시 노원구 동일로180길 53,37.6228606088784,127.077151922262
남도반찬,sidedish,142,보광시장,서울특별시 용산구 보광로 38,37.5276507002461,126.999751111027
성도상회,sidedish,95,청량리전통시장,서울특별시 동대문구 왕산로35길 26,37.5809368823825,127.043020532737
보길야채,greengrocer,67,방학동도깨비시장,서울특별시 도봉구 도당로13길 16,37.6655510671434,127.035588861061
정직수산,seafood,42,광성시장,서울특별시 광진구 능동로47길 36,37.5636721333391,127.080644875438
서울야채,greengrocer,58,남부골목시장,서울특별시 강서구 등촌로5길 52,37.533118637324,126.860634664131
귤수저,greengrocer,48,신원시장,서울특별시 관악구 관천로 36,37.4831459518532,126.927706746778
바닿,seafood,145,동남상가,서울특별시 영등포구 영중로18길 6,37.5209547306926,126.905803954075
미향식품,seafood,39,강남시장,서울특별시 강남구 압구정로2길 46,37.5187650050546,127.020677958375
재환A,seafood,7,청량리수산시장,서울특별시 동대문구 왕산로 162,37.5787210366748,127.041343771005
세화섬이랑,seafood,159,중부시장,서울특별시 중구 동호로33길 24,37.5656548348006,127.000860234877
그날;그꽃,flower,36,길동복조리시장,서울특별시 강동구 양재대로116길 35,37.538412955851,127.142350968528
공릉드림축산,butcher,199,공릉동도깨비시장,서울특별시 노원구 동일로180길 14,37.6219517907143,127.075327270459
동남축산유통,butcher,143,영신상가,서울특별시 영등포구 영등포로45길 8,37.5200917011444,126.908259740802
진영상회,seafood,97,청량리청과물시장,서울특별시 동대문구 경동시장로8길 33,37.5810721874062,127.042590404506
유창농산,greengrocer,102,경동광성상가,서울특별시 동대문구 고산자로38길 13,37.5801092480816,127.03935203081
부산식품,sidedish,32,수유시장,서울특별시 강북구 도봉로69길 12,37.6310736094047,127.022736889987
동신상회,seafood,160,신중부시장,서울특별시 중구 을지로32길 6,37.5664026645448,127.00014714691
스타티스,flower,158,동화상가,서울특별시 중구 장충단로13길 20,37.5687359942888,127.007674516712
완도상회,seafood,113,석촌시장,서울특별시 송파구 송파대로37길 53-2,37.5000410356722,127.106439993897
부부상회,sidedish,72,구로시장,서울특별시 구로구 구로동로22길 21,37.4895639144112,126.885614476446
조은꽃,flower,188,면목골목시장,서울특별시 중랑구 사가정로50길 86,37.5773376235827,127.084372782744
만복축산유통,butcher,128,인왕시장,서울특별시 서대문구 인왕시장길 46,37.5916084747775,126.944574850078
남구로축산,butcher,73,남구로시장,서울특별시 구로구 구로동로26길 47,37.490177676943,126.886732980593
천하정육점대림,butcher,135,대림시장,서울특별시 은평구 응암로4길 18-14,37.5862229213053,126.917757045634
농심축산,butcher,135,대림시장,서울특별시 은평구 응암로4길 25,37.5871776087212,126.917235177035
숯불구이김,sidedish,17,둔촌역전통시장,서울특별시 강동구 양재대로91길 37,37.5281785009795,127.13386923933
우리나라우리고기,butcher,200,암사종합시장,서울특별시 강동구 상암로11길 17,37.5505470388911,127.128714922418
명성한우,butcher,124,마장축산물시장,서울특별시 성동구 마장로37길 55,37.5702876048101,127.041690015887
드림야채과일,greengrocer,41,신성종합시장(건물형),서울특별시 광진구 영화사로 4,37.5584500375837,127.088097668533
킹과일상회,greengrocer,46,신림중앙시장,서울특별시 관악구 조원로16길 34,37.4826931110386,126.911075541953
사임당떡고을,ricecake,80,자양전통시장,서울특별시 광진구 자양로13나길 6,37.533758991574,127.080635282576
호원당떡집,ricecake,81,영동교골목시장,서울특별시 광진구 동일로10길 51,37.5374000101291,127.064368800399
구로애조원,flower,72,구로시장,서울특별시 구로구 구로동로26길 16,37.4902751162802,126.885002787496
태화유통,seafood,128,인왕시장,서울특별시 서대문구 인왕시장길 18,37.5910853841597,126.943488256032
지호네젓갈,seafood,119,장위전통시장,서울특별시 성북구 장위로38길 55-1,37.6110086536465,127.051328297182
충남떡방앗간,ricecake,175,통인시장,서울특별시 종로구 필운대로6길 9,37.5807695134094,126.969195102915
명문떡집,ricecake,93,남성역골목시장,서울특별시 동작구 사당로16가길 16,37.4830747814979,126.972559341635
찰떡궁합,ricecake,30,백년시장(강북종합시장과별개의시장) 구 강북종합전통시장,서울특별시 강북구 한천로144길 26,37.6420288495783,127.02629799214
브로상사,sidedish,191,동원전통종합시장,서울특별시 중랑구 상봉로11길 21,37.5900266555104,127.09233554632
유성푸드법인,butcher,132,대림골목시장,서울특별시 은평구 응암로4길 33-1,37.5877995149272,126.917551510854
과일농장,greengrocer,151,경창시장,서울특별시 양천구 오목로9길 29,37.5247701347846,126.842153947227
만수유통,sidedish,143,영신상가,서울특별시 영등포구 영등포로45길 9-10,37.5203705710487,126.90769379777
창조맛나반찬,sidedish,70,비단길현대시장,서울특별시 금천구 독산로39길 22,37.4586667364657,126.904118911779
낙원떡집,ricecake,111,목사랑시장 (목4동시장),서울특별시 양천구 목동중앙남로 53,37.538576062787,126.866146118907
화월청과,greengrocer,85,아현시장,서울특별시 마포구 신촌로34길 31,37.5558433703812,126.954877544215
혜성반찬,sidedish,42,광성시장,서울특별시 광진구 능동로47길 27,37.5633294371508,127.081108565565
수라축산,butcher,93,남성역골목시장,서울특별시 동작구 사당로16가길 15,37.4829576267005,126.972457626946
늘푸른청과,greengrocer,97,청량리청과물시장,서울특별시 동대문구 경동시장로2길 32,37.5799999026209,127.042872819957
영심이야채,greengrocer,36,길동복조리시장,서울특별시 강동구 천중로52길 38,37.539132274384,127.143574340912
점순이네반찬,sidedish,175,통인시장,서울특별시 종로구 자하문로15길 9,37.5806977579948,126.970463102006
영천수산,seafood,6,영천시장,서울특별시 서대문구 통일로 193,37.5705590095814,126.961569883787
하루방화원,flower,200,암사종합시장,서울특별시 강동구 올림픽로98길 15,37.5514026392935,127.12903326187
고기중심,butcher,193,우림골목시장,서울특별시 중랑구 망우로62길 57,37.5969140455149,127.098753219261
강북상회,seafood,30,백년시장(강북종합시장과별개의시장) 구 강북종합전통시장,서울특별시 강북구 한천로144길 12,37.6415514503261,127.025742634991
런던케이크샵,greengrocer,171,대림상가,서울특별시 중구 을지로 157,37.5675198109677,126.995427058491
옥희네반찬,sidedish,135,대림시장,서울특별시 은평구 응암로4길 21-1,37.5868261026884,126.917065735
행복떡집,ricecake,28,수유프라자,서울특별시 강북구 도봉로71길 16,37.6316321436237,127.023133570911
바다수산,seafood,150,신정제일시장,서울특별시 양천구 신월로 303,37.5215426367796,126.854705979259
수담식품관,sidedish,12,남성사계시장,서울특별시 서초구 동작대로 130,37.4880142188303,126.982643517067
황금축산,butcher,47,원당종합시장,서울특별시 관악구 남부순환로248길 17,37.4752161982735,126.965733858451
전통시장,greengrocer,197,연서시장,서울특별시 은평구 통일로 850,37.6193188042072,126.921447188818
플랜트플랜트플랜트,flower,127,남부종합시장,서울특별시 서초구 동광로5길 17,37.4938440216277,126.984700230218
맛사랑,sidedish,30,백년시장(강북종합시장과별개의시장) 구 강북종합전통시장,서울특별시 강북구 한천로144길 27,37.6422361011652,127.026184760311
손가부대찌개,sidedish,43,능동로골목시장,서울특별시 광진구 뚝섬로30길 28,37.5349390378005,127.066606903487
신촌떡사랑,ricecake,111,목사랑시장 (목4동시장),서울특별시 양천구 목동중앙남로 43,37.5377384934767,126.866464426301
제일상회,sidedish,187,사가정시장,서울특별시 중랑구 용마산로51길 47,37.5800280216236,127.089232549985
신세계식품,seafood,125,금남시장,서울특별시 성동구 독서당로 297-1,37.5483626188511,127.022157246066
서진닭집,butcher,189,면목시장,서울특별시 중랑구 면목로37길 5,37.5788502722262,127.085789598829
떡궁전,ricecake,118,정릉아리랑시장,서울특별시 성북구 아리랑로19길 19,37.6024327317739,127.012400272456
수빈이네,sidedish,116,마천시장,서울특별시 송파구 마천로51가길 28,37.4986767607668,127.151198109837
선우물산,greengrocer,103,서울약령시장,서울특별시 동대문구 약령중앙로 24-2,37.5802901442806,127.037201118061
낙원떡방아간,ricecake,34,성내전통시장,서울특별시 강동구 천호대로162길 53,37.5344739962988,127.127997129466
종로떡방,ricecake,66,쌍문시장,서울특별시 도봉구 도봉로 471,37.6478472749928,127.033869379404
서울상회,greengrocer,95,청량리전통시장,서울특별시 동대문구 홍릉로1길 19,37.5806753153936,127.04377889946
자유농산,greengrocer,96,청량리농수산물시장,서울특별시 동대문구 경동시장로 22-1,37.5810007475764,127.040778971491
광명농산물,greengrocer,21,용산용문시장,서울특별시 용산구 효창원로 100,37.5372125134628,126.95986718738
태양상회,greengrocer,98,청량리종합시장,서울특별시 동대문구 홍릉로1길 66,37.5800995729545,127.041299249
민속떡집,ricecake,190,동원시장,서울특별시 중랑구 면목로74길 46,37.5894788869157,127.089957148167
소문난떡방아간,ricecake,80,자양전통시장,서울특별시 광진구 뚝섬로47길 50,37.5343454315487,127.079470557202
매일농수산,seafood,113,석촌시장,서울특별시 송파구 송파대로37길 57-2,37.4999152510037,127.106044002301
신영농산,greengrocer,152,신영시장,서울특별시 양천구 곰달래로13길 41,37.5333474102722,126.835370109537
세진농산,sidedish,17,둔촌역전통시장,서울특별시 강동구 풍성로56길 42,37.5273669847464,127.134410817154
낙원떡집,ricecake,27,수유중앙시장,서울특별시 강북구 노해로17길 21,37.640336029202,127.021176144851
영동상회농수산물,greengrocer,36,길동복조리시장,서울특별시 강동구 천중로52길 24,37.5397269875941,127.143530221432
남부핫바,sidedish,59,남부화곡시장,서울특별시 강서구 등촌로5길 79,37.5327383921813,126.859096681993
서울족발,sidedish,97,청량리청과물시장,서울특별시 동대문구 홍릉로1길 39,37.5804234024736,127.042782493879
목포젓갈,seafood,6,영천시장,서울특별시 서대문구 통일로 189-1,37.5703338525748,126.961852989158
잠실세계로마트,greengrocer,112,새마을시장,서울특별시 송파구 석촌호수로 76,37.5095363784401,127.085834622535
대성종합식품,greengrocer,159,중부시장,서울특별시 중구 을지로36길 18,37.5659791872043,127.001482779704
불광떡방앗간,ricecake,20,대조시장,서울특별시 은평구 불광로 1-1,37.6092401733491,126.926780765193
태호수산주,seafood,102,경동광성상가,서울특별시 동대문구 고산자로38길 5,37.5801093981736,127.038899188205
최고의고기,butcher,151,경창시장,서울특별시 양천구 중앙로53길 65,37.5245905690455,126.842629457351
가평손두부,greengrocer,116,마천시장,서울특별시 송파구 성내천로32길 14-4,37.4986132123171,127.151571170215
조은고기정육점,butcher,25,장미원골목시장,서울특별시 강북구 삼양로123길 17,37.6446437165354,127.014718780469
총각반찬,sidedish,200,암사종합시장,서울특별시 강동구 고덕로10길 73,37.5515284196338,127.129361664052
임페리얼캐비어,seafood,37,청담삼익시장,서울특별시 강남구 학동로101길 26,37.5224468696354,127.05762510496
쌍둥이건어물,seafood,115,마천중앙시장,서울특별시 송파구 마천로45길 14,37.4972094523421,127.150154766613
명가반찬,sidedish,183,태능엔터피아,서울특별시 중랑구 동일로129길 35,37.5992635246832,127.07743329665
옛살비강된장,sidedish,62,답십리시장,서울특별시 동대문구 답십리로 159-12,37.5735152440871,127.058094594184
햄가로부대찌개정릉점,sidedish,118,정릉아리랑시장,서울특별시 성북구 아리랑로19길 21-1,37.6023877046626,127.012185100568
경진수산,seafood,182,장미제일시장,서울특별시 중랑구 동일로143길 29,37.6050482559467,127.076861725536
우이반찬,sidedish,26,우이시장,서울특별시 강북구 노해로27길 73,37.6469493547139,127.020600130836
오복떡방앗간,ricecake,112,새마을시장,서울특별시 송파구 석촌호수로12길 16,37.5090327462607,127.084544669202
미도명품한우푸드시스템,butcher,47,원당종합시장,서울특별시 관악구 남부순환로248길 38,37.4743061290548,126.965564697603
영남떡,ricecake,80,자양전통시장,서울특별시 광진구 자양로13나길 11,37.5336961143589,127.080352363746
부부건어물,sidedish,193,우림골목시장,서울특별시 중랑구 망우로62길 52-4,37.5967702935126,127.098266115029
낙원떡방앗간,ricecake,94,회기시장,서울특별시 동대문구 회기로25길 11,37.5909689771701,127.054983089944
예나떡집,ricecake,102,경동광성상가,서울특별시 동대문구 고산자로 458,37.5804968924119,127.03869560954
담뱃잎마을시아씨가,greengrocer,136,제일시장,서울특별시 은평구 불광로 46,37.6113508793996,126.930742725807
단미네반찬,sidedish,74,고척골목시장상점가,서울특별시 구로구 중앙로 65,37.5034049241195,126.861786932582
라비에벨현대동대문점,flower,158,동화상가,서울특별시 중구 장충단로13길 20,37.5687359942888,127.007674516712
대박수산,seafood,23,방신전통시장,서울특별시 강서구 방화동로16길 29,37.5712812505582,126.812454777138
현대홈마트은성축산,butcher,46,신림중앙시장,서울특별시 관악구 남부순환로145길 29,37.4827927136153,126.911731193057
신묘축산,butcher,27,수유중앙시장,서울특별시 강북구 노해로17길 21,37.640336029202,127.021176144851
낙원떡,ricecake,43,능동로골목시장,서울특별시 광진구 뚝섬로30길 9,37.5356150105802,127.06621150293
아빠는요리중떡방,ricecake,104,전농로터리시장,서울특별시 동대문구 사가정로13길 14,37.5784886083268,127.058347516058
황해상회,greengrocer,160,신중부시장,서울특별시 중구 을지로32길 36-11,37.5648259212166,126.9997509874
해랑상회,sidedish,17,둔촌역전통시장,서울특별시 강동구 양재대로91길 20,37.5280601220839,127.134966407095
목동생화,flower,144,삼구시장,서울특별시 영등포구 영중로 40,37.519872776046,126.904866421799
누리상회,sidedish,46,신림중앙시장,서울특별시 관악구 조원로16길 34,37.4826931110386,126.911075541953
유성정육점,butcher,116,마천시장,서울특별시 송파구 마천로51가길 28,37.4986767607668,127.151198109837
초원축산,butcher,26,우이시장,서울특별시 강북구 노해로23길 67,37.6458502942736,127.019783992563
아부찌,sidedish,1,상계중앙시장,서울특별시 노원구 상계로23다길 13-8,37.6600040801583,127.069257113816
성심식품,greengrocer,73,남구로시장,서울특별시 구로구 구로동로26길 35,37.490285134344,126.886043061351
미르테꽃예술,flower,59,남부화곡시장,서울특별시 강서구 등촌로5길 80,37.5330715859976,126.858948973867
중앙수산,seafood,196,황학시장,서울특별시 중구 퇴계로87길 15-30,37.5662747808283,127.020294919843
김치사랑,sidedish,200,암사종합시장,서울특별시 강동구 상암로11길 11,37.5501687684629,127.128578473561
본동부대찌개,sidedish,8,화곡본동시장,서울특별시 강서구 까치산로 35,37.5428828608002,126.84412991406
해물가게,seafood,104,전농로터리시장,서울특별시 동대문구 전농로15길 22,37.5780391010794,127.05630942978
성현물산,seafood,102,경동광성상가,서울특별시 동대문구 왕산로29길 26,37.579802815541,127.039634895048
하랑축산,butcher,109,목동깨비시장 (목3동시장),서울특별시 양천구 목동중앙북로 25,37.5483611339068,126.866343632219
수라간육,butcher,58,남부골목시장,서울특별시 강서구 등촌로5길 46,37.5331730972861,126.860973981609
천냥하우스,sidedish,32,수유시장,서울특별시 강북구 도봉로67길 18,37.6307312477932,127.022668813232
미가반찬,sidedish,197,연서시장,서울특별시 은평구 연서로 257,37.6201668876477,126.923202002675
김박사건어물,seafood,151,경창시장,서울특별시 양천구 월정로 54,37.5245086181875,126.841984808472
한양유통,sidedish,167,동평화시장,서울특별시 중구 마장로1가길 33,37.5691589039703,127.013809680398
예당떡집,ricecake,23,방신전통시장,서울특별시 강서구 방화동로16길 12,37.5706422837138,126.81292048373
이수홍어,seafood,12,남성사계시장,서울특별시 동작구 동작대로29나길 19,37.4889148915253,126.980494923456
부산떡집,ricecake,53,봉천중앙시장,서울특별시 관악구 중앙길 12,37.484024044771,126.953903181898
부흥유통,greengrocer,146,영일시장,서울특별시 영등포구 문래로30길 27,37.5161392108889,126.900719880301
떡수레,ricecake,48,신원시장,서울특별시 관악구 관천로 33,37.4825870005394,126.927175887586
인순이네반찬가게,sidedish,32,수유시장,서울특별시 강북구 도봉로69길 20,37.6309655539348,127.022408322515
소문난떡방앗간,ricecake,113,석촌시장,서울특별시 송파구 송파대로37길 54,37.5001311972459,127.106372268018
늘푸른수제반찬,sidedish,12,남성사계시장,서울특별시 동작구 동작대로29길 12,37.4881311570268,126.981377086688
화장품하우스,sidedish,175,통인시장,서울특별시 종로구 자하문로15길 12,37.5807607649676,126.970214011462
서울떡방,ricecake,198,돈암시장,서울특별시 성북구 동소문로18길 24-14,37.5916744843962,127.01584062433
금산기름집,sidedish,68,신도봉시장,서울특별시 도봉구 도봉로153길 51,37.6698651874459,127.040476171546
유명한맷돌손두부,sidedish,73,남구로시장,서울특별시 구로구 구로동로26길 69,37.4900165960053,126.887886583836
바른정육점,butcher,35,명일전통시장,서울특별시 강동구 상암로47길 77,37.5500064049875,127.14433076937
포트넘앤메이슨,sidedish,195,자유상가,서울특별시 중구 소공로 63,37.560914065493,126.980985486695
떡향기,ricecake,13,답십리현대시장,서울특별시 동대문구 전농로4길 14,37.567379663179,127.057693658875
소문난떡집,ricecake,9,봉천제일종합시장,서울특별시 관악구 청룡2길 37,37.4813978524869,126.944045826563
반찬세상,sidedish,31,수유재래시장,서울특별시 강북구 수유로12길 87,37.6311097331568,127.02229507781
오뚜기상회,seafood,143,영신상가,서울특별시 영등포구 영중로14길 23-3,37.5200642657691,126.907739423044
삼정유통,sidedish,12,남성사계시장,서울특별시 동작구 동작대로29길 18,37.4881671379369,126.981003940884
혜린네129호,sidedish,195,자유상가,서울특별시 중구 남대문로 36,37.5609589140821,126.979774431178
남도반찬,sidedish,47,원당종합시장,서울특별시 관악구 남부순환로248길 32,37.4746034557199,126.965541950923
진흥축산,butcher,121,길음시장,서울특별시 성북구 동소문로 227,37.6027827936487,127.021595826743
다나린,flower,44,조양시장(건물형),서울특별시 광진구 아차산로30길 36,37.5394079330806,127.06672402758
고향반찬,sidedish,76,가리봉시장,서울특별시 구로구 우마3길 18,37.4815303617556,126.889222086724
고추나라,sidedish,146,영일시장,서울특별시 영등포구 영신로25길 11,37.5173376958182,126.90089927773
해피라이프,seafood,8,화곡본동시장,서울특별시 강서구 까치산로6길 17,37.5422260871811,126.844855462251
늘푸른동명,greengrocer,101,경동시장,서울특별시 동대문구 왕산로 131,37.5783977903353,127.038037916353
자매반찬,sidedish,23,방신전통시장,서울특별시 강서구 방화동로16길 16,37.570849421823,126.812863367369
은경이네반찬,sidedish,80,자양전통시장,서울특별시 광진구 자양로13나길 28,37.5343091550036,127.079821256987
말구상사,greengrocer,100,동서시장,서울특별시 동대문구 왕산로 159-1,37.5790725387927,127.04101565897
푸드헌트,sidedish,83,한아름시장,서울특별시 광진구 능동로13길 39,37.5439652361102,127.069760669241
태봉리농산물,greengrocer,199,공릉동도깨비시장,서울특별시 노원구 동일로180길 53,37.6228606088784,127.077151922262
풍천장어,seafood,125,금남시장,서울특별시 성동구 독서당로 303-2,37.5483264429753,127.022870159673
서울빙고,sidedish,123,뚝도시장,서울특별시 성동구 성덕정15길 6-29,37.5385854574661,127.054129938652
소피의정원,flower,20,대조시장,서울특별시 은평구 진흥로 160,37.6087360253771,126.927438132783
진실한과일가게,greengrocer,17,둔촌역전통시장,서울특별시 강동구 양재대로91길 31,37.5281060229808,127.134219818877
언니축산,butcher,67,방학동도깨비시장,서울특별시 도봉구 도당로13가길 7,37.6656681328918,127.035792929848
수연이네젓갈,seafood,26,우이시장,서울특별시 강북구 한천로162길 29,37.6466430985605,127.020146799916
딸부잣집,sidedish,196,황학시장,서울특별시 중구 퇴계로87길 49-14,37.5678695589445,127.020204798805
스카이홈푸드,sidedish,10,백련시장,서울특별시 서대문구 증가로 131-1,37.5772795248465,126.922895131405
법인삼진마포지점,greengrocer,86,마포농수산물시장,서울특별시 마포구 월드컵로 235,37.5651967331886,126.898481601096
인기건어물,seafood,79,중곡제일전통시장(중곡제일시장),서울특별시 광진구 능동로49길 27,37.5645993800417,127.081777746718
연희견과,greengrocer,84,연희사러가,서울특별시 서대문구 연희맛로 25,37.5674271963608,126.930217456197
홍덕상사,sidedish,88,마포시장,서울특별시 마포구 만리재로 23,37.5448057053008,126.953752625102
평택청과,seafood,86,마포농수산물시장,서울특별시 마포구 월드컵로 235,37.5651967331886,126.898481601096
청와대상회,greengrocer,46,신림중앙시장,서울특별시 관악구 조원로18길 18-16,37.4829376807514,126.912816435622
현대코아,greengrocer,95,청량리전통시장,서울특별시 동대문구 왕산로37길 27,37.5811168064008,127.043767836753
허허떡방아간,ricecake,94,회기시장,서울특별시 동대문구 경희대로4길 56,37.5914463334624,127.055345770195
진흥상회,seafood,97,청량리청과물시장,서울특별시 동대문구 왕산로33길 16,37.5802163290788,127.042352174231
apm4층매점,sidedish,161,Team204,서울특별시 중구 마장로 40,37.56772629422,127.014035799778
이조궁중떡방아간,ricecake,58,남부골목시장,서울특별시 강서구 곰달래로57길 23-7,37.5332186392689,126.861392513867
개봉떡집,ricecake,75,고척근린시장,서울특별시 구로구 경인로33길 98,37.5022379243778,126.850525030598
골든상사,sidedish,188,면목골목시장,서울특별시 중랑구 면목로35길 37-3,37.5786804825758,127.083842218124
펭귄반찬,sidedish,46,신림중앙시장,서울특별시 관악구 조원로16길 27,37.4831438696652,126.911414200262
삼오상회,greengrocer,101,경동시장,서울특별시 동대문구 왕산로 147,37.5787846849648,127.03965699709
대광상회,sidedish,200,암사종합시장,서울특별시 강동구 상암로11길 8,37.5500423329369,127.128849852636
장수,greengrocer,36,길동복조리시장,서울특별시 강동구 양재대로116길 49,37.5381955944063,127.143278362272
진가네야채과일생선,greengrocer,152,신영시장,서울특별시 양천구 월정로27길 5,37.532384632702,126.83629996052
노다지강정,sidedish,109,목동깨비시장 (목3동시장),서울특별시 양천구 목동중앙북로 7,37.5490257557989,126.864486562971
여천상회,greengrocer,187,사가정시장,서울특별시 중랑구 면목로44길 34,37.5809010713157,127.090433637457
맛있는떡집,ricecake,125,금남시장,서울특별시 성동구 금호산2길 19,37.5489122912258,127.021817918347
잠실새마을생선,seafood,112,새마을시장,서울특별시 송파구 석촌호수로 78,37.5093289912447,127.086049282019
맥반석김,seafood,152,신영시장,서울특별시 양천구 월정로29길 6,37.5335999259703,126.835539264794
인왕어수산,seafood,128,인왕시장,서울특별시 서대문구 통일로40안길 3-1,37.5904276601433,126.943488753343
대림수산,seafood,160,신중부시장,서울특별시 중구 을지로32길 24,37.5657088976857,127.000056594441
88축산,butcher,56,화곡중앙시장,서울특별시 강서구 월정로30길 75,37.5353269085726,126.839959356931
태진상회,greengrocer,193,우림골목시장,서울특별시 중랑구 망우로62길 48,37.5970225707054,127.098266446792
하나농산물,greengrocer,64,창동신창시장,서울특별시 도봉구 덕릉로57길 9,37.6392597106986,127.037774343239
평남청과,greengrocer,150,신정제일시장,서울특별시 양천구 신월로 301,37.5215512985432,126.854423157347
대운수산,seafood,38,신사상가,서울특별시 강남구 압구정로29길 72-1,37.5322874414761,127.028409040498
찬방,sidedish,128,인왕시장,서울특별시 서대문구 통일로40안길 3-1,37.5904276601433,126.943488753343
영광건어물한과,seafood,109,목동깨비시장 (목3동시장),서울특별시 양천구 목동중앙북로 26,37.5481537894366,126.866242156415
건강떡집,ricecake,119,장위전통시장,서울특별시 성북구 장위로38길 73,37.6102426995506,127.051588260331
뚜껑집부대찌개,sidedish,64,창동신창시장,서울특별시 도봉구 덕릉로57길 18,37.6395751132097,127.037593221577
아빠반찬,sidedish,66,쌍문시장,서울특별시 도봉구 도봉로113길 19,37.6482079314232,127.03294036872
엄마건어물,seafood,182,장미제일시장,서울특별시 중랑구 동일로143길 36-48,37.6057247662933,127.075673302272
신앙촌상회,sidedish,52,관악종합시장,서울특별시 관악구 신원로 23,37.4815694015989,126.928058757351
건어물아라,sidedish,160,신중부시장,서울특별시 중구 을지로30길 42,37.5652403744036,126.998879437092
부산대원어묵,sidedish,11,망원시장,서울특별시 마포구 망원로8길 26,37.5563191577466,126.906031076286
경남상회,seafood,19,포방터시장,서울특별시 서대문구 포방터길 49,37.5989715588838,126.948974395028
여천상회,greengrocer,67,방학동도깨비시장,서울특별시 도봉구 도당로13가길 14,37.6657310596067,127.036257656491
한냉상회,sidedish,198,돈암시장,서울특별시 성북구 동소문로18길 12-6,37.5918276832201,127.01561419995
민속떡집,ricecake,10,백련시장,서울특별시 서대문구 증가로 129,37.5772707362487,126.923234759529
성신중국식품,sidedish,143,영신상가,서울특별시 영등포구 영중로14길 11,37.5203249262046,126.906935948317
여주상회,greengrocer,175,통인시장,서울특별시 종로구 자하문로15길 3,37.5807428781571,126.970746113265
우리집반찬,sidedish,80,자양전통시장,서울특별시 광진구 뚝섬로49길 44,37.5339757008087,127.079945356556
구로상회,sidedish,72,구로시장,서울특별시 구로구 구로동로22길 16-3,37.489275274576,126.885287003738
대도상회,seafood,159,중부시장,서울특별시 중구 을지로32길 33,37.5652043346645,127.001109243556
대천상회,seafood,172,삼익패션타운,서울특별시 중구 남대문로 30,37.5608416581943,126.979050101172
광송상회,greengrocer,101,경동시장,서울특별시 동대문구 고산자로36길 30,37.5791178958394,127.040121331412
터보마켓,sidedish,44,조양시장(건물형),서울특별시 광진구 능동로9길 43,37.537948082885,127.067130055558
한성반찬,sidedish,80,자양전통시장,서울특별시 광진구 자양로15길 90,37.5348864788559,127.078803592039
만물상회,greengrocer,87,망원동월드컵시장,서울특별시 마포구 망원로7길 17,37.5582467380132,126.905338272609
충남집,butcher,120,돌곶이시장(구 석관황금시장),서울특별시 성북구 돌곶이로22나길 21,37.609562445062,127.061044607411
경동식품,sidedish,102,경동광성상가,서울특별시 동대문구 고산자로40길 16,37.5807128835746,127.039442917787
낙원떡집,ricecake,50,우림시장,서울특별시 관악구 난곡로24길 7,37.4699686446676,126.920620254581
야채왕우리농산물직판장,greengrocer,198,돈암시장,서울특별시 성북구 동소문로20길 12,37.5920257844917,127.016474779651
부부청과,greengrocer,47,원당종합시장,서울특별시 관악구 남부순환로248길 53,37.4736935373838,126.965892823561
신사식품,sidedish,51,관악신사시장,서울특별시 관악구 신사로14길 57,37.4861032459472,126.91701891044
충북야채,greengrocer,52,관악종합시장,서울특별시 관악구 신원로 23,37.4815694015989,126.928058757351
합동상사,greengrocer,102,경동광성상가,서울특별시 동대문구 약령시로14길 43,37.5809562347915,127.039193979869
가족사랑축산물,butcher,32,수유시장,서울특별시 강북구 도봉로69길 20,37.6309655539348,127.022408322515
숭례문떡명가,ricecake,88,마포시장,서울특별시 마포구 만리재옛길 14,37.5453918441767,126.955019634251
군산수산,seafood,11,망원시장,서울특별시 마포구 망원로 82,37.5574092640167,126.905905213473
믿음푸드,sidedish,31,수유재래시장,서울특별시 강북구 수유로12길 81,37.6315331965605,127.022295204317
솔나무떡집,ricecake,11,망원시장,서울특별시 마포구 망원로8길 25,37.5563913904153,126.906223382652
장터정육점,butcher,32,수유시장,서울특별시 강북구 삼양로74길 81,37.6304159481324,127.022430814884
훈이네수산,seafood,96,청량리농수산물시장,서울특별시 동대문구 경동시장로10길 27,37.5813966873486,127.042194345191
고기쟁이,butcher,32,수유시장,서울특별시 강북구 도봉로69길 12,37.6310736094047,127.022736889987
은혜건어물젓갈,seafood,113,석촌시장,서울특별시 송파구 송파대로37길 57-6,37.4998793224227,127.105919553163
떡시루,ricecake,104,전농로터리시장,서울특별시 동대문구 전농로15길 22,37.5780391010794,127.05630942978
후암떡집방앗간,ricecake,68,신도봉시장,서울특별시 도봉구 도당로27길 59,37.6700542878046,127.040782311595
민들레살롱,flower,94,회기시장,서울특별시 동대문구 회기로 169,37.5905906132932,127.054869585058
영진김구이,sidedish,75,고척근린시장,서울특별시 구로구 고척로32길 11,37.5022006928046,126.849586434254
진미즉석구이김,sidedish,200,암사종합시장,서울특별시 강동구 고덕로10길 72,37.5516097693939,127.129124152944
충남과일,greengrocer,78,화양제일골목시장,서울특별시 광진구 아차산로29길 55,37.5433259194871,127.069092458967
수산마켓청량리,seafood,101,경동시장,서울특별시 동대문구 왕산로 139-10,37.5788118885768,127.039136251467
열매나라,greengrocer,123,뚝도시장,서울특별시 성동구 성덕정길 93,37.5377295955832,127.053936970825
거창반찬,sidedish,107,신곡종합시장,서울특별시 양천구 남부순환로79길 37,37.5183654000954,126.843196805936
한도청과,greengrocer,100,동서시장,서울특별시 동대문구 왕산로33길 5,37.5796578705943,127.041910338952
안동정육점,butcher,198,돈암시장,서울특별시 성북구 동소문로18길 10,37.5919718178407,127.015795395893
지영상회,greengrocer,80,자양전통시장,서울특별시 광진구 자양로15길 85,37.5347422054949,127.078973153281
꽃과푸른나무,flower,144,삼구시장,서울특별시 영등포구 영등포로 219,37.5201437930117,126.905759725524
경주기름,sidedish,128,인왕시장,서울특별시 서대문구 인왕시장길 18,37.5910853841597,126.943488256032
민가네떡방,ricecake,10,백련시장,서울특별시 서대문구 가재울로6길 53-59,37.5767030882298,126.923201380619
천만,seafood,8,화곡본동시장,서울특별시 강서구 화곡로 194-42,37.5426380777604,126.842987569441
제일농산,sidedish,42,광성시장,서울특별시 광진구 능동로47길 20,37.563347168618,127.081527370319
고향떡집,ricecake,196,황학시장,서울특별시 중구 퇴계로87길 15-17,37.5660855891473,127.020192998011
업소명없음,seafood,13,답십리현대시장,서울특별시 동대문구 한천로11길 61-5,37.5671449864718,127.058542410671
가평상회,sidedish,117,정릉시장,서울특별시 성북구 보국문로11길 13,37.6085417379067,127.009184879855
태양떡집,ricecake,129,유진상가,서울특별시 서대문구 통일로 476,37.5908776582449,126.942458047646
경진사,sidedish,173,숭례문수입상가,서울특별시 중구 소월로 3,37.5593724950588,126.976209712263
여수집,sidedish,30,백년시장(강북종합시장과별개의시장) 구 강북종합전통시장,서울특별시 강북구 도봉로95길 51,37.6424252674832,127.02636611499
로애플라워즈,flower,198,돈암시장,서울특별시 성북구 동소문로20다길 2,37.5915211729649,127.016870966279
삼두농산,greengrocer,160,신중부시장,서울특별시 중구 을지로32길 36-1,37.5648709710503,127.000237693989
광진맘야채김치,greengrocer,35,명일전통시장,서울특별시 강동구 상암로47길 80,37.5500421125192,127.144602434445
동해생선,seafood,121,길음시장,서울특별시 성북구 동소문로 227,37.6027827936487,127.021595826743
떡마을,ricecake,123,뚝도시장,서울특별시 성동구 성덕정길 91,37.5378288395751,127.053642860854
청주상회,greengrocer,32,수유시장,서울특별시 강북구 도봉로69길 32,37.6307764656457,127.021773855799
진수찬,sidedish,8,화곡본동시장,서울특별시 강서구 까치산로6길 10,37.5423426510029,126.844425237644
지원이네,sidedish,196,황학시장,서울특별시 중구 퇴계로85길 46,37.5677344843142,127.019763313736
원주떡집,ricecake,101,경동시장,서울특별시 동대문구 왕산로 147,37.5787846849648,127.03965699709
원조수유김,seafood,32,수유시장,서울특별시 강북구 도봉로67길 18,37.6307312477932,127.022668813232
은행반찬,sidedish,14,은행나무시장,서울특별시 금천구 금하로25길 17,37.4513729297858,126.909699927644
쿡1015서울,sidedish,35,명일전통시장,서울특별시 강동구 양재대로136길 7,37.548673166316,127.14413582148
과일.야채,greengrocer,197,연서시장,서울특별시 은평구 연서로 252,37.6194549232984,126.9229195593
삼둥이네정육점,butcher,68,신도봉시장,서울특별시 도봉구 도봉로153길 39,37.6698558828587,127.041326267964
낙원떡집,ricecake,198,돈암시장,서울특별시 성북구 동소문로20길 16-3,37.5917284555396,127.016486036936
업소명없음,sidedish,25,장미원골목시장,서울특별시 강북구 삼양로122길 6,37.6446345168351,127.016169127888
장미식육센터,butcher,128,인왕시장,서울특별시 서대문구 통일로40안길 3-1,37.5904276601433,126.943488753343
청춘청과,greengrocer,28,수유프라자,서울특별시 강북구 도봉로 255,37.6311364477991,127.023903775901
동서반찬,sidedish,182,장미제일시장,서울특별시 중랑구 동일로143길 52,37.6050760903528,127.075616020909
청춘고기,butcher,82,노룬산골목시장,서울특별시 광진구 뚝섬로 502,37.5358133762102,127.06595144789
궁전떡집,ricecake,34,성내전통시장,서울특별시 강동구 천호대로162길 71,37.5337444569004,127.127746973584
삼춘농산물,greengrocer,17,둔촌역전통시장,서울특별시 강동구 양재대로91길 11,37.5277985216766,127.135237451349
고향식품,sidedish,196,황학시장,서울특별시 중구 퇴계로85길 13,37.566401048188,127.01953658159
과일나라,greengrocer,52,관악종합시장,서울특별시 관악구 관천로 17,37.4816597153104,126.92840916281
떡이랑한과랑,ricecake,105,전곡시장,서울특별시 동대문구 한천로38나길 30,37.5773927789757,127.068795625253
동양해물,seafood,21,용산용문시장,서울특별시 용산구 효창원로42길 24,37.5362755727714,126.960161864867
서울닭집,butcher,192,중랑동부시장(동부골목시장),서울특별시 중랑구 망우로32길 47,37.5917583464537,127.077312291756
태영상회,greengrocer,101,경동시장,서울특별시 동대문구 고산자로36길 3,37.5790371332837,127.039147690267
동원건어물,seafood,191,동원전통종합시장,서울특별시 중랑구 상봉로11길 43,37.5897663270485,127.091101069314
즉석강정,sidedish,19,포방터시장,서울특별시 서대문구 홍은중앙로 100-4,37.5992506840876,126.948555217656
두레떡집,ricecake,21,용산용문시장,서울특별시 용산구 효창원로42길 14,37.5366448909891,126.959890120565
수유한우마을,butcher,32,수유시장,서울특별시 강북구 도봉로67길 18,37.6307312477932,127.022668813232
내사랑두부도토리묵,sidedish,17,둔촌역전통시장,서울특별시 강동구 양재대로 1355,37.5273926438685,127.135610050517
빅건어물,seafood,160,신중부시장,서울특별시 중구 을지로32길 15,37.5659251359281,127.000441437913
이화원,flower,185,동성타워프라자,서울특별시 중랑구 봉화산로 224,37.60766373204,127.097702857294
신내바른떡,ricecake,185,동성타워프라자,서울특별시 중랑구 봉화산로 221,37.6080424652879,127.097318292634
세일화원,flower,143,영신상가,서울특별시 영등포구 영등포로 225,37.5199192522038,126.906653653063
소담축산물직거래장터,butcher,93,남성역골목시장,서울특별시 동작구 사당로14길 7,37.4836152914033,126.972152110254
대원떡집,ricecake,66,쌍문시장,서울특별시 도봉구 도봉로113길 16,37.6482979343438,127.033280350756
한신상회,greengrocer,101,경동시장,서울특별시 동대문구 고산자로36길 3,37.5790371332837,127.039147690267
제일농산,sidedish,53,봉천중앙시장,서울특별시 관악구 중앙길 33,37.4841947581352,126.952693273122
동산상회,seafood,102,경동광성상가,서울특별시 동대문구 고산자로38길 19,37.580100154854,127.03960108947
유정이네반찬,sidedish,91,성대시장,서울특별시 동작구 성대로 30,37.4992410406044,126.932961154954
전라도반찬,sidedish,12,남성사계시장,서울특별시 동작구 동작대로29길 7-1,37.4879509908751,126.981603274321
늘푸른한우농장,butcher,152,신영시장,서울특별시 양천구 곰달래로13길 33,37.5327082535007,126.835767500509
치커리생구이,butcher,122,용답상가시장,서울특별시 성동구 용답중앙15길 14,37.5645883119534,127.054024241758
신흥농산,sidedish,102,경동광성상가,서울특별시 동대문구 약령시로14길 40,37.5811365047191,127.03897897114
뚜껑집부대찌개,sidedish,66,쌍문시장,서울특별시 도봉구 도봉로113길 25,37.6482980959556,127.032702448941
오복떡집,ricecake,188,면목골목시장,서울특별시 중랑구 사가정로50길 70,37.5779679536602,127.084882927298
종우상회,greengrocer,95,청량리전통시장,서울특별시 동대문구 왕산로35길 8,37.5801438546595,127.043438956109
건강한반찬,sidedish,185,동성타워프라자,서울특별시 중랑구 봉화산로 221,37.6080424652879,127.097318292634
꽃;방,flower,187,사가정시장,서울특별시 중랑구 면목로48길 12,37.5821272488092,127.089348269127
은경이네,greengrocer,128,인왕시장,서울특별시 서대문구 인왕시장길 18,37.5910853841597,126.943488256032
서울유통,seafood,25,장미원골목시장,서울특별시 강북구 삼양로123길 10,37.6449499775636,127.015296716868
이화농원,greengrocer,184,신아타운,서울특별시 중랑구 봉화산로 194,37.6064588447966,127.094711466519
플로리안,flower,182,장미제일시장,서울특별시 중랑구 봉화산로3길 69,37.6046708334545,127.075321166243
인생축산,butcher,183,태능엔터피아,서울특별시 중랑구 중랑역로 66,37.5991458507312,127.078259822965
무아플라워,flower,175,통인시장,서울특별시 종로구 필운대로 51,37.5807152564389,126.968447928769
엄마손반찬,sidedish,51,관악신사시장,서울특별시 관악구 신사로14길 56,37.4861481293048,126.916781416512
유쾌한김치,sidedish,152,신영시장,서울특별시 양천구 곰달래로13길 34,37.532753712082,126.836061562067
구로과일,greengrocer,73,남구로시장,서울특별시 구로구 구로동로26길 54,37.4898711722107,126.886563831965
건우축산,butcher,48,신원시장,서울특별시 관악구 신원로5길 33,37.4824427834637,126.927085577052
낙원떡집,ricecake,46,신림중앙시장,서울특별시 관악구 남부순환로145길 29,37.4827927136153,126.911731193057
명품수산,seafood,66,쌍문시장,서울특별시 도봉구 도봉로113길 16,37.6482979343438,127.033280350756
영동야채,greengrocer,76,가리봉시장,서울특별시 구로구 디지털로19길 47,37.4817558465164,126.889470490374
영산포수산,seafood,101,경동시장,서울특별시 동대문구 고산자로36길 3,37.5790371332837,127.039147690267
착한정육망우동,butcher,193,우림골목시장,서울특별시 중랑구 용마산로113길 31,37.5979689675634,127.097837388189
진미닭집,butcher,63,창동골목시장,서울특별시 도봉구 덕릉로58길 14,37.638457413734,127.039065547319
이화꽃집쌀상회,flower,49,신림현대종합상가,서울특별시 관악구 신림로29길 3-20,37.4746259744075,126.933797117011
어사또,seafood,23,방신전통시장,서울특별시 강서구 방화동로16길 36,37.5717048239015,126.812521633675
꽃이야나비야,flower,112,새마을시장,서울특별시 송파구 백제고분로17길 22-3,37.5077792482305,127.086070123361
제일기름집,sidedish,27,수유중앙시장,서울특별시 강북구 노해로17길 21,37.640336029202,127.021176144851
과일나라,greengrocer,190,동원시장,서울특별시 중랑구 상봉로11길 55,37.5896225432108,127.090614026351
아껴농수산물,greengrocer,114,방이시장,서울특별시 송파구 백제고분로48길 38,37.5103295270078,127.117007312072
꽃집의아가씨는예뻐요사가정점,flower,189,면목시장,서울특별시 중랑구 사가정로 376,37.5806608800734,127.086323770277
이삭청과,greengrocer,184,신아타운,서울특별시 중랑구 신내로 82,37.6066834072376,127.095561133011
화선,flower,45,노룬산시장(건물형),서울특별시 광진구 뚝섬로24길 10,37.5360580101106,127.063462494629
대연생고깃간,butcher,120,돌곶이시장(구 석관황금시장),서울특별시 성북구 돌곶이로22나길 29,37.6092019967423,127.061146242082
친절한정육,butcher,71,별빛남문시장,서울특별시 금천구 시흥대로148길 38-11,37.4744408095922,126.900933334965
한양떡방,ricecake,150,신정제일시장,서울특별시 양천구 중앙로34길 28,37.5206315380843,126.853825404833
신광상회,greengrocer,136,제일시장,서울특별시 은평구 통일로65길 12-8,37.6096383243116,126.929600434312
달성상회,seafood,143,영신상가,서울특별시 영등포구 영등포로45길 6,37.5199204756279,126.90821470258
신림명물마트,greengrocer,48,신원시장,서울특별시 관악구 관천로 31,37.4824789700737,126.927322974576
부산어묵,sidedish,20,대조시장,서울특별시 은평구 불광로 17,37.6100518501931,126.92805976257
현이네야채,greengrocer,182,장미제일시장,서울특별시 중랑구 동일로143길 42,37.6051657812402,127.076250303942
샘물야채청과,greengrocer,189,면목시장,서울특별시 중랑구 면목로37길 5,37.5788502722262,127.085789598829
명일청과,greengrocer,35,명일전통시장,서울특별시 강동구 양재대로138길 13,37.5497626097541,127.144760325016
정주상회,butcher,143,영신상가,서울특별시 영등포구 영등포로45길 7,37.5200554234422,126.907954361636
신재래시장,greengrocer,63,창동골목시장,서울특별시 도봉구 덕릉로58길 16,37.638403328363,127.039144828345
브라보블랙앵거스,butcher,35,명일전통시장,서울특별시 강동구 양재대로 1615,37.5496830396755,127.143515361081
진구이,sidedish,40,중곡제일시장(이오상사),서울특별시 광진구 긴고랑로9길 25,37.5646628014193,127.081268473336
몸애좋은두부,greengrocer,114,방이시장,서울특별시 송파구 백제고분로48길 34,37.5104921212873,127.116589075944
라엘,sidedish,93,남성역골목시장,서울특별시 동작구 사당로14길 11,37.4835251611707,126.972027772447
남구로과일,greengrocer,72,구로시장,서울특별시 구로구 구로동로20길 33,37.4885915698478,126.886384851152
고마리,flower,198,돈암시장,서울특별시 성북구 보문로38길 11,37.5916565969173,127.014821567043
지영식품,sidedish,76,가리봉시장,서울특별시 구로구 우마1길 8,37.482286110192,126.888056423492
연이네반찬,sidedish,93,남성역골목시장,서울특별시 동작구 사당로16가길 20,37.4831738476471,126.972367096175
신재래시장,greengrocer,107,신곡종합시장,서울특별시 양천구 신월로 172,37.5183106180308,126.842653958305
윤이전.반찬,sidedish,73,남구로시장,서울특별시 구로구 구로동로26길 55-4,37.4901242974089,126.887445431638
대박전집,sidedish,40,중곡제일시장(이오상사),서울특별시 광진구 긴고랑로9길 15,37.5641764428315,127.081007615972
하늘소,butcher,152,신영시장,서울특별시 양천구 곰달래로13길 34,37.532753712082,126.836061562067
천원야채과일가게,greengrocer,120,돌곶이시장(구 석관황금시장),서울특별시 성북구 한천로73길 23,37.609633914998,127.062211196427
블래싱커피,sidedish,142,보광시장,서울특별시 용산구 보광로 33,37.5272362394043,126.999773738549
천지식품,seafood,46,신림중앙시장,서울특별시 관악구 조원로16길 27,37.4831438696652,126.911414200262
에스지푸드까치산블레스트플라워,flower,60,까치산시장,서울특별시 강서구 강서로 54,37.5319569807763,126.846607743541
으뜸축산,butcher,16,봉천현대시장,서울특별시 관악구 양녕로 49,37.4864356298034,126.946506977105
소문난반찬,seafood,100,동서시장,서울특별시 동대문구 경동시장로 7,37.5795952287893,127.040687637007
콩과바다,sidedish,47,원당종합시장,서울특별시 관악구 인헌길 18,37.4747749909752,126.966740219099
국가대표야채과일생선,greengrocer,80,자양전통시장,서울특별시 광진구 자양로15길 66,37.5352009687585,127.080082435781
해림맛김,seafood,58,남부골목시장,서울특별시 강서구 등촌로5길 52,37.533118637324,126.860634664131
마스터쿡,sidedish,52,관악종합시장,서울특별시 관악구 신원로 40-9,37.4818046169186,126.929641402212
법인진부,sidedish,100,동서시장,서울특별시 동대문구 고산자로36길 39-3,37.5794151272536,127.040404514953
성수동뚝도방앗간,sidedish,123,뚝도시장,서울특별시 성동구 성수이로 35,37.5384321053067,127.054525844484
속초명품코다리,sidedish,36,길동복조리시장,서울특별시 강동구 천중로52길 20,37.539924849042,127.143824790188
투투유통,sidedish,46,신림중앙시장,서울특별시 관악구 조원로16길 27,37.4831438696652,126.911414200262
명진후르츠,greengrocer,97,청량리청과물시장,서울특별시 동대문구 왕산로33길 8,37.5798649171711,127.042419901357
태양농산,greengrocer,193,우림골목시장,서울특별시 중랑구 망우로62길 81,37.5960303138848,127.099657929359
오빠청과,greengrocer,27,수유중앙시장,서울특별시 강북구 노해로17길 26,37.6406694339469,127.020949634464
인도상회,greengrocer,196,황학시장,서울특별시 중구 퇴계로87길 43-27,37.5674821922191,127.019842481173
야심잔기지떡용산지점,ricecake,141,만리시장,서울특별시 용산구 효창원로 260,37.5504494648073,126.963798260691
혜미네야채,greengrocer,73,남구로시장,서울특별시 구로구 구로동로26길 40,37.4900240714512,126.886280914444
세윤상회,greengrocer,100,동서시장,서울특별시 동대문구 왕산로33길 5,37.5796578705943,127.041910338952
고흥야채,greengrocer,73,남구로시장,서울특별시 구로구 구로동로26길 54,37.4898711722107,126.886563831965
홍천우리소한우전문판매점,butcher,6,영천시장,서울특별시 서대문구 영천시장길 46,37.5702166203628,126.961536100999
소문난청년푸줏간,butcher,53,봉천중앙시장,서울특별시 관악구 관악로 218,37.4840966427174,126.955248618376
소담꽃.전기;철물,flower,133,증산종합시장,서울특별시 은평구 증산로3길 12,37.5814651586842,126.905059815077
그린반찬,sidedish,187,사가정시장,서울특별시 중랑구 면목로44가길 1,37.5812260589022,127.08960758052
케이축산월드점,butcher,182,장미제일시장,서울특별시 중랑구 동일로143길 19,37.605002709889,127.077620442731
강경젓갈직판장,seafood,188,면목골목시장,서울특별시 중랑구 사가정로50길 79,37.5774905329696,127.084735216657
쌍문수산,seafood,66,쌍문시장,서울특별시 도봉구 도봉로113길 20,37.648370098918,127.032974434604
막퍼주는집대림,greengrocer,147,대림중앙시장,서울특별시 영등포구 디지털로53길 15,37.4918567488856,126.900277104657
민속떡방앗간,ricecake,33,고분다리전통시장,서울특별시 강동구 구천면로 250,37.5425161292224,127.131450750391
아현청과,greengrocer,68,신도봉시장,서울특별시 도봉구 도봉로153길 61,37.6698923754038,127.040011463946
생선총각,seafood,19,포방터시장,서울특별시 서대문구 홍은중앙로 100-6,37.5992057183114,126.948747755927
문경상회,butcher,196,황학시장,서울특별시 중구 퇴계로87길 23-31,37.5665811983021,127.019830923157
방수네과일가게,greengrocer,10,백련시장,서울특별시 서대문구 가재울로10길 34,37.5766577282751,126.922725964416
별숲떡카페,ricecake,58,남부골목시장,서울특별시 강서구 등촌로5길 61,37.5328023371996,126.859831965477
농우축산도매센타,butcher,35,명일전통시장,서울특별시 강동구 양재대로138길 14,37.5494925606049,127.144556107078
양평개군토종한우,butcher,42,광성시장,서울특별시 광진구 능동로47길 27,37.5633294371508,127.081108565565
동원활어&초밥,sidedish,152,신영시장,서울특별시 양천구 곰달래로13길 37,37.5329783008376,126.835585885508
아트필,flower,174,남대문시장,서울특별시 중구 남대문시장4길 21,37.5591835687093,126.977658463626
담꾹신성,sidedish,41,신성종합시장(건물형),서울특별시 광진구 용마산로 58,37.5588105035444,127.088007550201
오름축산,butcher,132,대림골목시장,서울특별시 은평구 응암로12길 8,37.5879166201243,126.917517414943
수유시장꽃나무,flower,32,수유시장,서울특별시 강북구 도봉로67길 8,37.6308481643018,127.023745080929
미리내꽃,flower,143,영신상가,서울특별시 영등포구 영등포로 225,37.5199192522038,126.906653653063
잔치떡집,ricecake,23,방신전통시장,서울특별시 강서구 방화동로16길 16,37.570849421823,126.812863367369
우리동네야채가게,greengrocer,44,조양시장(건물형),서울특별시 광진구 뚝섬로27길 49,37.5381557031462,127.066440043763
어사또,seafood,199,공릉동도깨비시장,서울특별시 노원구 동일로180길 29,37.6225731522727,127.075826307496
서울닭집,butcher,30,백년시장(강북종합시장과별개의시장) 구 강북종합전통시장,서울특별시 강북구 한천로144길 30,37.6421099204588,127.026377334007
대박축산,butcher,42,광성시장,서울특별시 광진구 긴고랑로9길 5,37.5637891698979,127.080780824735
은행나무정육점,butcher,14,은행나무시장,서울특별시 금천구 금하로 724,37.4504451540592,126.910051389218
플라미스,flower,170,청계상가,서울특별시 중구 청계천로 160,37.5680513958128,126.995359110538
한성한우,butcher,124,마장축산물시장,서울특별시 성동구 마장로35길 76,37.5702604666319,127.041995629315
나이스농산금선,greengrocer,36,길동복조리시장,서울특별시 강동구 양재대로116길 46,37.5380699756387,127.142848163321
싱싱청과,greengrocer,111,목사랑시장 (목4동시장),서울특별시 양천구 목동중앙남로 49,37.5382158431144,126.866305168936
싱싱야채,greengrocer,120,돌곶이시장(구 석관황금시장),서울특별시 성북구 돌곶이로22나길 22,37.6095805701124,127.060840762652
요소,flower,138,이태원시장,서울특별시 용산구 녹사평대로32길 47,37.5327049598933,126.99079048662
창명물산,greengrocer,101,경동시장,서울특별시 동대문구 고산자로36길 3,37.5790371332837,127.039147690267
동일정육연희동점,butcher,84,연희사러가,서울특별시 서대문구 연희로 97,37.5668056899238,126.930523650383
수산마켓어사또,seafood,116,마천시장,서울특별시 송파구 마천로45길 31,37.4984337357999,127.151005371673
채일농산물2,greengrocer,35,명일전통시장,서울특별시 강동구 양재대로138길 14,37.5494925606049,127.144556107078
협신유통,greengrocer,101,경동시장,서울특별시 동대문구 고산자로36길 29,37.5792981061354,127.040087465278
다복청과,greengrocer,27,수유중앙시장,서울특별시 강북구 노해로17길 41,37.6404353199959,127.020133793206
꽃상점,flower,134,신응암시장,서울특별시 은평구 응암로 257,37.5950529118597,126.918143645157
파주상회,greengrocer,129,유진상가,서울특별시 서대문구 인왕시장길 24,37.5912114415656,126.943318319499
씨에스보틀샵,sidedish,1,상계중앙시장,서울특별시 노원구 상계로27길 11,37.6591023944612,127.070446246426
청산한우촌,butcher,114,방이시장,서울특별시 송파구 백제고분로48길 36,37.5104108075559,127.116815159999
일진닭집,butcher,67,방학동도깨비시장,서울특별시 도봉구 도당로13가길 6,37.6654879264467,127.03582684538
과일팜,greengrocer,61,대원종합시장,서울특별시 강서구 강서로39길 13,37.5441526187559,126.836975800607
김씨네꽃생활,flower,35,명일전통시장,서울특별시 강동구 상암로47길 81,37.5501414574732,127.144410245458
육덕진축산물도매센터,butcher,190,동원시장,서울특별시 중랑구 상봉로11길 48,37.5898476343931,127.090818104942
장생생약,greengrocer,101,경동시장,서울특별시 동대문구 고산자로36길 3,37.5790371332837,127.039147690267
대박나라,greengrocer,104,전농로터리시장,서울특별시 동대문구 전농로 150-1,37.5783178030369,127.057566247916
장수축산도매센터,butcher,152,신영시장,서울특별시 양천구 곰달래로13길 45,37.5335814486485,126.835211198824
경기축산,butcher,200,암사종합시장,서울특별시 강동구 고덕로10길 68,37.5518169737026,127.129147143974
문경푸른생선,seafood,200,암사종합시장,서울특별시 강동구 고덕로10길 61,37.5519607612211,127.129486896119
이삭물산,greengrocer,98,청량리종합시장,서울특별시 동대문구 경동시장로3길 6-6,37.5799917593521,127.040416147607
금대고깃간,butcher,59,남부화곡시장,서울특별시 강서구 곰달래로53길 19,37.5327749308294,126.85951522756
푸르네축산,butcher,8,화곡본동시장,서울특별시 강서구 까치산로4길 15,37.5421085111797,126.84451624663
춘천유통,greengrocer,96,청량리농수산물시장,서울특별시 동대문구 왕산로33길 36,37.5809643113134,127.041911071267
고기사랑,butcher,199,공릉동도깨비시장,서울특별시 노원구 동일로180길 37,37.622690010459,127.076245544407
중앙야채,greengrocer,73,남구로시장,서울특별시 구로구 구로동로26길 52,37.4899525987851,126.886914239516
풍무농산,greengrocer,152,신영시장,서울특별시 양천구 곰달래로13길 38,37.5331048024598,126.835845828584
수진네,greengrocer,128,인왕시장,서울특별시 서대문구 인왕시장길 18,37.5910853841597,126.943488256032
제일토종한우,butcher,42,광성시장,서울특별시 광진구 능동로47길 35,37.5634468148367,127.080746499444
공주상회,greengrocer,30,백년시장(강북종합시장과별개의시장) 구 강북종합전통시장,서울특별시 강북구 한천로144길 16,37.641722600149,127.025912650213
어사또,seafood,40,중곡제일시장(이오상사),서울특별시 광진구 긴고랑로9길 15,37.5641764428315,127.081007615972
하나축산,butcher,34,성내전통시장,서울특별시 강동구 천호대로162길 47,37.5347622054332,127.12809944986
성대고기사랑,butcher,91,성대시장,서울특별시 동작구 성대로2길 5,37.4995918963923,126.93202220271
꽃으로쓰담,flower,155,방산종합시장,서울특별시 중구 청계천로 208-1,37.56915069873,127.000837636262
장안상사,seafood,174,남대문시장,서울특별시 중구 남대문시장4길 3,37.5600755685074,126.977726105498
우리동네착한정육점,butcher,79,중곡제일전통시장(중곡제일시장),서울특별시 광진구 긴고랑로11길 23,37.5643200871622,127.081754804067
세종수산,seafood,59,남부화곡시장,서울특별시 강서구 곰달래로53길 19,37.5327749308294,126.85951522756
진영반찬,sidedish,59,남부화곡시장,서울특별시 강서구 등촌로5길 83,37.5326749709606,126.858802640295
우주최강과일맛집,greengrocer,116,마천시장,서울특별시 송파구 마천로51가길 23,37.4984152960751,127.151333287214
태평양수산,seafood,86,마포농수산물시장,서울특별시 마포구 월드컵로 235,37.5651967331886,126.898481601096
대원이네야채과일,greengrocer,66,쌍문시장,서울특별시 도봉구 도봉로113길 17,37.6481448213687,127.033087648869
나눔상회,greengrocer,77,신성골목시장,서울특별시 광진구 영화사로 9,37.55830539509,127.088742610824
채일농산물1,greengrocer,35,명일전통시장,서울특별시 강동구 양재대로138길 14,37.5494925606049,127.144556107078
동원건어물,seafood,190,동원시장,서울특별시 중랑구 면목로74길 35,37.5895423864046,127.089391099949
스위트드림플라워성신여대입구역,flower,198,돈암시장,서울특별시 성북구 동소문로 102,37.5927195482993,127.016474932586
대일상회,greengrocer,101,경동시장,서울특별시 동대문구 고산자로36길 3,37.5790371332837,127.039147690267
신선농산물,greengrocer,26,우이시장,서울특별시 강북구 한천로 1132,37.6459405028647,127.019115484439
플라워하우스안,flower,66,쌍문시장,서울특별시 도봉구 노해로60길 83,37.6477933932689,127.033246131629
드림축산,butcher,1,상계중앙시장,서울특별시 노원구 상계로27길 48,37.6603825187661,127.069212132399
싱싱과일,greengrocer,31,수유재래시장,서울특별시 강북구 도봉로71길 26,37.6315331901336,127.022329190906
대조축산,butcher,20,대조시장,서울특별시 은평구 불광로 9,37.6095919298111,126.927380673597
생생정육점,butcher,88,마포시장,서울특별시 마포구 만리재옛길 8-1,37.5450403074138,126.954635109573
태양축산물,butcher,116,마천시장,서울특별시 송파구 마천로45길 23,37.4980737243928,127.150699312878
팡세아모아,flower,196,황학시장,서울특별시 중구 퇴계로83길 46-13,37.5678517437369,127.018970999862
구로수산,seafood,72,구로시장,서울특별시 구로구 구로동로26길 30,37.4900685433731,126.885681551706
유령커피,sidedish,17,둔촌역전통시장,서울특별시 강동구 양재대로89길 16,37.5269341440671,127.134726805059
대호건어물,seafood,190,동원시장,서울특별시 중랑구 면목로74길 22,37.5891553704528,127.088847160246
문경상회,greengrocer,98,청량리종합시장,서울특별시 동대문구 고산자로38길 31-4,37.5802891336892,127.040280455221
어베이,flower,199,공릉동도깨비시장,서울특별시 노원구 동일로182길 37-10,37.6237171789398,127.076178627457
서울도매유통,butcher,36,길동복조리시장,서울특별시 강동구 천중로52길 20,37.539924849042,127.143824790188
에그플신정뉴타운점,sidedish,107,신곡종합시장,서울특별시 양천구 남부순환로79길 43,37.5186634346818,126.843727835351
타마르부엌,sidedish,92,상도전통시장,서울특별시 동작구 상도로37길 70,37.4981153234446,126.95269580168
큰입이축산마을,butcher,35,명일전통시장,서울특별시 강동구 양재대로138길 32,37.5490137258359,127.14561891959
제일수산,seafood,54,인헌시장,서울특별시 관악구 남부순환로248길 24,37.4749278060592,126.96549658128
현미네한우마을,butcher,45,노룬산시장(건물형),서울특별시 광진구 뚝섬로 489,37.5363997147265,127.064707374236
경동수산,seafood,102,경동광성상가,서울특별시 동대문구 고산자로 464,37.5809924017088,127.038809078
베트남쌍둥이마트,sidedish,78,화양제일골목시장,서울특별시 광진구 동일로24길 60,37.5429929845085,127.06834533196
푸루빌,greengrocer,114,방이시장,서울특별시 송파구 가락로36길 5,37.5098863656863,127.118680566511
수산킹,seafood,11,망원시장,서울특별시 마포구 월드컵로25길 35,37.5579767470964,126.905723416452
온유,sidedish,35,명일전통시장,서울특별시 강동구 상암로49길 38,37.548185533928,127.145028864577
용문축산,butcher,21,용산용문시장,서울특별시 용산구 효창원로42길 5,37.5369962926198,126.959923875988
백련닭집,butcher,10,백련시장,서울특별시 서대문구 가재울로6길 53-87,37.5770093670864,126.923110501294
김복구푸드,sidedish,46,신림중앙시장,서울특별시 관악구 조원로16길 27,37.4831438696652,126.911414200262
황금축산정육,butcher,60,까치산시장,서울특별시 강서구 강서로12길 5-6,37.5318409501038,126.847456512982
대박계란할인점,sidedish,135,대림시장,서울특별시 은평구 가좌로7길 42,37.5863575470954,126.917009644793
속초건어물,seafood,198,돈암시장,서울특별시 성북구 동소문로18길 10-1,37.5919177537684,127.015829353035
라까라까,greengrocer,62,답십리시장,서울특별시 동대문구 답십리로 173,37.5730190379505,127.059418647899
수플라워,flower,182,장미제일시장,서울특별시 중랑구 동일로143길 19,37.605002709889,127.077620442731
영광모시떡,ricecake,63,창동골목시장,서울특별시 도봉구 덕릉로58길 9,37.6387187330196,127.038963714555
우리축산물직거래장터,butcher,23,방신전통시장,서울특별시 강서구 방화동로16길 54-4,37.5723888925994,126.812089763332
연변아세아무역,seafood,147,대림중앙시장,서울특별시 영등포구 디지털로37길 30-1,37.4914043055298,126.898004866214
해인상사,greengrocer,118,정릉아리랑시장,서울특별시 성북구 아리랑로19길 24,37.602567913227,127.012083209729
스위트드림플라워아현역점,flower,85,아현시장,서울특별시 마포구 신촌로 270,37.5573574811949,126.956031028864
다예축산,butcher,128,인왕시장,서울특별시 서대문구 통일로40안길 31,37.5914462643506,126.944507033671
옥수수판매점,sidedish,28,수유프라자,서울특별시 강북구 도봉로71길 2,37.6315599772975,127.023575374388
서울닭유통,butcher,21,용산용문시장,서울특별시 용산구 효창원로40길 24,37.5362214668692,126.960026120501
황금청과,greengrocer,75,고척근린시장,서울특별시 구로구 고척로40길 20,37.5023374063726,126.850818874197
청솔수산,seafood,193,우림골목시장,서울특별시 중랑구 망우로66길 72,37.5963098690212,127.09936389074
통통수산,seafood,137,후암시장,서울특별시 용산구 한강대로104길 77,37.550416677658,126.976710488398
방배1등축산,butcher,127,남부종합시장,서울특별시 서초구 방배중앙로27길 6,37.495366820406,126.985468881481
유성물산,seafood,7,청량리수산시장,서울특별시 동대문구 고산자로34길 43,37.5781986375373,127.040834047161
하이축산,butcher,52,관악종합시장,서울특별시 관악구 신원로 17,37.481091680954,126.927753950407
수복상회,greengrocer,182,장미제일시장,서울특별시 중랑구 동일로143길 42,37.6051657812402,127.076250303942
영진상회,butcher,143,영신상가,서울특별시 영등포구 영중로14길 19-2,37.5200641065423,126.907535807496
남부건어물,seafood,14,은행나무시장,서울특별시 금천구 탑골로 7,37.4512291724438,126.91023127622
웃는복소,butcher,53,봉천중앙시장,서울특별시 관악구 중앙1길 6,37.4836455417053,126.953699897519
해당화플라워,flower,190,동원시장,서울특별시 중랑구 겸재로49길 18,37.5898568964889,127.090489762525
한성상회,butcher,196,황학시장,서울특별시 중구 퇴계로87길 23-22,37.5666982856752,127.020079973026
한국양계축산업협동조합축산물판매장,butcher,104,전농로터리시장,서울특별시 동대문구 전농로16길 9,37.5784617792534,127.057939945717
얌얌미트,butcher,24,등마루시장,서울특별시 강서구 화곡로68길 120,37.5566612901652,126.860262622893
바다한스푼길음,seafood,121,길음시장,서울특별시 성북구 길음로7길 36-12,37.6033413365481,127.021981024172
순창상회,greengrocer,102,경동광성상가,서울특별시 동대문구 약령시로14길 54,37.5805058204411,127.038944678958
바다마을,seafood,151,경창시장,서울특별시 양천구 중앙로53길 65,37.5245905690455,126.842629457351
상계중앙시장,greengrocer,1,상계중앙시장,서울특별시 노원구 상계로23나길 33,37.6596520943055,127.070276768838
미미포유,sidedish,34,성내전통시장,서울특별시 강동구 천호대로162가길 20,37.5343827142176,127.129083131334
백억정육도매,butcher,36,길동복조리시장,서울특별시 강동구 천중로52길 15,37.5401496429683,127.144198617438
가락생생정육,butcher,137,후암시장,서울특별시 용산구 후암로35길 36,37.5499750364745,126.975952419766
두르웅베르흐,butcher,120,돌곶이시장(구 석관황금시장),서울특별시 성북구 한천로 559,37.609732317805,127.063536368289
척척밥상,greengrocer,58,남부골목시장,서울특별시 강서구 등촌로5길 62-3,37.5330366639092,126.859888096635
태양미트,butcher,36,길동복조리시장,서울특별시 강동구 천중로52길 54,37.5384751642507,127.14306391674
풀림,flower,110,목2동시장,서울특별시 양천구 목동중앙본로32길 39,37.5454045877462,126.873364713034
슈퍼키친동부,sidedish,139,이촌종합시장,서울특별시 용산구 이촌로 245,37.5201786085417,126.974366992625
성훈축산,butcher,62,답십리시장,서울특별시 동대문구 전농로 94,37.573182031695,127.057777374853
막퍼주는집,greengrocer,109,목동깨비시장 (목3동시장),서울특별시 양천구 목동중앙북로 7,37.5490257557989,126.864486562971
천냥야채,greengrocer,109,목동깨비시장 (목3동시장),서울특별시 양천구 목동중앙북로 12,37.5483774665465,126.864861173151
엄가네막퍼주는집,greengrocer,66,쌍문시장,서울특별시 도봉구 도봉로113길 12,37.6481717260943,127.033529585029
행복드림축산,butcher,75,고척근린시장,서울특별시 구로구 경인로33길 98-8,37.5023012376827,126.850717162466
삼진미트,butcher,124,마장축산물시장,서울특별시 성동구 살곶이길 18,37.5713872325285,127.040502055422
태양샘웰빙센터,sidedish,21,용산용문시장,서울특별시 용산구 효창원로42길 38-32,37.5366988197204,126.959505398641
의성상회,greengrocer,102,경동광성상가,서울특별시 동대문구 고산자로 454,37.5800373893651,127.038684050673
풍성할인마트,greengrocer,190,동원시장,서울특별시 중랑구 면목로74길 40,37.5894069455349,127.089775902025
에그플,sidedish,34,성내전통시장,서울특별시 강동구 풍성로37가길 36,37.5328519408536,127.12823194953
형제수산,seafood,86,마포농수산물시장,서울특별시 마포구 월드컵로 235,37.5651967331886,126.898481601096
테필린HBGA카페,sidedish,34,성내전통시장,서울특별시 강동구 천호대로162길 34,37.53544712375,127.127953535439
신창닭집,butcher,64,창동신창시장,서울특별시 도봉구 덕릉로57길 39,37.6400710207871,127.036426465
공주물산,seafood,101,경동시장,서울특별시 동대문구 고산자로36길 3,37.5790371332837,127.039147690267
형제농산물,greengrocer,13,답십리현대시장,서울특별시 동대문구 전농로4길 24,37.5671542367732,127.058055696381
바다한스푼,seafood,111,목사랑시장 (목4동시장),서울특별시 양천구 목동중앙남로7길 2,37.5376304376856,126.866521192164
정가네,greengrocer,96,청량리농수산물시장,서울특별시 동대문구 경동시장로8길 13-6,37.5811266102386,127.041571525614
반찬가게,sidedish,70,비단길현대시장,서울특별시 금천구 독산로39길 40,37.4580445050402,126.903464153245
자갈치수산,seafood,35,명일전통시장,서울특별시 강동구 양재대로138길 14,37.5494925606049,127.144556107078
미남상회,greengrocer,193,우림골목시장,서울특별시 중랑구 망우로62길 56,37.5967520943915,127.098481239202
털보생선,seafood,199,공릉동도깨비시장,서울특별시 노원구 동일로180길 41,37.6227348691182,127.076540105903
진도특산,seafood,189,면목시장,서울특별시 중랑구 사가정로50길 51,37.578607160219,127.085574223992
해남상회,greengrocer,12,남성사계시장,서울특별시 동작구 동작대로29나길 10,37.4884013486531,126.980687279607
문화떡마을,ricecake,199,공릉동도깨비시장,서울특별시 노원구 동일로180길 53,37.6228606088784,127.077151922262
우리마트생선,seafood,80,자양전통시장,서울특별시 광진구 자양로15길 83,37.5347871115406,127.079188170629
소문난청년푸줏간,butcher,51,관악신사시장,서울특별시 관악구 신사로14길 38,37.4869588683212,126.916543070347
늘봄축산,butcher,12,남성사계시장,서울특별시 동작구 동작대로29길 8,37.4881672274854,126.981569299759
달쥬과일상점광진1,greengrocer,41,신성종합시장(건물형),서울특별시 광진구 용마산로7길 5,37.5589011993894,127.087204089181
황금축산도매센터,butcher,17,둔촌역전통시장,서울특별시 강동구 양재대로91길 30,37.528241057123,127.134321879772
장수마을,sidedish,199,공릉동도깨비시장,서울특별시 노원구 동일로180길 53,37.6228606088784,127.077151922262
용산용문시장협동조합,greengrocer,21,용산용문시장,서울특별시 용산구 새창로 116-7,37.5367711572569,126.960263431835
강냉이없는집,sidedish,36,길동복조리시장,서울특별시 강동구 천중로52길 16,37.5401230132843,127.143870430864
홍씨네반찬,sidedish,17,둔촌역전통시장,서울특별시 강동구 양재대로91길 16,37.5279876667522,127.135294358708
네츄럴포뮬러,sidedish,99,청량종합도매시장(깡통시장),서울특별시 동대문구 약령시로14길 21,37.5819112652831,127.039262408566
김치천국,sidedish,48,신원시장,서울특별시 관악구 신원로5길 21,37.482154690534,126.927458963903
슬기로운게장,sidedish,46,신림중앙시장,서울특별시 관악구 조원로16길 27,37.4831438696652,126.911414200262
윤가네식품,sidedish,196,황학시장,서울특별시 중구 퇴계로87길 35-8,37.5671667039117,127.020657373301
영광댁반찬,sidedish,184,신아타운,서울특별시 중랑구 봉화산로 194,37.6064588447966,127.094711466519
한음수산,seafood,14,은행나무시장,서울특별시 금천구 금하로 705,37.4515701172928,126.908354792677
다람쥐곳간,sidedish,172,삼익패션타운,서울특별시 중구 남대문로 16,37.5606882077364,126.97752219681
강동정육센타,butcher,34,성내전통시장,서울특별시 강동구 천호대로162길 67,37.5338705722403,127.127769816834
팔도건어물,seafood,109,목동깨비시장 (목3동시장),서울특별시 양천구 목동중앙북로 19,37.5485315269485,126.86564171848
제일떡집,ricecake,82,노룬산골목시장,서울특별시 광진구 뚝섬로25길 6,37.536363325851,127.065340951954
논산족발,butcher,124,마장축산물시장,서울특별시 성동구 살곶이길 18,37.5713872325285,127.040502055422
명일계란마트,sidedish,35,명일전통시장,서울특별시 강동구 양재대로138길 11,37.5498079090848,127.144556716096
쌍문한돈한우,butcher,66,쌍문시장,서울특별시 도봉구 도봉로113길 6,37.648045510825,127.033801481197
기태만두,sidedish,95,청량리전통시장,서울특별시 동대문구 경동시장로10길 44,37.5812612028525,127.043122610524
자매반찬,sidedish,1,상계중앙시장,서울특별시 노원구 상계로27길 23,37.6594720732791,127.069981938389
티페스메어,flower,80,자양전통시장,서울특별시 광진구 아차산로42길 50,37.5354091568544,127.078657056073
한상드림모닝,sidedish,135,대림시장,서울특별시 은평구 응암로4길 20,37.5865381421423,126.917575546209
엄마반찬화곡,sidedish,56,화곡중앙시장,서울특별시 강서구 월정로30길 55,37.5349201371888,126.83898720314
원마트정육점,butcher,47,원당종합시장,서울특별시 관악구 남부순환로248길 35,37.4744143518543,126.965915106218
부흥농산,sidedish,102,경동광성상가,서울특별시 동대문구 고산자로 458,37.5804968924119,127.03869560954
광장마켓,seafood,130,광장시장,서울특별시 종로구 종로 202-1,37.5706283340203,127.000215073019
유기농하우스,greengrocer,53,봉천중앙시장,서울특별시 관악구 관악로24길 24,37.4843491673809,126.955892944058
암사수산마트,seafood,200,암사종합시장,서울특별시 강동구 상암로11길 14,37.5502945377509,127.12891818609
수유빅마트축산,butcher,31,수유재래시장,서울특별시 강북구 도봉로71가길 11,37.6319206333235,127.022227346527
맛나반찬,sidedish,13,답십리현대시장,서울특별시 동대문구 전농로4길 1,37.5669194726229,127.05907423046
푸른농산,sidedish,193,우림골목시장,서울특별시 중랑구 망우로62길 42,37.5973111604339,127.097938439905
남대문명물호떡,sidedish,173,숭례문수입상가,서울특별시 중구 남대문시장길 14,37.5600213299621,126.976798043393
대우상회,sidedish,197,연서시장,서울특별시 은평구 연서로 257,37.6201668876477,126.923202002675
정원플라워,flower,13,답십리현대시장,서울특별시 동대문구 황물로15나길 5-2,37.5655502804966,127.058427974056
늘푸른상회,greengrocer,42,광성시장,서울특별시 광진구 긴고랑로 41,37.563005210778,127.080915799968
구로야채청과,greengrocer,72,구로시장,서울특별시 구로구 구로동로 114,37.4887701057534,126.884665876766
잘되는떡방,ricecake,23,방신전통시장,서울특별시 강서구 방화동로16길 10,37.5705431209393,126.81288677295
파주식품,sidedish,163,청평화시장,서울특별시 중구 청계천로 334,37.5694651046039,127.014941682575
진영일오삼수산,seafood,20,대조시장,서울특별시 은평구 불광로 15,37.6099616476527,126.927889965621
명품한우직판장,butcher,63,창동골목시장,서울특별시 도봉구 덕릉로 250,37.6397367140029,127.039360800002
정가네,greengrocer,100,동서시장,서울특별시 동대문구 고산자로36길 39-3,37.5794151272536,127.040404514953
우리동네,greengrocer,20,대조시장,서울특별시 은평구 진흥로 153,37.6091048137596,126.92644113412
남영상회,greengrocer,20,대조시장,서울특별시 은평구 불광로 21,37.6103854638,126.928467164741
더담다동행유통,greengrocer,1,상계중앙시장,서울특별시 노원구 상계로27길 25,37.6595622318512,127.069880024942
성수야채청과,greengrocer,68,신도봉시장,서울특별시 도봉구 도당로27길 60,37.6700181305465,127.041122333137
우리좋은반찬,sidedish,80,자양전통시장,서울특별시 광진구 자양로13나길 12,37.5338311564905,127.08051090555
창기야채,greengrocer,70,비단길현대시장,서울특별시 금천구 독산로39길 38,37.458107621978,126.903520585345
란플라워,flower,111,목사랑시장 (목4동시장),서울특별시 양천구 목동중앙남로7길 2,37.5376304376856,126.866521192164
과일싸다구,greengrocer,60,까치산시장,서울특별시 강서구 강서로 45,37.5317855411843,126.846415760911
소문난전라도김치,sidedish,109,목동깨비시장 (목3동시장),서울특별시 양천구 목동중앙북로 7,37.5490257557989,126.864486562971
은성상회,seafood,129,유진상가,서울특별시 서대문구 통일로 468,37.5902652037301,126.942911423346
건강가득찬,sidedish,80,자양전통시장,서울특별시 광진구 자양로15길 92,37.5348325470506,127.078611193598
훈훈한과일신영,greengrocer,152,신영시장,서울특별시 양천구 곰달래로13길 37-1,37.5330860895045,126.835348056064
1등축산,butcher,113,석촌시장,서울특별시 송파구 가락로 82,37.5002852902055,127.105343367599
수산왕쌍문,seafood,66,쌍문시장,서울특별시 도봉구 도봉로113가길 2,37.6485594405882,127.032487265995
마린봉천,seafood,55,봉일시장,서울특별시 관악구 은천로 28,37.4859271049584,126.938377722456
농부가,greengrocer,109,목동깨비시장 (목3동시장),서울특별시 양천구 목동중앙북로 24,37.5481354615505,126.86597059983
플라옹,flower,54,인헌시장,서울특별시 관악구 남부순환로244가길 22,37.4755851083116,126.964037897766
삼남매네,greengrocer,94,회기시장,서울특별시 동대문구 회기로 176,37.5901038397212,127.05537874381
경신상회,greengrocer,102,경동광성상가,서울특별시 동대문구 약령시로14길 56,37.5804157248146,127.038933310916
럭키상사,seafood,160,신중부시장,서울특별시 중구 을지로30길 43,37.5652493860346,126.999071856874
무지개농산,greengrocer,23,방신전통시장,서울특별시 강서구 방화동로 112-2,37.570506776165,126.812694430699
신광유통,greengrocer,128,인왕시장,서울특별시 서대문구 인왕시장길 18,37.5910853841597,126.943488256032
새광상회,seafood,160,신중부시장,서울특별시 중구 을지로32길 24,37.5657088976857,127.000056594441
하나로축산,butcher,9,봉천제일종합시장,서울특별시 관악구 청룡2길 19,37.4812722150636,126.945120003326
청춘청과,greengrocer,47,원당종합시장,서울특별시 관악구 인헌6길 21,37.4738826445022,126.965530976818
과일맛집,greengrocer,12,남성사계시장,서울특별시 동작구 동작대로29길 23,37.4879598473892,126.98064216468
청년청과대림,greengrocer,132,대림골목시장,서울특별시 은평구 응암로4길 30,37.5873850982314,126.917608578793
창고형한솔이네,seafood,128,인왕시장,서울특별시 서대문구 인왕시장길 18,37.5910853841597,126.943488256032
호떡집,sidedish,17,둔촌역전통시장,서울특별시 강동구 풍성로56길 15,37.5283573095727,127.135091388119
우량정육점,butcher,160,신중부시장,서울특별시 중구 을지로32길 34,37.565285429502,127.000079231768
고기가조아,butcher,66,쌍문시장,서울특별시 도봉구 도봉로113길 45,37.6483074053555,127.031603306155
축복유통,seafood,143,영신상가,서울특별시 영등포구 영중로14길 23,37.519974262712,126.907863965556
좋은계란할인점,sidedish,14,은행나무시장,서울특별시 금천구 금하로25길 22,37.4512019357384,126.909960070178
축산망원직매장,butcher,87,망원동월드컵시장,서울특별시 마포구 망원로11길 27-54,37.55860740813,126.90567735063
청춘청과신대방,greengrocer,90,성대전통시장,서울특별시 동작구 상도로 89,37.4999604002995,126.930461232991
안동청과,greengrocer,42,광성시장,서울특별시 광진구 능동로47길 23,37.5633023138984,127.081244358413
대박집,greengrocer,136,제일시장,서울특별시 은평구 통일로 725-1,37.6103411561952,126.929701702649
대왕상회,greengrocer,97,청량리청과물시장,서울특별시 동대문구 왕산로33길 8,37.5798649171711,127.042419901357
쑤기네,greengrocer,70,비단길현대시장,서울특별시 금천구 독산로39길 37,37.4579725993649,126.903678995573
명진수산,seafood,82,노룬산골목시장,서울특별시 광진구 뚝섬로 493,37.5362733008977,127.065205100177
정육점,butcher,176,동문시장㈜,서울특별시 종로구 종로46가길 7-3,37.5711323767357,127.011025396408
암사축산,butcher,200,암사종합시장,서울특별시 강동구 올림픽로98길 10,37.5511597408882,127.128693342718
토끼의정원,flower,6,영천시장,서울특별시 종로구 송월길 147,37.571433132241,126.962056184055
농림상회,greengrocer,31,수유재래시장,서울특별시 강북구 도봉로71길 41,37.6311008477014,127.021626676061
여수수산생선박사,seafood,128,인왕시장,서울특별시 서대문구 통일로40안길 3-1,37.5904276601433,126.943488753343
오병이어수산,seafood,199,공릉동도깨비시장,서울특별시 노원구 동일로180길 7,37.6223666191224,127.074738660566
삼일상회F;1,greengrocer,128,인왕시장,서울특별시 서대문구 인왕시장길 18,37.5910853841597,126.943488256032
총각네,greengrocer,17,둔촌역전통시장,서울특별시 강동구 양재대로 1363,37.5278789885512,127.135780628363
영등포토박이정육점,butcher,145,동남상가,서울특별시 영등포구 영중로22길 3,37.5217207353054,126.905995299092
에이플러스,greengrocer,185,동성타워프라자,서울특별시 중랑구 신내로 128,37.608951750463,127.098180210349
대박나물,greengrocer,135,대림시장,서울특별시 은평구 응암로4길 28,37.5873310308182,126.91759731623
한도청과,greengrocer,100,동서시장,서울특별시 동대문구 왕산로33길 5,37.5796578705943,127.041910338952
남평상회,greengrocer,146,영일시장,서울특별시 영등포구 문래로30길 27,37.5161392108889,126.900719880301
라뷰플라워,flower,87,망원동월드컵시장,서울특별시 마포구 월드컵로25길 68,37.5578132184599,126.904048604412
어진수산,seafood,12,남성사계시장,서울특별시 동작구 동작대로29나길 5,37.4883021949911,126.980427239573
준이네,greengrocer,129,유진상가,서울특별시 서대문구 인왕시장길 16,37.5910580491261,126.942854204123
농장축산,butcher,6,영천시장,서울특별시 서대문구 영천시장길 29,37.5708471834815,126.961128268783
슈이타,flower,175,통인시장,서울특별시 종로구 자하문로 67-1,37.5820222185288,126.970462578758
복덩이정육점,butcher,197,연서시장,서울특별시 은평구 연서로 252,37.6194549232984,126.9229195593
싱싱야채과일,greengrocer,122,용답상가시장,서울특별시 성동구 용답19길 18-1,37.5635977339991,127.052880351122
우리청과야채,greengrocer,116,마천시장,서울특별시 송파구 마천로45길 43,37.4993695755184,127.151945891297
대양수산,seafood,119,장위전통시장,서울특별시 성북구 장위로38길 59,37.6107923719574,127.051430079984
더감동,butcher,63,창동골목시장,서울특별시 도봉구 덕릉로58길 21,37.6384212234161,127.039518724736
쌍둥이건어물,seafood,65,백운시장,서울특별시 도봉구 삼양로154길 31,37.6556176581712,127.014981594427
해피플라워,flower,43,능동로골목시장,서울특별시 광진구 뚝섬로30가길 8,37.5353720186205,127.065713458919
다판다,greengrocer,100,동서시장,서울특별시 동대문구 경동시장로 4,37.5793697720219,127.041287524939
금화축산,butcher,147,대림중앙시장,서울특별시 영등포구 디지털로37나길 7-1,37.4908554596593,126.898898911221
어사또,seafood,135,대림시장,서울특별시 은평구 응암로4길 26-2,37.5872409395377,126.91760873769
최고다푸줏간,butcher,121,길음시장,서울특별시 성북구 길음로9길 50,37.602692810963,127.020950304859
동서상회,greengrocer,100,동서시장,서울특별시 동대문구 왕산로33길 13,37.5797211833123,127.041219792937
푸르네과일,greengrocer,175,통인시장,서울특별시 종로구 필운대로6길 3,37.5808234689599,126.968798839543
장어시대,seafood,174,남대문시장,서울특별시 중구 퇴계로 60,37.5588504429503,126.978982751584
수현수산,seafood,43,능동로골목시장,서울특별시 광진구 뚝섬로32길 16,37.5348216709254,127.067025425105
양지꽃집,flower,9,봉천제일종합시장,서울특별시 관악구 청룡2길 39,37.4814068089752,126.943932758305
용마건어물,seafood,193,우림골목시장,서울특별시 중랑구 망우로62길 52-4,37.5967702935126,127.098266115029
진로정육,butcher,121,길음시장,서울특별시 성북구 길음로7길 36-12,37.6033413365481,127.021981024172
명과일,greengrocer,119,장위전통시장,서울특별시 성북구 화랑로19가길 20-24,37.6103329070958,127.05133915842
원산정육점,butcher,143,영신상가,서울특별시 영등포구 영등포로45길 8-2,37.5200015833793,126.908237227182
매일야채,greengrocer,112,새마을시장,서울특별시 송파구 석촌호수로12길 12,37.5092034656276,127.085200861887
24시무인꽃집금싸빠,flower,107,신곡종합시장,서울특별시 양천구 신월로15길 8,37.5191747928081,126.84206392783
행운수산,seafood,53,봉천중앙시장,서울특별시 관악구 관악로 222,37.4843580418401,126.955531127541
청년청과,greengrocer,63,창동골목시장,서울특별시 도봉구 덕릉로58길 16,37.638403328363,127.039144828345
용마청과,greengrocer,78,화양제일골목시장,서울특별시 광진구 아차산로27길 30-1,37.5429119338813,127.06827736534
황금회수산,seafood,75,고척근린시장,서울특별시 구로구 고척로40길 20,37.5023374063726,126.850818874197
성원축산,butcher,152,신영시장,서울특별시 양천구 곰달래로13길 36,37.5329787571669,126.835913988411
토속콩사랑,greengrocer,21,용산용문시장,서울특별시 용산구 새창로 111,37.5374650222785,126.960545929069
건어물마트,seafood,30,백년시장(강북종합시장과별개의시장) 구 강북종합전통시장,서울특별시 강북구 한천로148길 12-13,37.6421731836399,127.025493578986
유가네,greengrocer,101,경동시장,서울특별시 동대문구 왕산로 139-10,37.5788118885768,127.039136251467
블리스풀라워BLISSFULOWER,flower,140,신흥시장,서울특별시 용산구 소월로20길 32-2,37.5450931438074,126.985198972313
포방숯불제육,sidedish,19,포방터시장,서울특별시 서대문구 포방터길 57,37.5992599443105,126.949132733632
옛날떡메찰떡,ricecake,73,남구로시장,서울특별시 구로구 구로동로28길 64-13,37.4903050144234,126.88798792022
현대축산물도매센타,butcher,75,고척근린시장,서울특별시 구로구 고척로32길 11-9,37.502264438594,126.850117843172
장성농산,greengrocer,101,경동시장,서울특별시 동대문구 왕산로 147,37.5787846849648,127.03965699709
동남상회,greengrocer,96,청량리농수산물시장,서울특별시 동대문구 고산자로40길 26,37.5807486982429,127.040110885351
지리산매화네,greengrocer,73,남구로시장,서울특별시 구로구 구로동로28길 66,37.4908545099905,126.887862716322
신일상회,butcher,97,청량리청과물시장,서울특별시 동대문구 홍릉로1길 44,37.5804955801194,127.042510828169
황제정육,butcher,63,창동골목시장,서울특별시 도봉구 덕릉로60다길 21,37.6379436634853,127.039631770159
영풍상회,greengrocer,102,경동광성상가,서울특별시 동대문구 고산자로38길 13,37.5801092480816,127.03935203081
한우타운,butcher,124,마장축산물시장,서울특별시 성동구 마장로37길 57,37.5703957002217,127.041757993718
국가대표야채과일생선암사,greengrocer,200,암사종합시장,서울특별시 강동구 올림픽로98길 15,37.5514026392935,127.12903326187
명수산,seafood,50,우림시장,서울특별시 관악구 난곡로24길 7,37.4699686446676,126.920620254581
텃밭반찬,sidedish,151,경창시장,서울특별시 양천구 중앙로53길 65,37.5245905690455,126.842629457351
화랑축산,butcher,182,장미제일시장,서울특별시 중랑구 동일로143길 18,37.6053901575869,127.077586870637
소문난한우,butcher,23,방신전통시장,서울특별시 강서구 방화동로16길 36,37.5717048239015,126.812521633675
훈비네김,sidedish,21,용산용문시장,서울특별시 용산구 효창원로40길 9,37.5367709462226,126.959641133784
호남수산홍어사랑,seafood,115,마천중앙시장,서울특별시 송파구 마천로45길 15,37.4973987923825,127.150053368681
맛깔촌,sidedish,58,남부골목시장,서울특별시 강서구 등촌로5길 61,37.5328023371996,126.859831965477
곽가네기깔난게장,sidedish,11,망원시장,서울특별시 마포구 망원로7길 4,37.5577695722066,126.905791583569
수글리,flower,51,관악신사시장,서울특별시 관악구 관천로15길 115,37.4856701477428,126.916148765975
잡화행상,greengrocer,193,우림골목시장,서울특별시 중랑구 망우로62길 45,37.597265753094,127.098368679559
금호,sidedish,125,금남시장,서울특별시 성동구 독서당로46길 38,37.5479118816086,127.023390578044
이가네,seafood,6,영천시장,서울특별시 서대문구 영천시장길 21,37.5711173959868,126.960867775112
푸른유통,seafood,103,서울약령시장,서울특별시 동대문구 약령중앙로 35-1,37.5815065460852,127.037009261565
정남진장흥한우,butcher,191,동원전통종합시장,서울특별시 중랑구 겸재로 217-14,37.5896037191159,127.091655673716
신성,seafood,7,청량리수산시장,서울특별시 동대문구 왕산로32길 24,37.5780451838035,127.041649057685
부기상회,greengrocer,128,인왕시장,서울특별시 서대문구 인왕시장길 18,37.5910853841597,126.943488256032
시장고추집,sidedish,121,길음시장,서울특별시 성북구 동소문로 225-13,37.6022872860646,127.021391843812
한성상회,greengrocer,102,경동광성상가,서울특별시 동대문구 고산자로38길 21-11,37.5805506592593,127.039578685814
함박수산,seafood,7,청량리수산시장,서울특별시 동대문구 고산자로34길 49,37.578270614869,127.041128426973
플라워바이민,flower,138,이태원시장,서울특별시 용산구 녹사평대로40길 59,37.5344257282658,126.989104465418
청정건어물,seafood,60,까치산시장,서울특별시 강서구 강서로12길 5-17,37.5322367744983,126.846980526493
덕성상회,greengrocer,73,남구로시장,서울특별시 구로구 구로동로26길 31,37.4903029907366,126.885873421811
G마트,butcher,141,만리시장,서울특별시 용산구 효창원로 270,37.5513324117351,126.963695983216
영월상회,greengrocer,101,경동시장,서울특별시 동대문구 고산자로36길 3,37.5790371332837,127.039147690267
신진정육점,butcher,135,대림시장,서울특별시 은평구 응암로4길 22,37.5867905383524,126.917745099051
태화청과,greengrocer,86,마포농수산물시장,서울특별시 마포구 월드컵로 235,37.5651967331886,126.898481601096
미자상회,sidedish,101,경동시장,서울특별시 동대문구 고산자로36길 3,37.5790371332837,127.039147690267
불광수산,seafood,136,제일시장,서울특별시 은평구 불광로 28,37.6104759929893,126.929180595053
강경젓갈,seafood,193,우림골목시장,서울특별시 중랑구 용마산로111길 27,37.5975092559682,127.098085907642
예향,flower,60,까치산시장,서울특별시 강서구 강서로 38,37.5312551259015,126.847321942052
동진유통,greengrocer,199,공릉동도깨비시장,서울특별시 노원구 동일로180길 11-4,37.6224925271068,127.07510126628
양평축산한우방,butcher,193,우림골목시장,서울특별시 중랑구 봉우재로65길 54,37.5973923152739,127.097859280505
대구상회,seafood,7,청량리수산시장,서울특별시 동대문구 고산자로34길 28-1,37.5777844517672,127.040041370921
지혜상회,greengrocer,101,경동시장,서울특별시 동대문구 왕산로 147,37.5787846849648,127.03965699709
성현상회,seafood,101,경동시장,서울특별시 동대문구 고산자로36길 3,37.5790371332837,127.039147690267
소복상회,seafood,129,유진상가,서울특별시 서대문구 통일로 484,37.5915986934433,126.942955695997
충북상회,sidedish,102,경동광성상가,서울특별시 동대문구 고산자로40길 16,37.5807128835746,127.039442917787
대원상회,seafood,130,광장시장,서울특별시 종로구 창경궁로 88,37.570114766493,126.999705691574
부부상회,seafood,101,경동시장,서울특별시 동대문구 고산자로36길 3,37.5790371332837,127.039147690267
시흥닭총판,butcher,70,비단길현대시장,서울특별시 금천구 독산로39길 7,37.4590276436599,126.904740104169
길동청과,greengrocer,36,길동복조리시장,서울특별시 강동구 천중로52길 34,37.539285361364,127.143642523743
강북야채,greengrocer,31,수유재래시장,서울특별시 강북구 도봉로71길 26,37.6315331901336,127.022329190906
대화상회,seafood,101,경동시장,서울특별시 동대문구 고산자로36길 3,37.5790371332837,127.039147690267
대현유통,greengrocer,128,인왕시장,서울특별시 서대문구 인왕시장길 18,37.5910853841597,126.943488256032
합동상회,seafood,32,수유시장,서울특별시 강북구 도봉로69길 20,37.6309655539348,127.022408322515
광명청과,greengrocer,76,가리봉시장,서울특별시 구로구 디지털로19길 51,37.4820080438874,126.889379668922
현대건어물,seafood,197,연서시장,서울특별시 은평구 통일로 850,37.6193188042072,126.921447188818
박혜원플라워샵,flower,23,방신전통시장,서울특별시 강서구 방화동로 118,37.5709838158095,126.812387604939
햇님청과,greengrocer,86,마포농수산물시장,서울특별시 마포구 월드컵로 235,37.5651967331886,126.898481601096
목포상회,seafood,101,경동시장,서울특별시 동대문구 고산자로36길 3,37.5790371332837,127.039147690267
상주상회,sidedish,1,상계중앙시장,서울특별시 노원구 상계로23다길 18,37.6593101313431,127.069585128531
남도건어물,seafood,11,망원시장,서울특별시 마포구 포은로6길 27,37.55602216148,126.906450193724
만선해물,sidedish,196,황학시장,서울특별시 중구 퇴계로87길 23-31,37.5665811983021,127.019830923157
은혜당한약초,greengrocer,103,서울약령시장,서울특별시 동대문구 약령서길 32,37.5797498334837,127.036283847198
창포꽃집,flower,174,남대문시장,서울특별시 중구 남대문시장4길 21,37.5591835687093,126.977658463626
보은청과,greengrocer,86,마포농수산물시장,서울특별시 마포구 월드컵로 235,37.5651967331886,126.898481601096
서울청과,greengrocer,53,봉천중앙시장,서울특별시 관악구 관악로24길 25,37.4845203420537,126.955847616919
충무수산,seafood,21,용산용문시장,서울특별시 용산구 효창원로42길 7-1,37.5369152141113,126.95995786298
행복수산,seafood,62,답십리시장,서울특별시 동대문구 답십리로51길 7-3,37.5732537992976,127.05841135189
서울청과,greengrocer,111,목사랑시장 (목4동시장),서울특별시 양천구 목동중앙남로10길 2,37.5380089462965,126.866599720316
싱싱야채,greengrocer,23,방신전통시장,서울특별시 강서구 방화동로16길 32,37.5715068037016,126.812646647297
진영청과,greengrocer,11,망원시장,서울특별시 마포구 망원로8길 21,37.5564904640427,126.90617798854
녹원축산,butcher,102,경동광성상가,서울특별시 동대문구 고산자로 458,37.5804968924119,127.03869560954
성경정육점,butcher,89,공덕시장,서울특별시 마포구 마포대로6길 20-1,37.5450848457855,126.95332245347
한길식품,greengrocer,98,청량리종합시장,서울특별시 동대문구 고산자로38길 31-4,37.5802891336892,127.040280455221
다솜,flower,174,남대문시장,서울특별시 중구 남대문시장4길 21,37.5591835687093,126.977658463626
소현수산,seafood,86,마포농수산물시장,서울특별시 마포구 월드컵로 235,37.5651967331886,126.898481601096
충청,greengrocer,196,황학시장,서울특별시 중구 퇴계로87길 55-9,37.5679866455019,127.020453853549
완도상회,seafood,91,성대시장,서울특별시 동작구 상도로 110,37.5007545497311,126.932643147767
서울야채,greengrocer,200,암사종합시장,서울특별시 강동구 상암로 47,37.5497360559551,127.128792743078
영풍청과,greengrocer,56,화곡중앙시장,서울특별시 강서구 월정로30길 60,37.5348214436003,126.839292898907
한일정육점,butcher,19,포방터시장,서울특별시 서대문구 포방터길 49,37.5989715588838,126.948974395028
해동상회,seafood,101,경동시장,서울특별시 동대문구 고산자로36길 3,37.5790371332837,127.039147690267
고향자연식품,sidedish,31,수유재래시장,서울특별시 강북구 도봉로71길 26,37.6315331901336,127.022329190906
하나상회,greengrocer,25,장미원골목시장,서울특별시 강북구 삼양로123길 20,37.644841945683,127.014616841619
해성유통,butcher,196,황학시장,서울특별시 중구 퇴계로87길 15-20,37.5664909925009,127.02045344459
채소/과일소매업,greengrocer,101,경동시장,서울특별시 동대문구 고산자로36길 3,37.5790371332837,127.039147690267
축산사랑,butcher,103,서울약령시장,서울특별시 동대문구 고산자로 468,37.5813978562252,127.038786645937
과일슈즈아울렛,greengrocer,200,암사종합시장,서울특별시 강동구 올림픽로98길 24,37.550942970472,127.129179585836
덕수상회,greengrocer,86,마포농수산물시장,서울특별시 마포구 월드컵로 235,37.5651967331886,126.898481601096
포천영농도매센타,butcher,190,동원시장,서울특별시 중랑구 면목로74길 38,37.5893170613516,127.089492732595
목동건어물,seafood,111,목사랑시장 (목4동시장),서울특별시 양천구 목동중앙남로 50,37.5382701461737,126.866520051877
번영수산,seafood,86,마포농수산물시장,서울특별시 마포구 월드컵로 235,37.5651967331886,126.898481601096
뚝도시장경기상회,greengrocer,123,뚝도시장,서울특별시 성동구 성덕정15길 6-42,37.5381979600159,127.054276749994
고기사랑,butcher,42,광성시장,서울특별시 광진구 능동로47길 30,37.5635817081187,127.081120157626
일호수산,seafood,101,경동시장,서울특별시 동대문구 고산자로36길 3,37.5790371332837,127.039147690267
은혜나물,sidedish,111,목사랑시장 (목4동시장),서울특별시 양천구 목동중앙남로 51-1,37.5384229316358,126.866180336899
현대청과,greengrocer,150,신정제일시장,서울특별시 양천구 중앙로34길 30,37.5208476100093,126.853689238135
대중야채,greengrocer,17,둔촌역전통시장,서울특별시 강동구 양재대로91길 36,37.5283494983771,127.134039243407
한양닭집,butcher,51,관악신사시장,서울특별시 관악구 신사로14길 57,37.4861032459472,126.91701891044
씨케이유통,greengrocer,88,마포시장,서울특별시 마포구 만리재로 23,37.5448057053008,126.953752625102
라임,flower,94,회기시장,서울특별시 동대문구 경희대로4길 48,37.591635747955,127.054904320787
푸른목장,butcher,91,성대시장,서울특별시 동작구 상도로 102,37.4999431451181,126.931773087358
남부닭집,butcher,58,남부골목시장,서울특별시 강서구 등촌로5길 61,37.5328023371996,126.859831965477
화신상회,greengrocer,102,경동광성상가,서울특별시 동대문구 고산자로38길 15-6,37.5801993096523,127.039465289019
중매1239풍년꽃집,flower,174,남대문시장,서울특별시 중구 남대문시장4길 21,37.5591835687093,126.977658463626
나주상회,greengrocer,102,경동광성상가,서울특별시 동대문구 고산자로40길 5,37.5808572004634,127.038967504346
은혜축산,butcher,104,전농로터리시장,서울특별시 동대문구 전농로29길 107,37.578318235777,127.056671905432
진흥상회,seafood,10,백련시장,서울특별시 서대문구 가재울로10길 34,37.5766577282751,126.922725964416
신토불이용호네,seafood,32,수유시장,서울특별시 강북구 도봉로67길 18,37.6307312477932,127.022668813232
영주상회,greengrocer,101,경동시장,서울특별시 동대문구 고산자로36길 3,37.5790371332837,127.039147690267
맛짱과일,greengrocer,34,성내전통시장,서울특별시 강동구 풍성로39길 37,37.5330511643161,127.12730454726
서울청과,greengrocer,21,용산용문시장,서울특별시 용산구 효창원로40길 13,37.5366178263498,126.959788304661
황도물산,greengrocer,103,서울약령시장,서울특별시 동대문구 약령중앙로 34-6,37.5811730284593,127.037484588058
대원농산,greengrocer,137,후암시장,서울특별시 용산구 후암로35길 42-7,37.5495424992699,126.975669647658
송정수산,seafood,7,청량리수산시장,서울특별시 동대문구 고산자로32길 65,37.5774865395436,127.041727991215
정이청과,greengrocer,111,목사랑시장 (목4동시장),서울특별시 양천구 목동중앙남로 39,37.5372792018733,126.866657593209
과일,greengrocer,43,능동로골목시장,서울특별시 광진구 뚝섬로30길 37,37.5346053086755,127.067240200957
은혜농산,greengrocer,99,청량종합도매시장(깡통시장),서울특별시 동대문구 경동시장로9가길 13,37.5818659301423,127.040111484739
삼화상회,greengrocer,196,황학시장,서울특별시 중구 퇴계로87길 55-7,37.567986625837,127.020567045869
자매상회,greengrocer,102,경동광성상가,서울특별시 동대문구 고산자로40길 15,37.5808570160372,127.039522242085
대성축산,butcher,73,남구로시장,서울특별시 구로구 구로동로26길 62,37.4898901220171,126.887536242466
양평한우,butcher,80,자양전통시장,서울특별시 광진구 뚝섬로49길 43,37.5341019402917,127.079798407924
제이드래곤컴퍼니,greengrocer,197,연서시장,서울특별시 은평구 통일로80길 11-13,37.6206433303314,126.921559067319
프로포즈365과일야채,greengrocer,136,제일시장,서울특별시 은평구 통일로 731,37.6106203207268,126.929463600419
보성정육점,butcher,13,답십리현대시장,서울특별시 동대문구 답십리로56길 126,37.5677040546699,127.05762599394
용진수산,seafood,86,마포농수산물시장,서울특별시 마포구 월드컵로 235,37.5651967331886,126.898481601096
황금정육점,butcher,192,중랑동부시장(동부골목시장),서울특별시 중랑구 봉우재로13길 11,37.5910284766915,127.077413441221
동해수산,seafood,30,백년시장(강북종합시장과별개의시장) 구 강북종합전통시장,서울특별시 강북구 한천로144길 16,37.641722600149,127.025912650213
평화상회,seafood,128,인왕시장,서울특별시 서대문구 인왕시장길 18,37.5910853841597,126.943488256032
광포정육점,butcher,137,후암시장,서울특별시 용산구 후암로 60-1,37.5513267808905,126.977196823851
완도수산,seafood,101,경동시장,서울특별시 동대문구 고산자로36길 3,37.5790371332837,127.039147690267
동방물산,sidedish,103,서울약령시장,서울특별시 동대문구 약령중앙로 19-1,37.5800109569159,127.036816063374
부흥축산,butcher,85,아현시장,서울특별시 마포구 굴레방로7길 8,37.5564020663604,126.955080921966
우리동네축산,butcher,48,신원시장,서울특별시 관악구 신원로5길 47,37.4829649193486,126.926361460591
목포수산,seafood,86,마포농수산물시장,서울특별시 마포구 월드컵로 235,37.5651967331886,126.898481601096
온달축산,butcher,51,관악신사시장,서울특별시 관악구 신사로14길 55,37.4862023408648,126.916996187077
부여수산,seafood,132,대림골목시장,서울특별시 은평구 응암로4길 32,37.5875833796188,126.917698937811
싱싱해수산,seafood,111,목사랑시장 (목4동시장),서울특별시 양천구 목동중앙남로 47,37.5379546561827,126.866396152726
아름꽃집,flower,143,영신상가,서울특별시 영등포구 영등포로 225,37.5199192522038,126.906653653063
착한해적,seafood,14,은행나무시장,서울특별시 금천구 금하로25길 8,37.4511562884459,126.909180314422
충북상회,greengrocer,32,수유시장,서울특별시 강북구 도봉로67길 18,37.6307312477932,127.022668813232
송이버섯자연송이대광상회,greengrocer,101,경동시장,서울특별시 동대문구 고산자로36길 3,37.5790371332837,127.039147690267
칠복상회,seafood,31,수유재래시장,서울특별시 강북구 도봉로71길 23,37.6312718502695,127.022612333318
중앙정육점,butcher,48,신원시장,서울특별시 관악구 신원로5길 41,37.4827668804378,126.926655620357
경동건어물,seafood,101,경동시장,서울특별시 동대문구 고산자로36길 3,37.5790371332837,127.039147690267
정인축산유통,butcher,128,인왕시장,서울특별시 서대문구 통일로40안길 5,37.5905268288109,126.943613227447
믿음을주는농산물,greengrocer,42,광성시장,서울특별시 광진구 능동로47길 30,37.5635817081187,127.081120157626
성우상회,seafood,101,경동시장,서울특별시 동대문구 고산자로36길 3,37.5790371332837,127.039147690267
해남상회,greengrocer,58,남부골목시장,서울특별시 강서구 등촌로5길 61,37.5328023371996,126.859831965477
플레르다모르,flower,60,까치산시장,서울특별시 강서구 강서로16길 14,37.5327053960167,126.84705876629
오경상회,seafood,160,신중부시장,서울특별시 중구 을지로32길 24,37.5657088976857,127.000056594441
미미꽃집,flower,174,남대문시장,서울특별시 중구 남대문시장4길 21,37.5591835687093,126.977658463626
부부야채,greengrocer,87,망원동월드컵시장,서울특별시 마포구 망원로7길 31,37.5587330668328,126.905077347303
오복상회,greengrocer,120,돌곶이시장(구 석관황금시장),서울특별시 성북구 한천로73길 28,37.6096971628343,127.061871482627
기원유통,seafood,160,신중부시장,서울특별시 중구 을지로32길 24,37.5657088976857,127.000056594441
금천수산,seafood,14,은행나무시장,서울특별시 금천구 금하로25길 13,37.4513637900147,126.909530414147
어사또수유,seafood,31,수유재래시장,서울특별시 강북구 수유로12길 81,37.6315331965605,127.022295204317
목포수산,seafood,32,수유시장,서울특별시 강북구 도봉로69길 30,37.6308214960888,127.021875827739
화악산유통,greengrocer,86,마포농수산물시장,서울특별시 마포구 월드컵로 235,37.5651967331886,126.898481601096
홍성계란,sidedish,71,별빛남문시장,서울특별시 금천구 독산로93길 39,37.4739363110281,126.901013136057
생선,seafood,51,관악신사시장,서울특별시 관악구 신사로14길 47,37.4865266160338,126.9168714521
시온성꽃집,flower,174,남대문시장,서울특별시 중구 남대문시장4길 21,37.5591835687093,126.977658463626
형제수산,seafood,188,면목골목시장,서울특별시 중랑구 사가정로50길 74,37.5778509058894,127.084769587201
정직한명품한우,butcher,47,원당종합시장,서울특별시 관악구 인헌6길 24,37.4741259105873,126.965508254977
보은상회,greengrocer,129,유진상가,서울특별시 서대문구 인왕시장길 16,37.5910580491261,126.942854204123
연신청과,greengrocer,197,연서시장,서울특별시 은평구 통일로 850,37.6193188042072,126.921447188818
축산사랑,butcher,36,길동복조리시장,서울특별시 강동구 명일로17길 48,37.5389608646501,127.143755049603
가리봉과일,greengrocer,76,가리봉시장,서울특별시 구로구 우마1길 17-2,37.4828810530112,126.888349501654
예산상회,greengrocer,19,포방터시장,서울특별시 서대문구 포방터길 41,37.598584093702,126.948884068708
진짜한우,butcher,110,목2동시장,서울특별시 양천구 목동중앙북로 93,37.5463508285271,126.873544167619
화성상회,greengrocer,130,광장시장,서울특별시 종로구 창경궁로 88,37.570114766493,126.999705691574
예림꽃집,flower,174,남대문시장,서울특별시 중구 남대문시장4길 21,37.5591835687093,126.977658463626
본플라워,flower,108,우성상가시장,서울특별시 양천구 지양로 79,37.522423946204,126.832995899575
승진상회,seafood,160,신중부시장,서울특별시 중구 을지로32길 12,37.566087315882,127.000192422072
황산수산,seafood,96,청량리농수산물시장,서울특별시 동대문구 고산자로40길 23-1,37.5808928764303,127.040054356771
형제상회,greengrocer,48,신원시장,서울특별시 관악구 관천로 25,37.4820468532534,126.927922624546
이화정육점,butcher,200,암사종합시장,서울특별시 강동구 올림픽로98길 21,37.5512761655587,127.129338594671
용문건어물,seafood,21,용산용문시장,서울특별시 용산구 효창원로40길 14,37.5364826608834,126.959743119366
삼미수산,seafood,86,마포농수산물시장,서울특별시 마포구 월드컵로 235,37.5651967331886,126.898481601096
금덕약초,greengrocer,101,경동시장,서울특별시 동대문구 고산자로36길 3,37.5790371332837,127.039147690267
자연산약초,sidedish,101,경동시장,서울특별시 동대문구 고산자로 441,37.5789564174873,127.038004237858
남양정육점,butcher,196,황학시장,서울특별시 중구 퇴계로87길 29-20,37.5669145246797,127.020080031072
방이축산,butcher,114,방이시장,서울특별시 송파구 백제고분로48길 33,37.5106542124166,127.116679812568
야채,greengrocer,48,신원시장,서울특별시 관악구 관천로 29-1,37.4823709394225,126.927470061142
믿음상회,greengrocer,31,수유재래시장,서울특별시 강북구 수유로12길 81,37.6315331965605,127.022295204317
월드수산,seafood,7,청량리수산시장,서울특별시 동대문구 고산자로34길 40,37.5779734554635,127.040641471547
충남상회,greengrocer,198,돈암시장,서울특별시 성북구 보문로38길 35,37.5911879592697,127.015761261993
대광정육점,butcher,130,광장시장,서울특별시 종로구 종로32길 19-1,37.5701327799605,127.001267790448
진광물산,greengrocer,101,경동시장,서울특별시 동대문구 고산자로36길 25,37.5792621162706,127.039940273778
지중해수산,seafood,198,돈암시장,서울특별시 성북구 보문로40길 34,37.591926817651,127.015421732083
우리동네셀프수산,seafood,188,면목골목시장,서울특별시 중랑구 사가정로50길 67,37.5778507349343,127.085007322182
진도수산,seafood,199,공릉동도깨비시장,서울특별시 노원구 동일로180길 14,37.6219517907143,127.075327270459
영양상회,greengrocer,101,경동시장,서울특별시 동대문구 고산자로36길 3,37.5790371332837,127.039147690267
낙원상회,greengrocer,97,청량리청과물시장,서울특별시 동대문구 경동시장로8길 36,37.580909984051,127.042658239237
사당건어물,seafood,12,남성사계시장,서울특별시 동작구 동작대로29길 37,37.4881399224129,126.979884537567
수정상회,greengrocer,101,경동시장,서울특별시 동대문구 고산자로36길 3,37.5790371332837,127.039147690267
금비네숯불김,seafood,200,암사종합시장,서울특별시 강동구 고덕로10길 62,37.5520330888826,127.129260685009
충남건어물,seafood,119,장위전통시장,서울특별시 성북구 장위로38길 66,37.6104770800916,127.051305280519
늘푸른상회,greengrocer,129,유진상가,서울특별시 서대문구 인왕시장길 24,37.5912114415656,126.943318319499
미림화원,flower,21,용산용문시장,서울특별시 용산구 효창원로 93-1,37.5372123003383,126.959244885664
노량진수산,seafood,26,우이시장,서울특별시 강북구 한천로162길 30,37.6465619769801,127.020339407488
웰빙견과,greengrocer,80,자양전통시장,서울특별시 광진구 자양로13나길 28,37.5343091550036,127.079821256987
농가축산,butcher,19,포방터시장,서울특별시 서대문구 포방터길 57,37.5992599443105,126.949132733632
신창한우축산,butcher,64,창동신창시장,서울특별시 도봉구 덕릉로57길 22,37.6396832781981,127.037445984768
인원미트,butcher,68,신도봉시장,서울특별시 도봉구 도당로27길 58,37.669864971867,127.041099579251
유진화원,flower,129,유진상가,서울특별시 서대문구 통일로 484,37.5915986934433,126.942955695997
풍림식물원,flower,143,영신상가,서울특별시 영등포구 영등포로 225,37.5199192522038,126.906653653063
과일나라,greengrocer,86,마포농수산물시장,서울특별시 마포구 월드컵로 235,37.5651967331886,126.898481601096
고흥수산,seafood,150,신정제일시장,서울특별시 양천구 중앙로34길 30,37.5208476100093,126.853689238135
인천상회,seafood,102,경동광성상가,서울특별시 동대문구 고산자로40길 16,37.5807128835746,127.039442917787
우리농산물,greengrocer,150,신정제일시장,서울특별시 양천구 오목로30길 35,37.5217859484979,126.854739444163
강서농산물,greengrocer,23,방신전통시장,서울특별시 강서구 방화동로16길 44,37.5719837711442,126.812294537996
동성상회,greengrocer,101,경동시장,서울특별시 동대문구 고산자로36길 3,37.5790371332837,127.039147690267
경동해산물,seafood,102,경동광성상가,서울특별시 동대문구 고산자로40길 9,37.5808751378532,127.039216579722
두리안제국,greengrocer,44,조양시장(건물형),서울특별시 광진구 동일로20길 72,37.5402184147,127.067460226867
총각네과일,greengrocer,36,길동복조리시장,서울특별시 강동구 천중로52길 37,37.5390779391966,127.143800533772
스마일농산,greengrocer,77,신성골목시장,서울특별시 광진구 긴고랑로36길 42,37.5574752077785,127.090416636847
우리농수산물,greengrocer,63,창동골목시장,서울특별시 도봉구 덕릉로58길 21,37.6384212234161,127.039518724736
태준상회,greengrocer,191,동원전통종합시장,서울특별시 중랑구 상봉로11길 41,37.5898022354934,127.091270951063
형제,greengrocer,20,대조시장,서울특별시 은평구 불광로 5,37.6094205534074,126.92707505154
경기닭집,butcher,12,남성사계시장,서울특별시 동작구 동작대로29길 29,37.4879958448087,126.980382090893
늘봄상회,greengrocer,20,대조시장,서울특별시 은평구 불광로 7-2,37.6096999577557,126.927233336423
종합축산물도매센타,butcher,67,방학동도깨비시장,서울특별시 도봉구 도당로13가길 11,37.6657762023056,127.035951658668
한우면우촌리,butcher,139,이촌종합시장,서울특별시 용산구 이촌로77길 19,37.5205120986189,126.974921169332
다물정육점,butcher,140,신흥시장,서울특별시 용산구 소월로20길 27,37.5452193048475,126.985368684211
길동복조리시장-22호,seafood,36,길동복조리시장,서울특별시 강동구 천중로52길 37,37.5390779391966,127.143800533772
싱싱야채,greengrocer,67,방학동도깨비시장,서울특별시 도봉구 도당로13가길 11,37.6657762023056,127.035951658668
금산상회,greengrocer,139,이촌종합시장,서울특별시 용산구 이촌로77길 19,37.5205120986189,126.974921169332
영진상회,greengrocer,196,황학시장,서울특별시 중구 퇴계로85길 48,37.5678696355637,127.019752030229
민현축산,butcher,191,동원전통종합시장,서울특별시 중랑구 상봉로11길 31,37.5898468811687,127.091791842368
태양유통,greengrocer,40,중곡제일시장(이오상사),서울특별시 광진구 능동로49길 29,37.5647436802381,127.081574167153
대한상회,seafood,130,광장시장,서울특별시 종로구 창경궁로 88,37.570114766493,126.999705691574
제주도생선,seafood,113,석촌시장,서울특별시 송파구 송파대로37길 57-4,37.4998972918024,127.105976123254
팔도특산품,seafood,111,목사랑시장 (목4동시장),서울특별시 양천구 목동중앙남로 42,37.5375406955558,126.866838161518
목동꽃집,flower,174,남대문시장,서울특별시 중구 남대문시장4길 21,37.5591835687093,126.977658463626
과일야채,greengrocer,82,노룬산골목시장,서울특별시 광진구 뚝섬로25길 2,37.5362370164309,127.065646331362
왕성식품,sidedish,85,아현시장,서울특별시 마포구 마포대로21길 60,37.5556903943656,126.955386918183
대진청과,greengrocer,31,수유재래시장,서울특별시 강북구 도봉로71길 33,37.6310467046124,127.022079811972
쌍둥이야채,greengrocer,200,암사종합시장,서울특별시 강동구 올림픽로98길 21,37.5512761655587,127.129338594671
낙원화원,flower,38,신사상가,서울특별시 강남구 압구정로29길 72-1,37.5322874414761,127.028409040498
신라정육점,butcher,189,면목시장,서울특별시 중랑구 사가정로50길 10,37.5803905905168,127.086312137104
만과상회,greengrocer,76,가리봉시장,서울특별시 구로구 우마길 17,37.4814036147576,126.888577823108
참사랑식품,sidedish,113,석촌시장,서울특별시 송파구 송파대로37길 56,37.5000682998837,127.106179926349
동해수산,seafood,191,동원전통종합시장,서울특별시 중랑구 상봉로15나길 37,37.5901888250629,127.092347069255
바다수산,seafood,6,영천시장,서울특별시 서대문구 통일로 191,37.5703968929402,126.96176240023
농민축산물쎈타,butcher,23,방신전통시장,서울특별시 강서구 방화동로16길 24,37.5712096025987,126.812726629714
안심한우마을,butcher,139,이촌종합시장,서울특별시 용산구 이촌로77길 19,37.5205120986189,126.974921169332
장보고수산,seafood,21,용산용문시장,서울특별시 용산구 효창원로42길 4,37.5370682840384,126.95966360265
플로라인,flower,112,새마을시장,서울특별시 송파구 석촌호수로12길 17-14,37.5083930659269,127.084498706856
２１세기축산물,butcher,50,우림시장,서울특별시 관악구 난곡로30가길 17,37.4706805107097,126.920721242677
에녹농수산물,greengrocer,188,면목골목시장,서울특별시 중랑구 사가정로50길 77,37.5775715817212,127.084791911903
정직한정육점,butcher,109,목동깨비시장 (목3동시장),서울특별시 양천구 목동중앙북로 19,37.5485315269485,126.86564171848
만국상회,greengrocer,96,청량리농수산물시장,서울특별시 동대문구 고산자로40길 17,37.5808930140186,127.039646794158
현경,greengrocer,86,마포농수산물시장,서울특별시 마포구 월드컵로 235,37.5651967331886,126.898481601096
싱싱야채과일청년들,greengrocer,186,중랑교종합상가,서울특별시 중랑구 망우로32길 24,37.5927770343682,127.076441475815
늘푸른생선,seafood,85,아현시장,서울특별시 마포구 굴레방로 17,37.5556454042594,126.955545388113
백암수산,seafood,190,동원시장,서울특별시 중랑구 면목로74길 20,37.5892006242508,127.088575475451
산천자연의학연구소,greengrocer,103,서울약령시장,서울특별시 동대문구 약령서1길 26,37.5796236455355,127.036442279874
강경상회,greengrocer,32,수유시장,서울특별시 강북구 도봉로67길 18,37.6307312477932,127.022668813232
명성한우,butcher,111,목사랑시장 (목4동시장),서울특별시 양천구 목동중앙남로 57,37.5387741668204,126.866043931518
수유제일청과,greengrocer,31,수유재래시장,서울특별시 강북구 수유로12길 80,37.6314972292771,127.021910012387
하은축산,butcher,67,방학동도깨비시장,서울특별시 도봉구 도당로13가길 19,37.6660463748959,127.03634848273
성주상회,greengrocer,129,유진상가,서울특별시 서대문구 통일로 484,37.5915986934433,126.942955695997
아람,butcher,76,가리봉시장,서울특별시 구로구 우마3길 13,37.4817012877819,126.888939179427
일이삼정육점,butcher,104,전농로터리시장,서울특별시 동대문구 전농로15길 22,37.5780391010794,127.05630942978
보문상회,sidedish,101,경동시장,서울특별시 동대문구 고산자로36길 3,37.5790371332837,127.039147690267
형제상회,greengrocer,132,대림골목시장,서울특별시 은평구 응암로12길 7-1,37.5880789250859,126.917698392189
한아름과일,greengrocer,78,화양제일골목시장,서울특별시 광진구 아차산로29길 55,37.5433259194871,127.069092458967
훈이네건어물,seafood,128,인왕시장,서울특별시 서대문구 인왕시장길 18,37.5910853841597,126.943488256032
남문야채,greengrocer,71,별빛남문시장,서울특별시 금천구 시흥대로144길 27,37.473665904153,126.900889137798
진국수산,seafood,6,영천시장,서울특별시 서대문구 영천시장길 60,37.5697663674117,126.96229473914
용문닭집,butcher,21,용산용문시장,서울특별시 용산구 효창원로42길 38-14,37.5361043483051,126.960060126251
단골상회,greengrocer,48,신원시장,서울특별시 관악구 신원로5길 13,37.4819386425186,126.927775747409
꽃피는봄,flower,8,화곡본동시장,서울특별시 강서구 까치산로 40,37.5428743878315,126.844537286972
명성축산,butcher,1,상계중앙시장,서울특별시 노원구 상계로27길 11,37.6591023944612,127.070446246426
일신상회,seafood,130,광장시장,서울특별시 종로구 창경궁로 88,37.570114766493,126.999705691574
365생생축산,butcher,6,영천시장,서울특별시 서대문구 영천시장길 36,37.5704688064679,126.961252981116
사거리청과,greengrocer,17,둔촌역전통시장,서울특별시 강동구 양재대로91길 19,37.5278980714339,127.134852983483
채소/과일소매업,greengrocer,196,황학시장,서울특별시 중구 퇴계로87길 55-19,37.5679687069962,127.019978440988
성영상회,greengrocer,95,청량리전통시장,서울특별시 동대문구 왕산로35길 7,37.5800808682088,127.043212498263
대우농산,greengrocer,101,경동시장,서울특별시 동대문구 고산자로36길 3,37.5790371332837,127.039147690267
건어물,seafood,120,돌곶이시장(구 석관황금시장),서울특별시 성북구 한천로73길 33,37.60949905791,127.061656133651
물만난수산시장,seafood,9,봉천제일종합시장,서울특별시 관악구 청룡2길 22,37.4814883887563,126.944972865008
미경반찬,sidedish,120,돌곶이시장(구 석관황금시장),서울특별시 성북구 한천로73길 39,37.6094361362745,127.061372943963
대한홍어,seafood,53,봉천중앙시장,서울특별시 관악구 관악로 211,37.4841953988194,126.954321420028
도화상점이수점,greengrocer,12,남성사계시장,서울특별시 동작구 동작대로31길 2,37.4885276726526,126.981840584778
허당농산,greengrocer,8,화곡본동시장,서울특별시 강서구 화곡로 190,37.5425294460459,126.842603074611
꽃다비,flower,136,제일시장,서울특별시 은평구 불광로 40,37.6110983693349,126.930346558317
백세반찬,sidedish,176,동문시장㈜,서울특별시 종로구 청계천로 307,37.5700781230359,127.011942124491
하니농산,greengrocer,93,남성역골목시장,서울특별시 동작구 사당로14길 16,37.4834530159324,126.971756444128
고기사랑,butcher,40,중곡제일시장(이오상사),서울특별시 광진구 긴고랑로11길 11,37.5639149518726,127.081301616785
비타민청과,greengrocer,109,목동깨비시장 (목3동시장),서울특별시 양천구 목동중앙북로 28,37.5480640227237,126.866536538317
우리축산물도매센터,butcher,6,영천시장,서울특별시 서대문구 영천시장길 60,37.5697663674117,126.96229473914
경북고추,greengrocer,119,장위전통시장,서울특별시 성북구 장위로38길 67,37.610377867678,127.051543051082
부부식품,greengrocer,174,남대문시장,서울특별시 중구 남대문시장2가길 10,37.5593996929554,126.977058548622
한도상회,seafood,160,신중부시장,서울특별시 중구 을지로32길 24,37.5657088976857,127.000056594441
제일수산,seafood,116,마천시장,서울특별시 송파구 마천로45길 23,37.4980737243928,127.150699312878
바다사랑,seafood,12,남성사계시장,서울특별시 동작구 동작대로29나길 10,37.4884013486531,126.980687279607
뚝섬식품,sidedish,123,뚝도시장,서울특별시 성동구 성덕정15길 6-1,37.5381621374828,127.053801505718
하나축산물도매센타,butcher,17,둔촌역전통시장,서울특별시 강동구 양재대로91길 16,37.5279876667522,127.135294358708
경원상회,seafood,101,경동시장,서울특별시 동대문구 고산자로36길 3,37.5790371332837,127.039147690267
예쁜꽃집,flower,174,남대문시장,서울특별시 중구 남대문시장4길 21,37.5591835687093,126.977658463626
일이삼즉석두부,sidedish,189,면목시장,서울특별시 중랑구 면목로37길 13,37.578976567376,127.085574646767
수현축산,butcher,64,창동신창시장,서울특별시 도봉구 덕릉로57길 35,37.6399087804301,127.03663032822
현대족발,butcher,124,마장축산물시장,서울특별시 성동구 마장로37길 51-1,37.5699993621127,127.041474784029
신흥상회,greengrocer,20,대조시장,서울특별시 은평구 불광로 21,37.6103854638,126.928467164741
성풍,butcher,175,통인시장,서울특별시 종로구 자하문로 57,37.5810582315378,126.970768632298
송스플라워,flower,142,보광시장,서울특별시 용산구 보광로 23-1,37.5265424675497,127.000350702
칠성정육점,butcher,23,방신전통시장,서울특별시 강서구 금낭화로 80,37.572595489035,126.811693047243
일삼오축산,butcher,95,청량리전통시장,서울특별시 동대문구 왕산로35길 24,37.5807566216711,127.04319024649
축협후레쉬포크,butcher,105,전곡시장,서울특별시 동대문구 한천로38나길 29,37.577428910978,127.068637169257
한우농장,butcher,188,면목골목시장,서울특별시 중랑구 면목로35길 18-8,37.5785442873479,127.085302452175
금풍건어물,seafood,101,경동시장,서울특별시 동대문구 고산자로36길 3,37.5790371332837,127.039147690267
황금축산,butcher,23,방신전통시장,서울특별시 강서구 방화동로16길 56,37.5725868941412,126.811953426887
영일축산,butcher,102,경동광성상가,서울특별시 동대문구 고산자로 458,37.5804968924119,127.03869560954
서부축산,butcher,111,목사랑시장 (목4동시장),서울특별시 양천구 목동중앙남로 51,37.5383239244178,126.866271031748
사고파농수산물,greengrocer,136,제일시장,서울특별시 은평구 통일로 723,37.6100798829961,126.929724599782
호남상회,seafood,101,경동시장,서울특별시 동대문구 고산자로36길 3,37.5790371332837,127.039147690267
노룬산청과,greengrocer,82,노룬산골목시장,서울특별시 광진구 뚝섬로 493,37.5362733008977,127.065205100177
푸른축산물도매센타,butcher,199,공릉동도깨비시장,서울특별시 노원구 동일로180길 32,37.6224558490077,127.076098047963
황씨청과일,greengrocer,67,방학동도깨비시장,서울특별시 도봉구 도당로13가길 8,37.6655869790945,127.036008237586
진도수산,seafood,7,청량리수산시장,서울특별시 동대문구 고산자로34길 49,37.578270614869,127.041128426973
자연명가만물상회,seafood,1,상계중앙시장,서울특별시 노원구 상계로27길 7,37.6589131071329,127.070582063823
강경젓갈직판장,sidedish,17,둔촌역전통시장,서울특별시 강동구 양재대로91길 34,37.5282772385668,127.134197499211
과일나라,greengrocer,199,공릉동도깨비시장,서울특별시 노원구 동일로180길 36,37.6225097765357,127.07630199779
치킨박사,butcher,112,새마을시장,서울특별시 송파구 석촌호수로12길 18,37.5090058374537,127.084374984092
장터한우촌,butcher,192,중랑동부시장(동부골목시장),서울특별시 중랑구 동일로109길 54,37.5916143063735,127.077130977831
푸른생선가게,seafood,70,비단길현대시장,서울특별시 금천구 독산로39길 31,37.4582250849237,126.903927330354
금창농산,greengrocer,101,경동시장,서울특별시 동대문구 왕산로 147,37.5787846849648,127.03965699709
동남상회,greengrocer,100,동서시장,서울특별시 동대문구 왕산로33길 17,37.5800093861907,127.041548262326
하이축산,butcher,16,봉천현대시장,서울특별시 관악구 양녕로 49,37.4865978521268,126.946597316959
청솔약초,greengrocer,101,경동시장,서울특별시 동대문구 고산자로36길 3,37.5790371332837,127.039147690267
만물상회,seafood,75,고척근린시장,서울특별시 구로구 고척로32길 11,37.5022006928046,126.849586434254
농우축산,butcher,46,신림중앙시장,서울특별시 관악구 조원로16길 27,37.4831438696652,126.911414200262
명동상회,greengrocer,140,신흥시장,서울특별시 용산구 소월로20길 42,37.5446876713217,126.985018001132
꽃뜨락사이,flower,94,회기시장,서울특별시 동대문구 이문로 31-1,37.5904549273678,127.05601307141
아뜰리에티움,greengrocer,84,연희사러가,서울특별시 서대문구 연희로11가길 39,37.5667411630499,126.928090116263
시장한우축산,butcher,110,목2동시장,서울특별시 양천구 목동중앙북로 92,37.5461434780139,126.873431358659
충남유통,butcher,143,영신상가,서울특별시 영등포구 영등포로 237-1,37.5196228896053,126.907887021439
강원축산,butcher,101,경동시장,서울특별시 동대문구 고산자로36길 3,37.5790371332837,127.039147690267
샤론아트,flower,23,방신전통시장,서울특별시 강서구 방화동로 126,37.5719742568618,126.8119776069
주병이,sidedish,188,면목골목시장,서울특별시 중랑구 사가정로50길 56,37.5784722487878,127.085245765908
논산청과,greengrocer,91,성대시장,서울특별시 동작구 성대로1길 10,37.5006016870801,126.933186119522
박가네,greengrocer,61,대원종합시장,서울특별시 강서구 강서로33가길 54,37.5440092703126,126.837564523681
대박유통,seafood,160,신중부시장,서울특별시 중구 을지로30길 16-6,37.5661593949363,126.999569879661
신영수산,seafood,7,청량리수산시장,서울특별시 동대문구 고산자로34길 43,37.5781986375373,127.040834047161
농협안심축산물명일점,butcher,35,명일전통시장,서울특별시 강동구 구천면로 428,37.5501392992209,127.146164302485
여수건어물,seafood,16,봉천현대시장,서울특별시 관악구 양녕로 49,37.4865978521268,126.946597316959
영준상회,greengrocer,102,경동광성상가,서울특별시 동대문구 경동시장로3길 16-7,37.5798568447192,127.03972549192
청담죽,sidedish,37,청담삼익시장,서울특별시 강남구 학동로101길 26,37.5224468696354,127.05762510496
홍익수산,seafood,102,경동광성상가,서울특별시 동대문구 고산자로 460,37.5807401421115,127.038752341247
조은야채,greengrocer,43,능동로골목시장,서울특별시 광진구 뚝섬로30길 14,37.5353717849327,127.066132087793
포천영농도매센타,butcher,67,방학동도깨비시장,서울특별시 도봉구 도당로13길 15,37.6653619361793,127.035339422691
동양꼬치명가,butcher,196,황학시장,서울특별시 중구 퇴계로87길 15-26,37.566364882366,127.020283625301
농민마트정육,butcher,107,신곡종합시장,서울특별시 양천구 남부순환로79길 37,37.5183654000954,126.843196805936
유쾌한우,butcher,120,돌곶이시장(구 석관황금시장),서울특별시 성북구 한천로73길 40,37.6095803474556,127.061271132677
시골닭집,butcher,121,길음시장,서울특별시 성북구 동소문로 227,37.6027827936487,127.021595826743
전국농산물직거래판매장,greengrocer,66,쌍문시장,서울특별시 도봉구 도봉로113길 34,37.6485685033112,127.032294635281
시민정육점,butcher,192,중랑동부시장(동부골목시장),서울특별시 중랑구 동일로109길 55,37.5913259817532,127.077142003038
동진한우,butcher,58,남부골목시장,서울특별시 강서구 등촌로5길 41,37.5329931105692,126.861155338643
승리수산,seafood,64,창동신창시장,서울특별시 도봉구 덕릉로57길 39,37.6400710207871,127.036426465
태양정육점,butcher,89,공덕시장,서울특별시 마포구 마포대로6길 20-1,37.5450848457855,126.95332245347
우리청과,greengrocer,112,새마을시장,서울특별시 송파구 백제고분로15길 42,37.5090955650519,127.084895360312
호진상회,seafood,160,신중부시장,서울특별시 중구 을지로32길 24,37.5657088976857,127.000056594441
봉춘상회,greengrocer,128,인왕시장,서울특별시 서대문구 인왕시장길 18,37.5910853841597,126.943488256032
영도상회,seafood,101,경동시장,서울특별시 동대문구 고산자로36길 3,37.5790371332837,127.039147690267
늘푸른야채,greengrocer,116,마천시장,서울특별시 송파구 마천로45길 43,37.4993695755184,127.151945891297
개흥상회,greengrocer,101,경동시장,서울특별시 동대문구 고산자로36길 3,37.5790371332837,127.039147690267
반석이네생선,seafood,152,신영시장,서울특별시 양천구 월정로 161-5,37.5330149542056,126.836027048442
푸른농장,greengrocer,133,증산종합시장,서울특별시 은평구 증산로3길 8,37.5811321729429,126.905535729099
행복한나날,seafood,35,명일전통시장,서울특별시 강동구 상암로49길 55,37.5489337075873,127.144747405622
혜진난원,flower,179,동대문종합시장,서울특별시 종로구 종로41길 9,37.5717273702217,127.006486244771
광천건어물,seafood,71,별빛남문시장,서울특별시 금천구 시흥대로148길 38-22,37.474350556933,126.900752572621
충남상회,seafood,101,경동시장,서울특별시 동대문구 고산자로36길 3,37.5790371332837,127.039147690267
부경야채,greengrocer,88,마포시장,서울특별시 마포구 만리재로 23,37.5448057053008,126.953752625102
신광수산,seafood,13,답십리현대시장,서울특별시 동대문구 전농로4가길 1,37.5668295987631,127.058621397239
정든꽃밭,flower,84,연희사러가,서울특별시 서대문구 연희맛로 23,37.5671475587255,126.929663080986
인천상회수산,seafood,48,신원시장,서울특별시 관악구 관천로 35,37.4826590184207,126.927074060578
세윤상회,greengrocer,100,동서시장,서울특별시 동대문구 왕산로33길 13,37.5797211833123,127.041219792937
구로건어물,seafood,73,남구로시장,서울특별시 구로구 구로동로28길 33-4,37.4910601627869,126.886211498049
싱싱야채,greengrocer,200,암사종합시장,서울특별시 강동구 고덕로10길 73,37.5515284196338,127.129361664052
해,seafood,160,신중부시장,서울특별시 중구 을지로32길 15-3,37.5659521651675,127.000588584097
떡봉청과,ricecake,8,화곡본동시장,서울특별시 강서구 까치산로 35,37.5428828608002,126.84412991406
꽃봄,flower,24,등마루시장,서울특별시 강서구 양천로 564,37.5570860252739,126.861336999387
우리청과,greengrocer,70,비단길현대시장,서울특별시 금천구 독산로35길 15,37.4580720782265,126.904130973632
칠갑산한우마을,butcher,25,장미원골목시장,서울특별시 강북구 삼양로123길 30,37.6447789483362,127.014027623757
영일닭집,butcher,160,신중부시장,서울특별시 중구 을지로32길 34,37.565285429502,127.000079231768
소리식품,sidedish,88,마포시장,서울특별시 마포구 마포대로6길 28,37.545121108039,126.953888219545
암사화원,flower,200,암사종합시장,서울특별시 강동구 올림픽로 779,37.550746608446,127.127470437662
제일화원,flower,42,광성시장,서울특별시 광진구 능동로47길 30,37.5635817081187,127.081120157626
성덕상회,greengrocer,101,경동시장,서울특별시 동대문구 고산자로36길 3,37.5790371332837,127.039147690267
수원정육점,butcher,69,대명여울빛거리시장,서울특별시 금천구 시흥대로58길 13,37.453835758982,126.902226342326
대아물산,seafood,160,신중부시장,서울특별시 중구 을지로32길 34,37.565285429502,127.000079231768
대흥상회,sidedish,101,경동시장,서울특별시 동대문구 고산자로36길 3,37.5790371332837,127.039147690267
은수청과,greengrocer,30,백년시장(강북종합시장과별개의시장) 구 강북종합전통시장,서울특별시 강북구 한천로144길 22,37.6418396781239,127.026139299453
웰빙야채싱싱과일,greengrocer,42,광성시장,서울특별시 광진구 능동로47길 20,37.563347168618,127.081527370319
여주축산,butcher,21,용산용문시장,서울특별시 용산구 새창로14길 44,37.5374375425738,126.959222133853
푸른초장,flower,41,신성종합시장(건물형),서울특별시 광진구 용마산로 47,37.5578106672211,127.08764420819
제일상회,greengrocer,72,구로시장,서울특별시 구로구 구로동로22길 16,37.4893923943694,126.885275517281
봉현물산,seafood,160,신중부시장,서울특별시 중구 을지로30길 23,37.565582757726,126.999649115059
미토피아,butcher,124,마장축산물시장,서울특별시 성동구 마장로35길 76,37.5702604666319,127.041995629315
하나농산물,greengrocer,192,중랑동부시장(동부골목시장),서울특별시 중랑구 봉우재로13길 16,37.5913167196091,127.077526967405
근영상회,seafood,7,청량리수산시장,서울특별시 동대문구 고산자로32길 65,37.5774865395436,127.041727991215
인천상회,seafood,101,경동시장,서울특별시 동대문구 고산자로36길 3,37.5790371332837,127.039147690267
경동상회,greengrocer,102,경동광성상가,서울특별시 동대문구 고산자로 454,37.5800373856546,127.038695371727
전주청과,greengrocer,81,영동교골목시장,서울특별시 광진구 뚝섬로23길 27,37.5373638156148,127.064651634299
소망,greengrocer,160,신중부시장,서울특별시 중구 을지로32길 36-16,37.5649880999696,126.999558567616
경동상회,greengrocer,10,백련시장,서울특별시 서대문구 가재울로4길 57-3,37.5761631940535,126.9242887
대왕상회,greengrocer,95,청량리전통시장,서울특별시 동대문구 왕산로35길 7,37.5800808682088,127.043212498263
행복과일,greengrocer,47,원당종합시장,서울특별시 관악구 인헌6길 24,37.4741259105873,126.965508254977
진도상회,greengrocer,99,청량종합도매시장(깡통시장),서울특별시 동대문구 약령시로14길 29,37.5815418692757,127.039228250726
금성상회,seafood,160,신중부시장,서울특별시 중구 을지로32길 16,37.5658800867943,127.000192421539
남원상회,greengrocer,97,청량리청과물시장,서울특별시 동대문구 경동시장로8길 34-1,37.5808558916767,127.042748777814
알뜰상회,seafood,125,금남시장,서울특별시 성동구 독서당로 301-59,37.548686935674,127.022383668335
남부시장과일나라,greengrocer,58,남부골목시장,서울특별시 강서구 등촌로5길 61,37.5328023371996,126.859831965477
대흥상회,greengrocer,101,경동시장,서울특별시 동대문구 고산자로36길 3,37.5790371332837,127.039147690267
대성건어물,seafood,32,수유시장,서울특별시 강북구 도봉로69길 20,37.6309655539348,127.022408322515
미성축산물,butcher,17,둔촌역전통시장,서울특별시 강동구 양재대로91길 28,37.5282047724827,127.134536765712
목포수산,seafood,97,청량리청과물시장,서울특별시 동대문구 홍릉로1길 39,37.5804234024736,127.042782493879
광주상회,butcher,196,황학시장,서울특별시 중구 퇴계로85길 20,37.5666983296671,127.019819635171
신라화원,flower,59,남부화곡시장,서울특별시 강서구 등촌로5길 83,37.5326749709606,126.858802640295
혜지네무공해야채,greengrocer,152,신영시장,서울특별시 양천구 곰달래로13길 23,37.5318890526971,126.836278416142
봉천야채,greengrocer,9,봉천제일종합시장,서울특별시 관악구 청룡2길 14,37.4814165073837,126.94540255178
미래수산,seafood,7,청량리수산시장,서울특별시 동대문구 고산자로34길 48,37.5780724591711,127.040947185841
대영;신천꽃직매장,flower,112,새마을시장,서울특별시 송파구 석촌호수로 82,37.5089592741324,127.086467339095
우정물산,greengrocer,102,경동광성상가,서울특별시 동대문구 고산자로 451,37.5800555714254,127.038185933484
예산상회,greengrocer,102,경동광성상가,서울특별시 동대문구 약령시로14길 43,37.5809562347915,127.039193979869
이레닭집,butcher,46,신림중앙시장,서울특별시 관악구 남부순환로145길 30,37.4828470522309,126.912104239436
경기닭상회,butcher,73,남구로시장,서울특별시 구로구 구로동로26길 47-1,37.490186838666,126.886891271433
총각네고깃간,butcher,36,길동복조리시장,서울특별시 강동구 양재대로116길 50,37.5379885296434,127.143142189829
돈암정육점,butcher,198,돈암시장,서울특별시 성북구 동소문로20길 16-12,37.5918546552785,127.016044473757
야채천국,greengrocer,36,길동복조리시장,서울특별시 강동구 천중로52길 37,37.5390779391966,127.143800533772
지니의화원,flower,9,봉천제일종합시장,서울특별시 관악구 남부순환로 1744-1,37.4819743744863,126.943785353051
깐돌이축산,butcher,193,우림골목시장,서울특별시 중랑구 망우로66길 61,37.5968142134291,127.099613680455
상신상회,seafood,160,신중부시장,서울특별시 중구 을지로30길 29,37.5655377069184,126.999400100302
농민유통,greengrocer,102,경동광성상가,서울특별시 동대문구 고산자로38길 21-9,37.5804605598997,127.039578638119
남부시장착한농부102호,greengrocer,58,남부골목시장,서울특별시 강서구 곰달래로57길 19,37.5330297612344,126.861675711891
진플라워,flower,73,남구로시장,서울특별시 구로구 구로동로26길 29,37.4902758294077,126.885737773255
소라생선,seafood,51,관악신사시장,서울특별시 관악구 관천로15길 100,37.4859861388158,126.917052960507
농장야채,greengrocer,117,정릉시장,서울특별시 성북구 솔샘로6길 66,37.6087310458957,127.00779187837
하나로수산,seafood,184,신아타운,서울특별시 중랑구 신내로 74,37.605926503414,127.095650764508
양지수산,seafood,132,대림골목시장,서울특별시 은평구 응암로12길 10,37.5877906945008,126.917823254057
수산마트,seafood,190,동원시장,서울특별시 중랑구 면목로74길 46,37.5894788869157,127.089957148167
해바라기과일,greengrocer,109,목동깨비시장 (목3동시장),서울특별시 양천구 목동중앙북로 14,37.5483866965203,126.86505353291
엄마손두부,greengrocer,120,돌곶이시장(구 석관황금시장),서울특별시 성북구 한천로73길 34,37.6096432634256,127.061565648363
훈이네청과,greengrocer,147,대림중앙시장,서울특별시 영등포구 디지털로37나길 23,37.4917305125422,126.900164195379
남도상회,greengrocer,96,청량리농수산물시장,서울특별시 동대문구 고산자로40길 22,37.580739780319,127.039839172665
한우사랑,butcher,111,목사랑시장 (목4동시장),서울특별시 양천구 목동중앙남로 42,37.5375406955558,126.866838161518
광명수산,seafood,7,청량리수산시장,서울특별시 동대문구 왕산로 154-1,37.5784510017232,127.040585127027
백양꽃화원,flower,174,남대문시장,서울특별시 중구 남대문시장4길 21,37.5591835687093,126.977658463626
건강상회,greengrocer,1,상계중앙시장,서울특별시 노원구 상계로23다길 24,37.6594541812085,127.069766592632
한가네,greengrocer,199,공릉동도깨비시장,서울특별시 노원구 동일로178길 59-39,37.6227972203473,127.07763894078
선녀와나무꾼,flower,75,고척근린시장,서울특별시 구로구 고척로40길 33-1,37.5017609073751,126.850933113374
두산축산,butcher,188,면목골목시장,서울특별시 중랑구 사가정로50길 68,37.5780670059039,127.084962285028
대성닭집,butcher,71,별빛남문시장,서울특별시 금천구 독산로85길 36,37.4728372032559,126.901161548779
늘푸른야채,greengrocer,132,대림골목시장,서울특별시 은평구 응암로12길 8,37.5879166201243,126.917517414943
중앙야채,greengrocer,30,백년시장(강북종합시장과별개의시장) 구 강북종합전통시장,서울특별시 강북구 한천로144길 41,37.6426684644569,127.026672125917
프라자화원,flower,53,봉천중앙시장,서울특별시 관악구 관악로 212,37.4836280926779,126.955181058881
섬수산,seafood,11,망원시장,서울특별시 마포구 포은로8길 25,37.5566436244137,126.906166479
상명식품상사,seafood,173,숭례문수입상가,서울특별시 중구 남대문시장길 16-16,37.5596429201517,126.976843432614
꽃동산화원,flower,63,창동골목시장,서울특별시 도봉구 덕릉로 226-1,37.6380433704462,127.03780771698
금란상회,greengrocer,96,청량리농수산물시장,서울특별시 동대문구 경동시장로 19-1,37.5807395917969,127.040393909528
은정상회,greengrocer,102,경동광성상가,서울특별시 동대문구 고산자로40길 15,37.5808570160372,127.039522242085
경주농산,greengrocer,129,유진상가,서울특별시 서대문구 인왕시장길 24,37.5912114415656,126.943318319499
한강춘정육점,butcher,139,이촌종합시장,서울특별시 용산구 이촌로75길 12,37.5204218571941,126.974265101023
삼화수산,seafood,174,남대문시장,서울특별시 중구 남대문시장4길 9,37.5596610992437,126.977669639015
비즈니스플라워,flower,42,광성시장,서울특별시 광진구 긴고랑로 35,37.5631497257533,127.080395305359
해성,greengrocer,31,수유재래시장,서울특별시 강북구 수유로12길 81,37.6315331965605,127.022295204317
명성수산,seafood,35,명일전통시장,서울특별시 강동구 양재대로138길 21,37.5497080359518,127.145178928441
정읍농축산물직판장,butcher,69,대명여울빛거리시장,서울특별시 금천구 시흥대로58길 26,37.4536559111307,126.902656051542
하림닭고기,butcher,56,화곡중앙시장,서울특별시 강서구 월정로30길 70,37.5349751820697,126.839711195509
당진수산,seafood,73,남구로시장,서울특별시 구로구 구로동로26길 57,37.4900792147916,126.887411576901
충남회센타,seafood,101,경동시장,서울특별시 동대문구 고산자로36길 3,37.5790371332837,127.039147690267
피플앤플라워,flower,94,회기시장,서울특별시 동대문구 회기로18길 50,37.5902934695275,127.054473075605
사계절을담다,sidedish,159,중부시장,서울특별시 중구 동호로33길 24,37.5656548348006,127.000860234877
목우촌,butcher,139,이촌종합시장,서울특별시 용산구 이촌로75길 10-5,37.5203678338686,126.974434800104
하나로축산,butcher,11,망원시장,서울특별시 마포구 망원로8길 9,37.5570399457321,126.906018853594
부천축산,butcher,133,증산종합시장,서울특별시 은평구 증산로3길 12,37.5814651586842,126.905059815077
서울도매유통,butcher,12,남성사계시장,서울특별시 동작구 동작대로29길 18,37.4881671379369,126.981003940884
해륙상회,seafood,85,아현시장,서울특별시 마포구 마포대로21길 60,37.5556903943656,126.955386918183
진양수산,seafood,11,망원시장,서울특별시 마포구 망원로8길 6,37.5571838614946,126.905713097795
신창수산,seafood,63,창동골목시장,서울특별시 도봉구 덕릉로58길 9,37.6387187330196,127.038963714555
플로데루시,flower,84,연희사러가,서울특별시 서대문구 연희로11길 41,37.5682465021122,126.929209276842
상주축산,butcher,81,영동교골목시장,서울특별시 광진구 뚝섬로23길 27,37.5373638156148,127.064651634299
한아름축산,butcher,39,강남시장,서울특별시 강남구 강남대로156길 24,37.5183865096857,127.02109638817
이천상회,greengrocer,160,신중부시장,서울특별시 중구 을지로32길 36-11,37.5648259212166,126.9997509874
대중생선,seafood,75,고척근린시장,서울특별시 구로구 고척로32길 11-4,37.5019937930949,126.849846962115
이화플라워,flower,129,유진상가,서울특별시 서대문구 세검정로1길 29,37.5926980614162,126.943283223087
동두천상회,greengrocer,32,수유시장,서울특별시 강북구 도봉로69길 27,37.630758369959,127.022181685383
풍년건어물,seafood,58,남부골목시장,서울특별시 강서구 등촌로5길 53,37.5329020903373,126.860374846926
영진축산물도매센타,butcher,51,관악신사시장,서울특별시 관악구 신사로14길 39,37.486886955237,126.916780596968
우리농산물,greengrocer,182,장미제일시장,서울특별시 중랑구 동일로143길 43,37.6049856199603,127.076193495874
동원할머니반찬,sidedish,191,동원전통종합시장,서울특별시 중랑구 상봉로11길 38,37.5899733537506,127.091361740487
신포천상회,greengrocer,26,우이시장,서울특별시 강북구 노해로27길 75,37.6470034413225,127.02044150879
기쁨야채,greengrocer,1,상계중앙시장,서울특별시 노원구 상계로27길 12,37.6591562973726,127.070706957691
삼화꽃집,flower,174,남대문시장,서울특별시 중구 남대문시장4길 21,37.5591835687093,126.977658463626
연천상회,seafood,129,유진상가,서울특별시 서대문구 인왕시장길 16,37.5910580491261,126.942854204123
회복,butcher,124,마장축산물시장,서울특별시 성동구 마장로37길 53-9,37.5702246347447,127.04140699152
사당꽃화원,flower,93,남성역골목시장,서울특별시 동작구 사당로 231,37.4836967270354,126.973655845066
용암상회,greengrocer,102,경동광성상가,서울특별시 동대문구 고산자로40길 5,37.5808572004634,127.038967504346
만수수산,seafood,193,우림골목시장,서울특별시 중랑구 봉우재로65길 54,37.5973923152739,127.097859280505
백운농산,sidedish,77,신성골목시장,서울특별시 광진구 영화사로 26,37.5570881683016,127.089906878075
명성한우,butcher,51,관악신사시장,서울특별시 관악구 관천로15길 99,37.4858510194595,126.917098337198
백운축산물,butcher,65,백운시장,서울특별시 도봉구 삼양로154길 42,37.6556446038346,127.015627553839
바다한스푼,seafood,189,면목시장,서울특별시 중랑구 면목로37길 6,37.5791113376698,127.086095563025
마이디어리스트,flower,84,연희사러가,서울특별시 서대문구 연희로11가길 33-6,37.5666873028171,126.928418420021
상원농산,greengrocer,136,제일시장,서울특별시 은평구 통일로 731,37.6106203207268,126.929463600419
서울정육점,butcher,31,수유재래시장,서울특별시 강북구 도봉로71길 33,37.6310467046124,127.022079811972
원일정육,butcher,128,인왕시장,서울특별시 서대문구 인왕시장길 18,37.5910853841597,126.943488256032
바다수산,seafood,188,면목골목시장,서울특별시 중랑구 면목로35길 16,37.578391200268,127.085189069486
수도수산,seafood,160,신중부시장,서울특별시 중구 을지로32길 24,37.5657088976857,127.000056594441
금비꽃방,flower,105,전곡시장,서울특별시 동대문구 사가정로 202,37.5784207278513,127.067381469756
대성축산,butcher,112,새마을시장,서울특별시 송파구 석촌호수로12길 1-6,37.5089054865342,127.08609403708
쫑아네생선,seafood,198,돈암시장,서울특별시 성북구 동소문로18길 12-5,37.5916655076432,127.015591520432
우성상회,greengrocer,31,수유재래시장,서울특별시 강북구 도봉로71길 26,37.6315331901336,127.022329190906
현대청과,greengrocer,38,신사상가,서울특별시 강남구 압구정로29길 72-1,37.5322874414761,127.028409040498
가평상회,greengrocer,101,경동시장,서울특별시 동대문구 고산자로36길 3,37.5790371332837,127.039147690267
럭키축산,butcher,37,청담삼익시장,서울특별시 강남구 학동로101길 26,37.5224468696354,127.05762510496
신축산물공판장,butcher,66,쌍문시장,서울특별시 도봉구 도봉로113길 19,37.6482079314232,127.03294036872
비타민청과,greengrocer,139,이촌종합시장,서울특별시 용산구 이촌로77길 19,37.5205120986189,126.974921169332
청산상회,seafood,159,중부시장,서울특별시 중구 동호로33길 24,37.5656548348006,127.000860234877
한우를세계로,butcher,135,대림시장,서울특별시 은평구 응암로4길 21,37.5867539994665,126.917031848784
대일수산,seafood,186,중랑교종합상가,서울특별시 중랑구 망우로32길 46,37.5919027049052,127.077006724102
삼화상회,seafood,160,신중부시장,서울특별시 중구 동호로33길 49-3,37.5651773085796,126.999422740807
서울수산,seafood,122,용답상가시장,서울특별시 성동구 용답중앙길 69,37.563588520389,127.053333087253
형제식육점,butcher,61,대원종합시장,서울특별시 강서구 강서로39길 30,37.5442684164062,126.836013719579
할매닭집,butcher,192,중랑동부시장(동부골목시장),서울특별시 중랑구 봉우재로13길 12,37.5911725089091,127.077606076999
어사또,seafood,9,봉천제일종합시장,서울특별시 관악구 청룡2길 46,37.4815868816045,126.943661275314
신일정육점,butcher,150,신정제일시장,서울특별시 양천구 은행정로5길 48-2,37.5205782464383,126.854447671967
제일정육점,butcher,130,광장시장,서울특별시 종로구 창경궁로 88,37.570114766493,126.999705691574
연수정육점,butcher,120,돌곶이시장(구 석관황금시장),서울특별시 성북구 한천로73길 19,37.6096788567978,127.0624150937
평택상회,greengrocer,149,오목교중앙시장,서울특별시 양천구 신목로4길 21,37.5200077242095,126.875568233565
호주소사랑,butcher,47,원당종합시장,서울특별시 관악구 인헌6길 6,37.4740270857063,126.966503144532
장가네유통,greengrocer,7,청량리수산시장,서울특별시 동대문구 왕산로32길 7,37.5787298871484,127.041796610225
계란집,sidedish,91,성대시장,서울특별시 동작구 상도로 102,37.4999431451181,126.931773087358
싱싱청과,greengrocer,64,창동신창시장,서울특별시 도봉구 덕릉로57길 15,37.6393769074253,127.037559131543
백천좋은고기,butcher,87,망원동월드컵시장,서울특별시 마포구 망원로7길 40,37.5592375699019,126.905008799868
강원야채,greengrocer,53,봉천중앙시장,서울특별시 관악구 관악로 216,37.4839614357093,126.955101713956
여주상회,butcher,97,청량리청과물시장,서울특별시 동대문구 홍릉로1길 47,37.580333441991,127.042397524973
신영상회,greengrocer,96,청량리농수산물시장,서울특별시 동대문구 고산자로40길 19,37.5809019820624,127.039771331971
강원고추,greengrocer,196,황학시장,서울특별시 중구 퇴계로85길 14,37.5664100166773,127.019785601801
소담꽃꽃이중앙회,flower,23,방신전통시장,서울특별시 강서구 금낭화로 71,37.5717660177953,126.811344222229
신안수산,seafood,101,경동시장,서울특별시 동대문구 고산자로36길 3,37.5790371332837,127.039147690267
공주해물,seafood,95,청량리전통시장,서울특별시 동대문구 경동시장로2길 49-3,37.5806123087038,127.043609045421
형제정육점,butcher,129,유진상가,서울특별시 서대문구 인왕시장길 16,37.5910580491261,126.942854204123
부성상회,greengrocer,101,경동시장,서울특별시 동대문구 고산자로36길 3,37.5790371332837,127.039147690267
영은꽃수족관,flower,55,봉일시장,서울특별시 관악구 은천로 28,37.4859271049584,126.938377722456
성민상회,greengrocer,102,경동광성상가,서울특별시 동대문구 고산자로40길 10,37.5806949541773,127.03917120059
체리부로,butcher,199,공릉동도깨비시장,서울특별시 노원구 동일로180길 25,37.6225282120057,127.075656349427
생선,seafood,67,방학동도깨비시장,서울특별시 도봉구 도당로13가길 18,37.6658391493693,127.036348381675
운대청과,greengrocer,86,마포농수산물시장,서울특별시 마포구 월드컵로 235,37.5651967331886,126.898481601096
영천정육점,butcher,118,정릉아리랑시장,서울특별시 성북구 아리랑로19길 34,37.6025859863276,127.011550962425
완도건어물,seafood,48,신원시장,서울특별시 관악구 관천로 25,37.4820468532534,126.927922624546
지나화원,flower,75,고척근린시장,서울특별시 구로구 고척로40길 19,37.5018692559061,126.851113845715
과일머꼬,greengrocer,33,고분다리전통시장,서울특별시 강동구 구천면로34길 7,37.5425068797309,127.131665726216
열매상회,greengrocer,48,신원시장,서울특별시 관악구 관천로 41-1,37.4831091580738,126.926485689578
토종물산,sidedish,100,동서시장,서울특별시 동대문구 왕산로 157-1,37.5791897620765,127.040744021005
의성마늘상회,greengrocer,119,장위전통시장,서울특별시 성북구 장월로8길 62,37.6105492427469,127.051112793545
피오니플라워,flower,127,남부종합시장,서울특별시 서초구 방배중앙로27길 17,37.4949973251106,126.984813077027
열린뜰화원,flower,127,남부종합시장,서울특별시 서초구 방배중앙로27길 17,37.4949973251106,126.984813077027
은혜과일,greengrocer,120,돌곶이시장(구 석관황금시장),서울특별시 성북구 한천로73길 26,37.6097331310565,127.062007419081
정림마트내야채청과,greengrocer,52,관악종합시장,서울특별시 관악구 신원로 23,37.4815694015989,126.928058757351
은별수산,seafood,6,영천시장,서울특별시 서대문구 통일로 185,37.56998258818,126.962238032471
은평정육도매센타,butcher,132,대림골목시장,서울특별시 은평구 응암로12길 9-3,37.5881329687977,126.917675688123
이일수산,seafood,128,인왕시장,서울특별시 서대문구 통일로40안길 3-10,37.5907611191194,126.943680986768
인천수산,seafood,43,능동로골목시장,서울특별시 광진구 뚝섬로30길 8,37.5355430698697,127.065962524169
미항건어물,seafood,26,우이시장,서울특별시 강북구 한천로162길 26,37.6464178448994,127.020192063571
열매상회,greengrocer,147,대림중앙시장,서울특별시 영등포구 디지털로53길 13,37.4916856722016,126.900413024549
토지농산,greengrocer,96,청량리농수산물시장,서울특별시 동대문구 고산자로40길 26,37.5807486982429,127.040110885351
방림화원,flower,21,용산용문시장,서울특별시 용산구 효창원로40길 9,37.5367709462226,126.959641133784
안성축산,butcher,48,신원시장,서울특별시 관악구 관천로 35,37.4826590184207,126.927074060578
신선야채,greengrocer,110,목2동시장,서울특별시 양천구 목동중앙북로 90,37.546242198979,126.873069081768
생두부마을,sidedish,25,장미원골목시장,서울특별시 강북구 삼양로123길 26,37.6447969476837,127.014197590313
삼현상회,greengrocer,59,남부화곡시장,서울특별시 강서구 등촌로5길 79,37.5327383921813,126.859096681993
범스플라워앤가든,flower,143,영신상가,서울특별시 영등포구 영등포로 225,37.5199192522038,126.906653653063
우리축산도매센타,butcher,11,망원시장,서울특별시 마포구 망원로 82,37.5574092640167,126.905905213473
용원네과일,greengrocer,193,우림골목시장,서울특별시 중랑구 망우로62길 32,37.597617703457,127.09768971995
대호축산유통,butcher,195,자유상가,서울특별시 중구 퇴계로 77,37.5603554126478,126.980770585183
명일축산,butcher,35,명일전통시장,서울특별시 강동구 상암로47길 76,37.5499520268169,127.144590943914
영주상회,greengrocer,30,백년시장(강북종합시장과별개의시장) 구 강북종합전통시장,서울특별시 강북구 한천로 1064-12,37.6420381258396,127.025074305855
보현농산,greengrocer,101,경동시장,서울특별시 동대문구 왕산로29길 18,37.5795144365928,127.039815877813
남도청과,greengrocer,87,망원동월드컵시장,서울특별시 마포구 망원로7길 28,37.5587963999632,126.905405484274
강북수산,seafood,31,수유재래시장,서울특별시 강북구 도봉로71길 20,37.6314429961538,127.022827633326
신부꽃집,flower,174,남대문시장,서울특별시 중구 남대문시장4길 21,37.5591835687093,126.977658463626
대덕상회,seafood,159,중부시장,서울특별시 중구 을지로32길 33,37.5652043346645,127.001109243556
건어물/젓갈소매업,seafood,160,신중부시장,서울특별시 중구 마른내로 109,37.5646186923385,127.000045274893
동아상회,seafood,143,영신상가,서울특별시 영등포구 영등포로45길 11-2,37.5205330777405,126.908112143673
방신시장꽃집,flower,23,방신전통시장,서울특별시 강서구 방화동로16길 38,37.5718037530163,126.812408187743
서울청과,greengrocer,120,돌곶이시장(구 석관황금시장),서울특별시 성북구 한천로73길 19,37.6096788567978,127.0624150937
선진유통,greengrocer,191,동원전통종합시장,서울특별시 중랑구 상봉로15가길 35,37.5903235294522,127.092913366237
참괜찬소,butcher,175,통인시장,서울특별시 종로구 필운대로6길 8,37.5806433595131,126.969138549151
동원정육점,butcher,64,창동신창시장,서울특별시 도봉구 덕릉로57길 37,37.6399808908079,127.036528392309
좋은축산마을,butcher,112,새마을시장,서울특별시 송파구 석촌호수로 78,37.5093289912447,127.086049282019
성보상회,seafood,101,경동시장,서울특별시 동대문구 고산자로36길 3,37.5790371332837,127.039147690267
한양건어물,seafood,17,둔촌역전통시장,서울특별시 강동구 양재대로91길 11,37.5277985216766,127.135237451349
서울축산,butcher,102,경동광성상가,서울특별시 동대문구 고산자로 458,37.5804968924119,127.03869560954
한양물산,seafood,101,경동시장,서울특별시 동대문구 고산자로36길 3,37.5790371332837,127.039147690267
브라더,greengrocer,80,자양전통시장,서울특별시 광진구 자양로13나길 11-1,37.5337682943486,127.080205358455
천안화훼,flower,74,고척골목시장상점가,서울특별시 구로구 경서로 82-20,37.503314625216,126.861617457238
경동민물,seafood,102,경동광성상가,서울특별시 동대문구 고산자로 458,37.5804968924119,127.03869560954
강산,greengrocer,152,신영시장,서울특별시 양천구 곰달래로9길 38,37.5331297629261,126.834363646363
또와미트샵,butcher,109,목동깨비시장 (목3동시장),서울특별시 양천구 목동중앙북로 29,37.5482625740985,126.866830406589
봉일토종한우,butcher,55,봉일시장,서울특별시 관악구 은천로 28,37.4859271049584,126.938377722456
남해수산,seafood,132,대림골목시장,서울특별시 은평구 응암로4길 33,37.5877184177592,126.917540278089
세브란스플라워,flower,6,영천시장,서울특별시 서대문구 독립문로 22-1,37.5698559576974,126.960732600905
령현상회,greengrocer,14,은행나무시장,서울특별시 금천구 금하로25길 8,37.4511562884459,126.909180314422
진도물산,seafood,21,용산용문시장,서울특별시 용산구 원효로41길 61,37.5355909529367,126.96058085941
오복상회,greengrocer,101,경동시장,서울특별시 동대문구 고산자로36길 3,37.5790371332837,127.039147690267
삼흥축산,butcher,102,경동광성상가,서울특별시 동대문구 고산자로 454,37.5800373856546,127.038695371727
대성정육점,butcher,43,능동로골목시장,서울특별시 광진구 뚝섬로30길 24,37.5350291888334,127.066516469684
온양상회,seafood,71,별빛남문시장,서울특별시 금천구 시흥대로148길 38-8,37.4746839206434,126.900740826663
홍주청과,greengrocer,60,까치산시장,서울특별시 강서구 강서로12길 10,37.5315078582737,126.847672151804
천안농산,greengrocer,100,동서시장,서울특별시 동대문구 왕산로33길 5,37.5796578705943,127.041910338952
올리브트리,flower,50,우림시장,서울특별시 관악구 난곡로26길 33-10,37.47045572642,126.921422359503
제기정육점,butcher,95,청량리전통시장,서울특별시 동대문구 왕산로37길 35,37.5815221734897,127.043983178393
선정화원,flower,71,별빛남문시장,서울특별시 금천구 시흥대로144길 21,37.4736927350494,126.90065169752
늘푸른야채,greengrocer,75,고척근린시장,서울특별시 구로구 경인로33길 98-3,37.5024181249169,126.85052467136
중앙수산물,seafood,52,관악종합시장,서울특별시 관악구 신원로 23,37.4815694015989,126.928058757351
공주상회,sidedish,96,청량리농수산물시장,서울특별시 동대문구 경동시장로10길 13,37.5813879341806,127.041469779572
부자상회,greengrocer,11,망원시장,서울특별시 마포구 포은로6길 27,37.55602216148,126.906450193724
남양상회,greengrocer,128,인왕시장,서울특별시 서대문구 통일로40안길 5,37.5905268288109,126.943613227447
억조축산,butcher,70,비단길현대시장,서울특별시 금천구 독산로39길 15,37.4587481020921,126.904457890186
구로인삼,greengrocer,73,남구로시장,서울특별시 구로구 구로동로26길 41-1,37.4902945037376,126.886416194384
플라워25,flower,151,경창시장,서울특별시 양천구 월정로 65,37.525390230477,126.840964798565
친절식육점,butcher,92,상도전통시장,서울특별시 동작구 상도로47길 7,37.4998537370292,126.951394177056
한우대세,butcher,105,전곡시장,서울특별시 동대문구 답십리로63길 112,37.5775185668966,127.069395736672
호남수산,seafood,86,마포농수산물시장,서울특별시 마포구 월드컵로 235,37.5651967331886,126.898481601096
여러분축산물센터,butcher,61,대원종합시장,서울특별시 강서구 강서로39길 17,37.5441161254341,126.836647727359
누리축산,butcher,124,마장축산물시장,서울특별시 성동구 마장로35다길 9,37.5697293937615,127.040523796686
스마일정육점,butcher,108,우성상가시장,서울특별시 양천구 지양로14길 9,37.5237302343878,126.832879862521
성모꽃방,flower,117,정릉시장,서울특별시 성북구 보국문로11길 14,37.608595779431,127.009411394182
익산닭집,butcher,73,남구로시장,서울특별시 구로구 구로동로26길 36,37.4900418300414,126.886009508606
한양,butcher,143,영신상가,서울특별시 영등포구 영등포로43길 3-2,37.5197758478959,126.907615346796
싱싱한야채;과일,greengrocer,17,둔촌역전통시장,서울특별시 강동구 양재대로91길 30,37.528241057123,127.134321879772
종로선인장,flower,179,동대문종합시장,서울특별시 종로구 종로41길 13,37.5718535082951,127.006508895346
신남꽃집,flower,143,영신상가,서울특별시 영등포구 영등포로 225,37.5199192522038,126.906653653063
거부축산토종한우,butcher,193,우림골목시장,서울특별시 중랑구 망우로62길 45,37.597265753094,127.098368679559
에스제이플라워,flower,143,영신상가,서울특별시 영등포구 영등포로 225,37.5199192522038,126.906653653063
대성수산,seafood,32,수유시장,서울특별시 강북구 도봉로69길 27,37.630758369959,127.022181685383
형제농장,flower,143,영신상가,서울특별시 영등포구 영등포로 225,37.5199192522038,126.906653653063
삼해수산,seafood,87,망원동월드컵시장,서울특별시 마포구 망원로7길 31,37.5587330668328,126.905077347303
후암농산물,greengrocer,137,후암시장,서울특별시 용산구 후암로35길 26,37.5503714803658,126.975974925533
영동생선,seafood,81,영동교골목시장,서울특별시 광진구 동일로10길 27,37.5382023655248,127.063509570828
청정한우,butcher,111,목사랑시장 (목4동시장),서울특별시 양천구 목동중앙본로7길 37-20,37.5388106296929,126.866417255115
장미화원,flower,122,용답상가시장,서울특별시 성동구 용답19길 17,37.5636609452421,127.052563475645
제일생선,seafood,31,수유재래시장,서울특별시 강북구 도봉로71길 33,37.6310467046124,127.022079811972
꽃너울,flower,51,관악신사시장,서울특별시 관악구 관천로15길 104,37.4859589496182,126.916826853724
제일닭,butcher,182,장미제일시장,서울특별시 중랑구 동일로143길 52,37.6050760903528,127.075616020909
이미지상회,greengrocer,180,한일상가,서울특별시 종로구 동호로 405,37.5705832735072,127.001607386857
무주상회,greengrocer,101,경동시장,서울특별시 동대문구 고산자로36길 3,37.5790371332837,127.039147690267
황금농수산물,greengrocer,20,대조시장,서울특별시 은평구 불광로 1,37.6091860718491,126.926712865402
늘푸른야채가게,greengrocer,112,새마을시장,서울특별시 송파구 석촌호수로12길 8,37.5092572068624,127.085642026826
서부정육,butcher,132,대림골목시장,서울특별시 은평구 응암로4길 29,37.587457011375,126.9173707338
종합민물고기,seafood,101,경동시장,서울특별시 동대문구 고산자로36길 3,37.5790371332837,127.039147690267
반찬/식료품소매업,sidedish,196,황학시장,서울특별시 중구 퇴계로87길 49-10,37.567887537938,127.020442507231
화신청과,greengrocer,14,은행나무시장,서울특별시 금천구 금하로25길 14,37.4511654980318,126.909440240142
삼진家,greengrocer,86,마포농수산물시장,서울특별시 마포구 월드컵로 235,37.5651967331886,126.898481601096
하성상회,greengrocer,96,청량리농수산물시장,서울특별시 동대문구 경동시장로10길 26,37.5812525607368,127.042103693932
성덕상회,greengrocer,101,경동시장,서울특별시 동대문구 고산자로36길 3,37.5790371332837,127.039147690267
우진축산물직판장,butcher,43,능동로골목시장,서울특별시 광진구 뚝섬로32길 24,37.5346235214518,127.066900791719
대일부산물,butcher,124,마장축산물시장,서울특별시 성동구 마장로37길 57,37.5703957002217,127.041757993718
우진축산,butcher,105,전곡시장,서울특별시 동대문구 한천로 186,37.5774921840583,127.068286286583
연신용가리축산,butcher,197,연서시장,서울특별시 은평구 통일로 850,37.6193188042072,126.921447188818
경기상회,butcher,143,영신상가,서울특별시 영등포구 영등포로43길 7,37.5201631813168,126.907490437237
007플라워,flower,57,신월중앙시장,서울특별시 강서구 국회대로 61,37.5270673032065,126.841866281148
김혜련상회,seafood,101,경동시장,서울특별시 동대문구 고산자로36길 3,37.5790371332837,127.039147690267
대지상회,greengrocer,102,경동광성상가,서울특별시 동대문구 경동시장로9길 17,37.5811543893059,127.039386544576
경남상회,seafood,123,뚝도시장,서울특별시 성동구 성수이로 33,37.5381978818873,127.054446470843
경창축산,butcher,151,경창시장,서울특별시 양천구 중앙로53길 56,37.524997116062,126.843454432177
중앙정육점,butcher,120,돌곶이시장(구 석관황금시장),서울특별시 성북구 한천로73길 37,37.6094721050731,127.061508879702
평화건어물,seafood,200,암사종합시장,서울특별시 강동구 올림픽로98길 24,37.550942970472,127.129179585836
돈암건어물,seafood,198,돈암시장,서울특별시 성북구 동소문로18길 12-6,37.5918276832201,127.01561419995
응암건어물,seafood,134,신응암시장,서울특별시 은평구 응암로22길 5-5,37.5941252982765,126.918733466996
안동상회,greengrocer,28,수유프라자,서울특별시 강북구 도봉로71길 17,37.6312267132564,127.023065472334
하나과일,greengrocer,47,원당종합시장,서울특별시 관악구 남부순환로248길 32,37.4746034557199,126.965541950923
신진정육점,butcher,129,유진상가,서울특별시 서대문구 통일로 476,37.5908776582449,126.942458047646
한양청과,greengrocer,66,쌍문시장,서울특별시 도봉구 도봉로113길 7,37.6479284347996,127.033620126485
금메달푸줏간,sidedish,36,길동복조리시장,서울특별시 강동구 천중로52길 50,37.5386639482501,127.143415035899
우성,butcher,123,뚝도시장,서울특별시 성동구 둘레11길 28,37.5376578083909,127.053291984325
벼락청과,greengrocer,6,영천시장,서울특별시 서대문구 영천시장길 27,37.5709012282687,126.961082962002
원영수산,seafood,135,대림시장,서울특별시 은평구 가좌로7길 42,37.5863575470954,126.917009644793
동해수산,seafood,12,남성사계시장,서울특별시 동작구 동작대로27길 20-7,37.4878967897767,126.980721330912
학교축산,butcher,57,신월중앙시장,서울특별시 강서구 강서로5나길 88,37.5285558957362,126.843322549367
동문생선,seafood,38,신사상가,서울특별시 강남구 압구정로29길 72-1,37.5322874414761,127.028409040498
형제상회,greengrocer,174,남대문시장,서울특별시 중구 남대문시장2가길 6-11,37.5592014559912,126.976968066174
희망청과,greengrocer,48,신원시장,서울특별시 관악구 신원로5길 21,37.482154690534,126.927458963903
양일식품,sidedish,123,뚝도시장,서울특별시 성동구 성덕정15길 6-42,37.5381979600159,127.054276749994
수유닭집,butcher,32,수유시장,서울특별시 강북구 도봉로67길 18,37.6307312477932,127.022668813232
채소/과일소매업,greengrocer,196,황학시장,서울특별시 중구 마장로 94,37.5682029370123,127.020148292528
수산물소매업,seafood,119,장위전통시장,서울특별시 성북구 장위로40나길 22,37.6121260220313,127.051000613499
미래농산,greengrocer,76,가리봉시장,서울특별시 구로구 디지털로19길 36,37.4813056807778,126.889832949908
국일상회,greengrocer,102,경동광성상가,서울특별시 동대문구 고산자로 458,37.5804968924119,127.03869560954
광성유통,greengrocer,101,경동시장,서울특별시 동대문구 고산자로36길 30,37.5791178958394,127.040121331412
부흥수산,seafood,6,영천시장,서울특별시 서대문구 영천시장길 31,37.5708291896435,126.961207515771
영도상회,greengrocer,101,경동시장,서울특별시 동대문구 고산자로36길 3,37.5790371332837,127.039147690267
형제유통,greengrocer,99,청량종합도매시장(깡통시장),서울특별시 동대문구 경동시장로10가길 7-12,37.5816314234287,127.040835921967
현대정육점,butcher,97,청량리청과물시장,서울특별시 동대문구 홍릉로1길 41,37.5803783978625,127.042657935943
은솔이수산,seafood,85,아현시장,서울특별시 마포구 마포대로21길 64,37.5558885795311,126.955296260819
대풍청과,greengrocer,121,길음시장,서울특별시 성북구 동소문로 225-9,37.6022692353452,127.021561705015
동천상회,greengrocer,100,동서시장,서울특별시 동대문구 왕산로33길 13,37.5797211833123,127.041219792937
대흥상회,greengrocer,100,동서시장,서울특별시 동대문구 왕산로33길 13,37.5797211833123,127.041219792937
덕신상회,greengrocer,100,동서시장,서울특별시 동대문구 왕산로33길 13,37.5797211833123,127.041219792937
부부농산,greengrocer,7,청량리수산시장,서울특별시 동대문구 왕산로32길 56,37.5767749608263,127.041138924897
호진상회,greengrocer,160,신중부시장,서울특별시 중구 동호로33길 48,37.5654385977717,126.999490651874
한주상사,greengrocer,100,동서시장,서울특별시 동대문구 고산자로36길 34,37.5791989042395,127.040359114394
세아청과,greengrocer,63,창동골목시장,서울특별시 도봉구 덕릉로60다길 26,37.6379257348148,127.039359844622
버드나무수산,seafood,159,중부시장,서울특별시 중구 동호로33길 24,37.5656548348006,127.000860234877
동서상회,greengrocer,146,영일시장,서울특별시 영등포구 문래로30길 27,37.5161392108889,126.900719880301
강북김치,sidedish,32,수유시장,서울특별시 강북구 도봉로69길 16,37.6310105665027,127.022600925367
우진상회,greengrocer,129,유진상가,서울특별시 서대문구 통일로 484,37.5915986934433,126.942955695997
우정축산,butcher,129,유진상가,서울특별시 서대문구 통일로 478,37.5908865852428,126.942288200295
광천상회,seafood,135,대림시장,서울특별시 은평구 응암로4길 22,37.5867905383524,126.917745099051
중매인87번한우직판장강재원팜스87,butcher,105,전곡시장,서울특별시 동대문구 한천로 184,37.577294011269,127.068206861133
우진유통,butcher,71,별빛남문시장,서울특별시 금천구 시흥대로148길 38,37.4749093625192,126.900966632037
대광한우판매점,butcher,10,백련시장,서울특별시 서대문구 증가로 131,37.5772796061169,126.923019658325
수산물소매업,seafood,101,경동시장,서울특별시 동대문구 고산자로36길 3,37.5790371332837,127.039147690267
유경정육점,butcher,36,길동복조리시장,서울특별시 강동구 천중로52길 38,37.539132274384,127.143574340912
건거니반찬,sidedish,71,별빛남문시장,서울특별시 금천구 시흥대로144길 21,37.4736927350494,126.90065169752
경덕상회,greengrocer,96,청량리농수산물시장,서울특별시 동대문구 경동시장로 26-1,37.5814152163031,127.040745233758
수유해물,seafood,31,수유재래시장,서울특별시 강북구 도봉로71길 19,37.6312988318209,127.022861575714
에덴화원,flower,89,공덕시장,서울특별시 마포구 마포대로 108-1,37.5444445550921,126.951874446747
샘유통,greengrocer,96,청량리농수산물시장,서울특별시 동대문구 고산자로40길 23-1,37.5808928764303,127.040054356771
전진옥수수,greengrocer,101,경동시장,서울특별시 동대문구 고산자로36길 30,37.5791178958394,127.040121331412
동원상회,greengrocer,200,암사종합시장,서울특별시 강동구 상암로 44,37.5496464860872,127.128305981551
싱싱한생선가게,sidedish,80,자양전통시장,서울특별시 광진구 뚝섬로47길 50,37.5343454315487,127.079470557202
우리닭집,butcher,70,비단길현대시장,서울특별시 금천구 독산로32길 9,37.4574518875327,126.906007988287
형제상회,greengrocer,128,인왕시장,서울특별시 서대문구 인왕시장길 18,37.5910853841597,126.943488256032
사거리야채,greengrocer,198,돈암시장,서울특별시 성북구 동소문로18길 12,37.5918276560827,127.01581801111
어사또,seafood,53,봉천중앙시장,서울특별시 관악구 관악로 216,37.4839614357093,126.955101713956
영신상회,greengrocer,102,경동광성상가,서울특별시 동대문구 약령시로14길 52,37.5805959198007,127.038944725889
아름유통,butcher,66,쌍문시장,서울특별시 도봉구 도봉로113길 29,37.6483521988215,127.032543832814
진성식품,seafood,30,백년시장(강북종합시장과별개의시장) 구 강북종합전통시장,서울특별시 강북구 도봉로95길 52,37.6425874319694,127.026422825016
중앙상회,greengrocer,76,가리봉시장,서울특별시 구로구 우마3길 15,37.4816743850177,126.889074893575
으뜸나물,sidedish,102,경동광성상가,서울특별시 동대문구 고산자로38길 15-13,37.5805417476469,127.039284331649
중원상회,seafood,102,경동광성상가,서울특별시 동대문구 고산자로38길 13,37.5801092480816,127.03935203081
밥도둑연구소,seafood,197,연서시장,서울특별시 은평구 연서로 247,37.619697699095,126.922171722351
만물청과,greengrocer,135,대림시장,서울특별시 은평구 가좌로7길 28-1,37.5860429904812,126.91814219035
삼호,butcher,30,백년시장(강북종합시장과별개의시장) 구 강북종합전통시장,서울특별시 강북구 한천로144길 41,37.6426684644569,127.026672125917
수원수산유통,seafood,73,남구로시장,서울특별시 구로구 구로동로26길 66,37.4898542646077,126.887728522479
삼일사공수산,seafood,200,암사종합시장,서울특별시 강동구 고덕로10길 70,37.551735908824,127.129124370561
진흥축협직매장,butcher,52,관악종합시장,서울특별시 관악구 신원로 23,37.4815694015989,126.928058757351
영광상회,seafood,130,광장시장,서울특별시 종로구 창경궁로 88,37.570114766493,126.999705691574
풍성축산,butcher,124,마장축산물시장,서울특별시 성동구 마장로35라길 9,37.5702337633141,127.041067409411
전국축산,butcher,63,창동골목시장,서울특별시 도봉구 덕릉로 236,37.6387459113581,127.038510530409
삼연유통,greengrocer,102,경동광성상가,서울특별시 동대문구 고산자로38길 26,37.5800099410623,127.03994067325
대양상회,seafood,197,연서시장,서울특별시 은평구 통일로 850,37.6193188042072,126.921447188818
은플라워,flower,16,봉천현대시장,서울특별시 관악구 은천로 92,37.4867774954063,126.945376036612
국가대표축산,butcher,193,우림골목시장,서울특별시 중랑구 망우로62길 65,37.5966074337096,127.099081197362
싱싱야채,greengrocer,91,성대시장,서울특별시 동작구 성대로 35,37.4992232508231,126.933368289206
남양축산유통,butcher,187,사가정시장,서울특별시 중랑구 면목로48길 34,37.5820272686091,127.090491606458
동원건어물,seafood,190,동원시장,서울특별시 중랑구 면목로74길 28,37.5892993584066,127.089073780525
한우리축산,butcher,77,신성골목시장,서울특별시 광진구 영화사로 18,37.5575752042991,127.089251039301
제주상회,greengrocer,86,마포농수산물시장,서울특별시 마포구 월드컵로 235,37.5651967331886,126.898481601096
뜨라래,flower,17,둔촌역전통시장,서울특별시 강동구 양재대로89가길 6,37.5263034572814,127.134714357895
동광수산,seafood,48,신원시장,서울특별시 관악구 관천로 31,37.4824789700737,126.927322974576
조대약초,sidedish,101,경동시장,서울특별시 동대문구 경동시장로3길 18,37.5796585917713,127.039827275577
자연상회,seafood,108,우성상가시장,서울특별시 양천구 지양로 90,37.5231978755831,126.832338052382
총각네야채청과,greengrocer,119,장위전통시장,서울특별시 성북구 장위로38길 63,37.6105490753392,127.051497866521
세자매야채,greengrocer,71,별빛남문시장,서울특별시 금천구 시흥대로148길 38-11,37.4744408095922,126.900933334965
경기상회,seafood,159,중부시장,서울특별시 중구 을지로36길 18,37.5659791872043,127.001482779704
영등포상회,greengrocer,143,영신상가,서울특별시 영등포구 영등포로 237-1,37.5196228896053,126.907887021439
예원,flower,143,영신상가,서울특별시 영등포구 영등포로 225,37.5199192522038,126.906653653063
수영건어물,seafood,72,구로시장,서울특별시 구로구 구로동로26길 30,37.4900685433731,126.885681551706
웰빙씨앗나라,greengrocer,58,남부골목시장,서울특별시 강서구 곰달래로57길 19,37.5330297612344,126.861675711891
성림약초,greengrocer,103,서울약령시장,서울특별시 동대문구 고산자로 455,37.5803348977569,127.038129470636
훈훈한과일,greengrocer,100,동서시장,서울특별시 동대문구 경동시장로 4-1,37.5795319033015,127.041423466222
영플라워,flower,148,영등포유통상가,서울특별시 영등포구 영등포로 109,37.5224223128597,126.893935463228
싱싱과일야채생선,greengrocer,53,봉천중앙시장,서울특별시 관악구 관악로24길 29,37.484592460695,126.955949334225
에녹농수산물,greengrocer,58,남부골목시장,서울특별시 강서구 곰달래로53길 26,37.5330183214771,126.85961659646
땅과바다건어물,seafood,48,신원시장,서울특별시 관악구 관천로 27-1,37.4822268890355,126.927651100873
남창상회,greengrocer,102,경동광성상가,서울특별시 동대문구 약령시로14길 53,37.5804516896642,127.039159752023
횡성한우,butcher,191,동원전통종합시장,서울특별시 중랑구 상봉로11길 27,37.5899638072204,127.092052404766
고창상회,sidedish,113,석촌시장,서울특별시 송파구 가락로12길 5,37.4998977674293,127.105444603666
삼촌네,butcher,114,방이시장,서울특별시 송파구 백제고분로48길 42,37.5101579099749,127.117436842739
하나플라워,flower,77,신성골목시장,서울특별시 광진구 영화사로 27,37.5571869842533,127.090291795042
제주영수산,seafood,137,후암시장,서울특별시 용산구 한강대로104길 77,37.550416677658,126.976710488398
형제왕식자재마트,greengrocer,67,방학동도깨비시장,서울특별시 도봉구 도당로15길 13,37.6661184148526,127.03647319316
공주상회,seafood,64,창동신창시장,서울특별시 도봉구 덕릉로57길 40,37.6401791038914,127.036539819534
농심웰빙야채과일,greengrocer,81,영동교골목시장,서울특별시 광진구 동일로10길 45,37.537580327077,127.064153977364
젓갈총판매,seafood,193,우림골목시장,서울특별시 중랑구 망우로62길 32,37.597617703457,127.09768971995
청량상회,greengrocer,97,청량리청과물시장,서울특별시 동대문구 경동시장로8길 32,37.5808920131967,127.042522374757
대일농산,greengrocer,7,청량리수산시장,서울특별시 동대문구 왕산로30길 5,37.5782978599765,127.040505798356
두부마을,sidedish,116,마천시장,서울특별시 송파구 마천로45길 34,37.4986763985814,127.151480827912
형제네축산마을,butcher,93,남성역골목시장,서울특별시 동작구 사당로16가길 12,37.4830658002314,126.972683715418
대창상회,seafood,196,황학시장,서울특별시 중구 퇴계로85길 19,37.5666983787057,127.019525340205
종원이네대박축산,butcher,8,화곡본동시장,서울특별시 강서구 까치산로4길 10,37.5419726901868,126.844007340728
새나래수산,seafood,11,망원시장,서울특별시 마포구 망원로8길 32,37.5560849437266,126.906087957532
과일나라과일천국,greengrocer,112,새마을시장,서울특별시 송파구 석촌호수로 80,37.5091125523036,127.086320481566
육곳간축산물,butcher,175,통인시장,서울특별시 종로구 자하문로15길 7,37.5807158061412,126.970576306468
금강상회,seafood,95,청량리전통시장,서울특별시 동대문구 경동시장로2길 49-3,37.5806123087038,127.043609045421
득일물산,greengrocer,101,경동시장,서울특별시 동대문구 고산자로36길 3,37.5790371332837,127.039147690267
애기수산,seafood,87,망원동월드컵시장,서울특별시 마포구 망원로7길 17,37.5582467380132,126.905338272609
신광,butcher,143,영신상가,서울특별시 영등포구 영등포로41길 4-1,37.5198566277239,126.907219328797
예산상회,greengrocer,96,청량리농수산물시장,서울특별시 동대문구 경동시장로 21,37.5809468241835,127.040382700295
미소드림축산,butcher,90,성대전통시장,서울특별시 동작구 국사봉1길 41,37.4992127980405,126.930857735715
대흥청과,greengrocer,16,봉천현대시장,서울특별시 관악구 양녕로 49,37.4865978521268,126.946597316959
성우당물산,greengrocer,101,경동시장,서울특별시 동대문구 고산자로36길 3,37.5790371332837,127.039147690267
춘양목,greengrocer,136,제일시장,서울특별시 은평구 불광로 42,37.6111885549899,126.930493709283
우주농원,flower,174,남대문시장,서울특별시 중구 남대문시장4길 21,37.5591835687093,126.977658463626
영흥상회,seafood,160,신중부시장,서울특별시 중구 동호로33길 46,37.5654385980452,126.999558564958
아삭과일,greengrocer,182,장미제일시장,서울특별시 중랑구 동일로139다길 40,37.6050035299531,127.076363386695
하나로축산,butcher,197,연서시장,서울특별시 은평구 연서로 249,37.6196979004072,126.922477552904
횡성축산물직판장,butcher,26,우이시장,서울특별시 강북구 한천로162길 21,37.6463908635339,127.019908778264
농수산물1번지,greengrocer,32,수유시장,서울특별시 강북구 도봉로67길 7,37.6306679533948,127.023812995987
대성식품,greengrocer,97,청량리청과물시장,서울특별시 동대문구 경동시장로8길 36,37.580909984051,127.042658239237
서원,seafood,7,청량리수산시장,서울특별시 동대문구 고산자로32길 65,37.5774865395436,127.041727991215
동진상회,greengrocer,48,신원시장,서울특별시 관악구 신원로5길 35,37.4825057352566,126.926893308396
재덕정육스토아,butcher,20,대조시장,서울특별시 은평구 불광로 21,37.6103854638,126.928467164741
중앙생선,seafood,36,길동복조리시장,서울특별시 강동구 천중로52길 46,37.5388260453095,127.14348323524
대성,butcher,188,면목골목시장,서울특별시 중랑구 사가정로50길 84,37.5774907438777,127.084440879525
총각수산,seafood,137,후암시장,서울특별시 용산구 한강대로104길 85,37.5503626577587,126.976914203408
가로판매대,flower,180,한일상가,서울특별시 종로구 종로 214,37.5707094137572,127.001539471698
보현상회,seafood,101,경동시장,서울특별시 동대문구 고산자로36길 3,37.5790371332837,127.039147690267
럭키식육,butcher,77,신성골목시장,서울특별시 광진구 영화사로 14,37.5578728743885,127.088798686374
한우리정육점,butcher,85,아현시장,서울특별시 마포구 굴레방로9길 26,37.5568882832485,126.954243131193
영광닭집,butcher,72,구로시장,서울특별시 구로구 구로동로26길 16,37.4902751162802,126.885002787496
하림케이에스닭고기,butcher,58,남부골목시장,서울특별시 강서구 등촌로5길 46,37.5331730972861,126.860973981609
충청농산,greengrocer,95,청량리전통시장,서울특별시 동대문구 경동시장로2길 49-3,37.5806123087038,127.043609045421
원식품,seafood,160,신중부시장,서울특별시 중구 을지로32길 24,37.5657088976857,127.000056594441
이레수산,seafood,67,방학동도깨비시장,서울특별시 도봉구 도당로 75,37.6649024224388,127.035384540566
미트하우스,butcher,17,둔촌역전통시장,서울특별시 강동구 양재대로91길 11,37.5277985216766,127.135237451349
수산마켓,seafood,75,고척근린시장,서울특별시 구로구 고척로32길 11-8,37.5020300774211,126.850039146842
육영한우,butcher,48,신원시장,서울특별시 관악구 관천로 31,37.4824789700737,126.927322974576
청우축산,butcher,102,경동광성상가,서울특별시 동대문구 고산자로 454,37.5800373856546,127.038695371727
만물이네,greengrocer,111,목사랑시장 (목4동시장),서울특별시 양천구 목동중앙남로 32,37.5367030987521,126.867133827797
보령수산,seafood,20,대조시장,서울특별시 은평구 불광로 11,37.6097452717658,126.927663663405
영화야채과일,greengrocer,133,증산종합시장,서울특별시 은평구 증산로3길 12-14,37.581456557404,126.90556928305
태창축산,butcher,196,황학시장,서울특별시 중구 퇴계로87길 39-17,37.5672478699488,127.020215950003
와와야채과일,greengrocer,74,고척골목시장상점가,서울특별시 구로구 중앙로10길 16,37.5035687633338,126.863211626536
제일화원,flower,32,수유시장,서울특별시 강북구 도봉로67길 18,37.6307312477932,127.022668813232
미래원축산물직판장,butcher,116,마천시장,서울특별시 송파구 마천로45길 40-1,37.4990812545368,127.151945307082
수향축산,butcher,182,장미제일시장,서울특별시 중랑구 동일로143길 44,37.6051479075746,127.076023788522
우리상회,greengrocer,33,고분다리전통시장,서울특별시 강동구 구천면로 259-1,37.5435249181779,127.131746725242
청화꽃집,flower,174,남대문시장,서울특별시 중구 남대문시장4길 21,37.5591835687093,126.977658463626
호남상회,greengrocer,77,신성골목시장,서울특별시 광진구 영화사로3길 7,37.5573850214339,127.090529704128
신화수산,seafood,7,청량리수산시장,서울특별시 동대문구 고산자로34길 48,37.5780724591711,127.040947185841
동해네엄지척,greengrocer,193,우림골목시장,서울특별시 중랑구 망우로62길 46,37.5971217832392,127.098142017219
형제수산,seafood,160,신중부시장,서울특별시 중구 을지로30길 37,37.5654115656858,126.999117130234
다희식품,greengrocer,50,우림시장,서울특별시 관악구 난곡로 177,37.4709591060047,126.919658317676
형제야채,greengrocer,60,까치산시장,서울특별시 강서구 강서로12길 9,37.5316608527582,126.847536075887
제일화원,flower,109,목동깨비시장 (목3동시장),서울특별시 양천구 목동중앙북로 4,37.548511537297,126.863921679954
상계생선,seafood,1,상계중앙시장,서울특별시 노원구 상계로27길 12,37.6591562973726,127.070706957691
과일총각,greengrocer,100,동서시장,서울특별시 동대문구 왕산로33길 13,37.5797211833123,127.041219792937
호남상회,seafood,196,황학시장,서울특별시 중구 퇴계로85길 51,37.5681039377089,127.01949174934
태양축산정육점,butcher,196,황학시장,서울특별시 중구 퇴계로85길 12,37.5662838753505,127.019796887413
21세기일품정육마트,butcher,110,목2동시장,서울특별시 양천구 목동중앙북로 87,37.546449282202,126.872932939023
풍덕상회,seafood,101,경동시장,서울특별시 동대문구 고산자로36길 3,37.5790371332837,127.039147690267
재원,greengrocer,73,남구로시장,서울특별시 구로구 구로동로26길 36,37.4900418300414,126.886009508606
롤로타바코,flower,147,대림중앙시장,서울특별시 영등포구 대림로19길 13,37.492100134962,126.900412474272
대성축산,butcher,90,성대전통시장,서울특별시 동작구 성대로2길 10,37.4994563794413,126.931389028388
엄가네막퍼주는집,greengrocer,12,남성사계시장,서울특별시 서초구 동작대로 126,37.4877348997164,126.982598353239
이웃사촌,seafood,96,청량리농수산물시장,서울특별시 동대문구 고산자로40길 23-3,37.580983037107,127.039873265882
쌍둥이상회,seafood,98,청량리종합시장,서울특별시 동대문구 경동시장로 13-1,37.5801719464493,127.040450208236
두경상회,seafood,101,경동시장,서울특별시 동대문구 고산자로36길 3,37.5790371332837,127.039147690267
라줄리엣,flower,127,남부종합시장,서울특별시 서초구 방배중앙로 172,37.4944208592091,126.986271941332
광원상회,seafood,160,신중부시장,서울특별시 중구 을지로30길 20,37.5658620666346,126.999694389395
호성수산,seafood,102,경동광성상가,서울특별시 동대문구 고산자로40길 20,37.5807217986014,127.039725951486
신토불이청과,greengrocer,78,화양제일골목시장,서울특별시 광진구 동일로24길 64,37.5429478296386,127.068526337846
테누타,sidedish,127,남부종합시장,서울특별시 서초구 방배중앙로27길 17,37.4949973251106,126.984813077027
쌍둥이청과,greengrocer,147,대림중앙시장,서울특별시 영등포구 디지털로37나길 13-2,37.491144196703,126.89938474981
삼흥청과,greengrocer,100,동서시장,서울특별시 동대문구 왕산로33길 17,37.5800093861907,127.041548262326
꽃코지,flower,50,우림시장,서울특별시 관악구 난곡로24길 16,37.4695362358078,126.920733755507
목사랑농장,greengrocer,111,목사랑시장 (목4동시장),서울특별시 양천구 목동중앙남로 53,37.538576062787,126.866146118907
영진축산,butcher,111,목사랑시장 (목4동시장),서울특별시 양천구 목동중앙남로 46,37.5378832405358,126.866984643133
어머나푸드,sidedish,16,봉천현대시장,서울특별시 관악구 양녕로 49,37.4865978521268,126.946597316959
킹콩과일야채,greengrocer,12,남성사계시장,서울특별시 동작구 동작대로29나길 20,37.4888969029487,126.980687152028
하림닭집24호,butcher,152,신영시장,서울특별시 양천구 곰달래로13길 39-2,37.5331941302998,126.835291248744
동원축산물도매센타,butcher,73,남구로시장,서울특별시 구로구 구로동로26길 52,37.4899525987851,126.886914239516
참새방앗간,ricecake,191,동원전통종합시장,서울특별시 중랑구 겸재로50길 25,37.5887477245836,127.091722558283
정가네축산,butcher,23,방신전통시장,서울특별시 강서구 방화동로 116,37.5707229779631,126.812671250005
기찬정육점,butcher,56,화곡중앙시장,서울특별시 강서구 월정로30길 75,37.5353269085726,126.839959356931
홍돌이네,sidedish,102,경동광성상가,서울특별시 동대문구 고산자로 460,37.5807401421115,127.038752341247
형제유통,greengrocer,111,목사랑시장 (목4동시장),서울특별시 양천구 목동중앙남로9길 9,37.5379360719339,126.865898339929
마장통정육,butcher,93,남성역골목시장,서울특별시 동작구 사당로14길 3,37.4837324464508,126.972253825356
마장동고기집,butcher,78,화양제일골목시장,서울특별시 광진구 아차산로29길 44,37.54269520702,127.069114507733
소쿠리,greengrocer,6,영천시장,서울특별시 서대문구 영천시장길 32,37.5706128949038,126.96103783351
성내정육점,butcher,34,성내전통시장,서울특별시 강동구 천호대로162길 78,37.5334835461393,127.127395794279
축산사랑,butcher,21,용산용문시장,서울특별시 용산구 효창원로42길 4,37.5370682840384,126.95966360265
딜리셔스,greengrocer,32,수유시장,서울특별시 강북구 솔매로45길 95-38,37.630154548698,127.023019826358
미니수제어묵,sidedish,81,영동교골목시장,서울특별시 광진구 뚝섬로23길 27,37.5373638156148,127.064651634299
훈이네맛있는반찬,sidedish,150,신정제일시장,서울특별시 양천구 중앙로34길 26-5,37.520748836009,126.853960921006
부산수산,seafood,190,동원시장,서울특별시 중랑구 면목로74길 32,37.5893172756243,127.089209671383
만복상회,seafood,160,신중부시장,서울특별시 중구 을지로30길 47,37.5650241374253,126.999128453591
부여상회,greengrocer,89,공덕시장,서울특별시 마포구 만리재로 19,37.5447874937523,126.953266060251
미미꽃집,flower,174,남대문시장,서울특별시 중구 남대문시장4길 21,37.5591835687093,126.977658463626
윤배네야채가게,greengrocer,151,경창시장,서울특별시 양천구 오목로9길 29,37.5247701347846,126.842153947227
우리농산물,greengrocer,83,한아름시장,서울특별시 광진구 아차산로29길 69,37.5438302797034,127.069432391745
국민어시장,seafood,58,남부골목시장,서울특별시 강서구 등촌로5길 41,37.5329931105692,126.861155338643
강원야채,butcher,102,경동광성상가,서울특별시 동대문구 약령시로14길 53,37.5804516896642,127.039159752023
안성상회,greengrocer,198,돈암시장,서울특별시 성북구 동소문로18길 12,37.5918276560827,127.01581801111
일산꽃집,flower,174,남대문시장,서울특별시 중구 남대문시장4길 21,37.5591835687093,126.977658463626
스마일과일촌,greengrocer,75,고척근린시장,서울특별시 구로구 경인로33길 101,37.5023005647764,126.850185626751
토종한우축협암돼지,butcher,107,신곡종합시장,서울특별시 양천구 남부순환로79길 33-1,37.5180859098275,126.843061650605
여수유통,greengrocer,86,마포농수산물시장,서울특별시 마포구 월드컵로 235,37.5651967331886,126.898481601096
털보상회,greengrocer,146,영일시장,서울특별시 영등포구 문래로30길 27,37.5161392108889,126.900719880301
대일수산,seafood,190,동원시장,서울특별시 중랑구 겸재로49길 18,37.5898568964889,127.090489762525
강남집,greengrocer,137,후암시장,서울특별시 용산구 한강대로104길 77,37.550416677658,126.976710488398
굿뜨레,greengrocer,115,마천중앙시장,서울특별시 송파구 마천로45길 18,37.4974704412512,127.150392769158
한양정육점,butcher,25,장미원골목시장,서울특별시 강북구 삼양로123길 26,37.6447969476837,127.014197590313
영산포생선가게,seafood,116,마천시장,서울특별시 송파구 성내천로32길 25,37.4976943340419,127.151456226954
시골정육점,butcher,62,답십리시장,서울특별시 동대문구 답십리로 165,37.5730104859482,127.058501721788
할매나물,greengrocer,135,대림시장,서울특별시 은평구 응암로4길 23,37.5868892277789,126.917144919604
진천상회,greengrocer,129,유진상가,서울특별시 서대문구 통일로 484,37.5915986934433,126.942955695997
혜리플라워,flower,143,영신상가,서울특별시 영등포구 영등포로 225,37.5199192522038,126.906653653063
영단건어물,seafood,72,구로시장,서울특별시 구로구 구로동로20길 18-4,37.4886717760755,126.885468842565
플라워린썬,flower,188,면목골목시장,서울특별시 중랑구 면목로35길 30,37.5787160784284,127.08446490499
성복수산,seafood,197,연서시장,서울특별시 은평구 연서로 251,37.6198241129432,126.9225906927
삼익화원,flower,64,창동신창시장,서울특별시 도봉구 덕릉로57길 30,37.6400347302953,127.037230888234
축산물도매일번가,butcher,197,연서시장,서울특별시 은평구 연서로 251,37.6198241129432,126.9225906927
소백산농산물유통,greengrocer,30,백년시장(강북종합시장과별개의시장) 구 강북종합전통시장,서울특별시 강북구 한천로148길 12-43,37.6422723212121,127.025357646932
남원상회,greengrocer,188,면목골목시장,서울특별시 중랑구 면목로35길 16,37.578391200268,127.085189069486
으뜸채소,greengrocer,80,자양전통시장,서울특별시 광진구 자양로13나길 20,37.5341107434805,127.08010389822
시장닭집,butcher,119,장위전통시장,서울특별시 성북구 장위로38길 45-2,37.6113240292481,127.05126055915
영남상회,seafood,160,신중부시장,서울특별시 중구 을지로 200,37.5665017740702,127.000169785122
두부집,greengrocer,128,인왕시장,서울특별시 서대문구 인왕시장길 18,37.5910853841597,126.943488256032
국일상회,greengrocer,101,경동시장,서울특별시 동대문구 고산자로36길 3,37.5790371332837,127.039147690267
홍어나라,seafood,7,청량리수산시장,서울특별시 동대문구 고산자로32길 67,37.5775405551015,127.041852548817
자양수산,seafood,80,자양전통시장,서울특별시 광진구 자양로13나길 11,37.5336961143589,127.080352363746
경동정육점,butcher,42,광성시장,서울특별시 광진구 면목로 116,37.5638435770237,127.080271546346
천일수산,seafood,7,청량리수산시장,서울특별시 동대문구 고산자로34길 41,37.5781446560032,127.04060760229
데이지플라워,flower,20,대조시장,서울특별시 은평구 불광로 20,37.6097370393823,126.928943459079
경일수산,seafood,7,청량리수산시장,서울특별시 동대문구 왕산로32길 24,37.5780451838035,127.041649057685
주병이네김,sidedish,116,마천시장,서울특별시 송파구 마천로45길 31,37.4984337357999,127.151005371673
강북제일식품,sidedish,26,우이시장,서울특별시 강북구 노해로27길 66,37.6469853241392,127.020996733135
가락청과,greengrocer,93,남성역골목시장,서울특별시 동작구 사당로16나길 20,37.4830296464841,126.972197553229
몸에좋은유,sidedish,111,목사랑시장 (목4동시장),서울특별시 양천구 목동중앙남로 39-1,37.5374052776965,126.866600795709
일호축산물,butcher,111,목사랑시장 (목4동시장),서울특별시 양천구 목동중앙남로 35,37.5370630389888,126.866725865408
삼풍플라워,flower,171,대림상가,서울특별시 중구 을지로20길 12,37.5658349409794,126.995234740066
풍년건어물,seafood,197,연서시장,서울특별시 은평구 통일로 850,37.6193188042072,126.921447188818
꽃방해바라기,flower,52,관악종합시장,서울특별시 관악구 신원로 23,37.4815694015989,126.928058757351
지민플라워,flower,143,영신상가,서울특별시 영등포구 영등포로 225,37.5199192522038,126.906653653063
토방한우마을,butcher,48,신원시장,서울특별시 관악구 관천로 27,37.4821638669027,126.927730305536
대성청과,greengrocer,182,장미제일시장,서울특별시 중랑구 동일로139나길 39,37.6050214764073,127.076476653437
이화상회,seafood,130,광장시장,서울특별시 종로구 창경궁로 88,37.570114766493,126.999705691574
새시대정육점,butcher,152,신영시장,서울특별시 양천구 월정로29길 11,37.5331847255002,126.835008420457
명진정육점,butcher,21,용산용문시장,서울특별시 용산구 효창원로 100-2,37.5372756372037,126.960025557787
우리정육점,butcher,151,경창시장,서울특별시 양천구 오목로7길 28,37.5244985764936,126.841215569597
현대닭집,butcher,23,방신전통시장,서울특별시 강서구 방화동로16길 32,37.5715068037016,126.812646647297
삼오상회,sidedish,21,용산용문시장,서울특별시 용산구 효창원로40길 20,37.5363115285522,126.959912928001
구르메,seafood,136,제일시장,서울특별시 은평구 불광로 40,37.6110983693349,126.930346558317
협신상회,greengrocer,102,경동광성상가,서울특별시 동대문구 고산자로 458,37.5804968924119,127.03869560954
공항건어물,seafood,23,방신전통시장,서울특별시 강서구 방화동로16길 36,37.5717048239015,126.812521633675
우리농산물유통센터,greengrocer,179,동대문종합시장,서울특별시 종로구 종로39길 2,37.571339944774,127.006440932211
개성상회,seafood,175,통인시장,서울특별시 종로구 자하문로 53-1,37.5807519188897,126.970870642539
기백수산,seafood,71,별빛남문시장,서울특별시 금천구 시흥대로142길 23,37.47332324536,126.900561747086
유경생고기정육점,butcher,33,고분다리전통시장,서울특별시 강동구 구천면로 247,37.5424716199831,127.130964111486
만복상회,greengrocer,63,창동골목시장,서울특별시 도봉구 덕릉로58길 3,37.6388629614649,127.038748520327
형제야채,greengrocer,38,신사상가,서울특별시 강남구 압구정로29길 72-1,37.5322874414761,127.028409040498
막퍼주는집,greengrocer,23,방신전통시장,서울특별시 강서구 방화동로 126,37.5719742568618,126.8119776069
강원농산,greengrocer,103,서울약령시장,서울특별시 동대문구 고산자로 455,37.5803348977569,127.038129470636
축협축산물직판장,butcher,119,장위전통시장,서울특별시 성북구 돌곶이로27길 78,37.6102065955416,127.051735468546
한마음건어물가게,seafood,70,비단길현대시장,서울특별시 금천구 독산로39길 12,37.4590003943534,126.904468871991
이천농장,butcher,101,경동시장,서울특별시 동대문구 고산자로36길 3,37.5790371332837,127.039147690267
한우,butcher,84,연희사러가,서울특별시 서대문구 연희로11가길 3,37.5678772770106,126.929515245048
보고물산,seafood,160,신중부시장,서울특별시 중구 을지로32길 34,37.565285429502,127.000079231768
벧엘청과,greengrocer,190,동원시장,서울특별시 중랑구 면목로74길 22,37.5891553704528,127.088847160246
복실청과,greengrocer,100,동서시장,서울특별시 동대문구 고산자로36길 31-4,37.5794512172855,127.040257361878
하나로축산,butcher,66,쌍문시장,서울특별시 도봉구 도봉로113길 30,37.6485143632975,127.032589229342
초록비타민,greengrocer,111,목사랑시장 (목4동시장),서울특별시 양천구 목동중앙남로 57,37.5387741668204,126.866043931518
영진청과,greengrocer,67,방학동도깨비시장,서울특별시 도봉구 도당로15길 14,37.666253502192,127.03666593962
승리정육점,butcher,130,광장시장,서울특별시 종로구 창경궁로 88,37.570114766493,126.999705691574
대창상회,seafood,160,신중부시장,서울특별시 중구 을지로32길 24,37.5657088976857,127.000056594441
문창식품,sidedish,20,대조시장,서울특별시 은평구 불광로 19,37.6101510623739,126.928229551272
꽃사랑FLOWER,flower,43,능동로골목시장,서울특별시 광진구 능동로 31,37.5342806640968,127.067737731402
남해수산,seafood,42,광성시장,서울특별시 광진구 능동로47길 30,37.5635817081187,127.081120157626
신흥정육점,butcher,196,황학시장,서울특별시 중구 퇴계로87길 17-4,37.5664638953239,127.020838283255
신제상회,greengrocer,100,동서시장,서울특별시 동대문구 경동시장로 7,37.5795952287893,127.040687637007
신발수산,seafood,7,청량리수산시장,서울특별시 동대문구 고산자로34길 48-1,37.5781084241236,127.041162300054
중앙건어물,seafood,1,상계중앙시장,서울특별시 노원구 상계로27길 15,37.6592376767686,127.070219712846
홍어사랑,seafood,17,둔촌역전통시장,서울특별시 강동구 양재대로91길 23,37.5279704095203,127.134626850201
행복플라워꽃,flower,150,신정제일시장,서울특별시 양천구 신월로 301,37.5215512985432,126.854423157347
배봉축산물,butcher,105,전곡시장,서울특별시 동대문구 사가정로 202,37.5784207278513,127.067381469756
공주축산,butcher,17,둔촌역전통시장,서울특별시 강동구 양재대로91길 31,37.5281060229808,127.134219818877
고코로노하나,flower,69,대명여울빛거리시장,서울특별시 금천구 시흥대로 220,37.4535557692873,126.90141296557
믿음이네,greengrocer,74,고척골목시장상점가,서울특별시 구로구 중앙로10길 21,37.5036856447044,126.862996532611
진흥정육점,butcher,90,성대전통시장,서울특별시 동작구 국사봉1길 58,37.4987895629752,126.93126524194
우리수산,seafood,188,면목골목시장,서울특별시 중랑구 사가정로50길 88,37.5772565746258,127.08431608813
태광수산,seafood,1,상계중앙시장,서울특별시 노원구 상계로27길 11,37.6591023944612,127.070446246426
도래축산물,butcher,36,길동복조리시장,서울특별시 강동구 천중로52길 20,37.539924849042,127.143824790188
보현이네청과,greengrocer,151,경창시장,서울특별시 양천구 월정로8길 8,37.5250595101272,126.842945228825
수정농산,greengrocer,86,마포농수산물시장,서울특별시 마포구 월드컵로 235,37.5651967331886,126.898481601096
강박사정육점,butcher,155,방산종합시장,서울특별시 중구 창경궁로8길 30,37.5687002032826,126.999615142414
꽃피는풍경,flower,135,대림시장,서울특별시 은평구 응암로 166,37.5867715959965,126.916431759351
두부사랑,sidedish,31,수유재래시장,서울특별시 강북구 수유로12길 87,37.6311097331568,127.02229507781
신남성유통,greengrocer,12,남성사계시장,서울특별시 동작구 동작대로29나길 9,37.4884823984334,126.980438499781
꼼장네해물,seafood,32,수유시장,서울특별시 강북구 도봉로67길 18,37.6307312477932,127.022668813232
대창상회,seafood,160,신중부시장,서울특별시 중구 을지로30길 43,37.5652493860346,126.999071856874
대박유통,seafood,23,방신전통시장,서울특별시 강서구 방화동로16길 23,37.5710651207382,126.812523237188
반값창고,greengrocer,129,유진상가,서울특별시 서대문구 통일로 478,37.5908865852428,126.942288200295
구룡포,seafood,46,신림중앙시장,서울특별시 관악구 조원로16길 27,37.4831438696652,126.911414200262
꽃사랑,flower,191,동원전통종합시장,서울특별시 중랑구 상봉로11길 11,37.590170387693,127.092879208099
남해건어물,seafood,60,까치산시장,서울특별시 강서구 강서로12길 5-24,37.5325250791829,126.846968623613
남원상회,seafood,48,신원시장,서울특별시 관악구 관천로 35,37.4826590184207,126.927074060578
원삼물산,greengrocer,103,서울약령시장,서울특별시 동대문구 약령중앙로 20,37.5801099704945,127.037121780945
신한상회,butcher,196,황학시장,서울특별시 중구 퇴계로87길 23-31,37.5665811983021,127.019830923157
현플라워,flower,16,봉천현대시장,서울특별시 관악구 양녕로 33,37.4851202349249,126.946677515744
싱싱한생선,seafood,48,신원시장,서울특별시 관악구 신원로5길 19,37.4820376773267,126.927651283312
반도상회,sidedish,102,경동광성상가,서울특별시 동대문구 고산자로40길 5,37.5808572004634,127.038967504346
초록비타민,greengrocer,23,방신전통시장,서울특별시 강서구 금낭화로 80,37.572595489035,126.811693047243
싱싱야채，과일,greengrocer,83,한아름시장,서울특별시 광진구 동일로26길 62-1,37.5443889720308,127.069308437609
아침꽃향기,flower,152,신영시장,서울특별시 양천구 곰달래로13길 41,37.5333474102722,126.835370109537
서천상회,greengrocer,86,마포농수산물시장,서울특별시 마포구 월드컵로 235,37.5651967331886,126.898481601096
상주상회,seafood,101,경동시장,서울특별시 동대문구 고산자로36길 3,37.5790371332837,127.039147690267
삼영수산,seafood,129,유진상가,서울특별시 서대문구 인왕시장길 24,37.5912114415656,126.943318319499
건어물/젓갈소매업,seafood,115,마천중앙시장,서울특별시 송파구 거마로22길 41-1,37.4972441221079,127.151229146979
신흥유통,seafood,160,신중부시장,서울특별시 중구 을지로30길 23,37.565582757726,126.999649115059
뉴서울청과,greengrocer,191,동원전통종합시장,서울특별시 중랑구 상봉로11길 27,37.5899638072204,127.092052404766
유성농산,greengrocer,61,대원종합시장,서울특별시 강서구 화곡로21길 62,37.5435213899584,126.836592447405
경미야채,greengrocer,118,정릉아리랑시장,서울특별시 성북구 아리랑로19길 17,37.6024597519334,127.012490872572
고기사랑,butcher,80,자양전통시장,서울특별시 광진구 자양로13나길 32,37.5344083566926,127.079685592881
달래상회,greengrocer,128,인왕시장,서울특별시 서대문구 인왕시장길 18,37.5910853841597,126.943488256032
동해농수산,greengrocer,67,방학동도깨비시장,서울특별시 도봉구 도당로13가길 17,37.6659383025437,127.036201086849
로즈플라워,flower,134,신응암시장,서울특별시 은평구 응암로22길 12,37.5936121374159,126.919322826754
한양수산,seafood,80,자양전통시장,서울특별시 광진구 자양로13나길 28,37.5343091550036,127.079821256987
삼원축산,butcher,104,전농로터리시장,서울특별시 동대문구 전농로29길 100,37.5785617152071,127.05623057752
대동상회,seafood,32,수유시장,서울특별시 강북구 도봉로65길 35,37.6293977904592,127.022657079679
남영상회,greengrocer,132,대림골목시장,서울특별시 은평구 응암로12길 10,37.5877906945008,126.917823254057
대성유통,greengrocer,130,광장시장,서울특별시 종로구 종로 190-5,37.5704211006951,126.998958596689
형제정육점,butcher,27,수유중앙시장,서울특별시 강북구 노해로17길 26,37.6406694339469,127.020949634464
선진상회,greengrocer,128,인왕시장,서울특별시 서대문구 통일로40안길 3-10,37.5907611191194,126.943680986768
용문상회,greengrocer,21,용산용문시장,서울특별시 용산구 효창원로42길 30,37.5359332383485,126.960297819604
미진상회,greengrocer,73,남구로시장,서울특별시 구로구 구로동로26길 54,37.4898711722107,126.886563831965
라리센플로리사,flower,12,남성사계시장,서울특별시 서초구 서초대로1길 19-2,37.48807735658,126.983107096201
놀부상회,greengrocer,116,마천시장,서울특별시 송파구 마천로45길 23,37.4980737243928,127.150699312878
황금어물전,seafood,75,고척근린시장,서울특별시 구로구 고척로40길 20,37.5023374063726,126.850818874197
바다수산,seafood,111,목사랑시장 (목4동시장),서울특별시 양천구 목동중앙남로 49,37.5382158431144,126.866305168936
명품닭집,butcher,60,까치산시장,서울특별시 강서구 강서로16길 14,37.5327053960167,126.84705876629
플라워바테,flower,37,청담삼익시장,서울특별시 강남구 학동로101길 26,37.5224468696354,127.05762510496
광주수산,seafood,196,황학시장,서울특별시 중구 마장로 87,37.5685003981327,127.019356020927
노룬산꽃화원,flower,45,노룬산시장(건물형),서울특별시 광진구 뚝섬로 492,37.5360842342952,127.064944704192
대성식품,sidedish,96,청량리농수산물시장,서울특별시 동대문구 경동시장로8길 13-1,37.5809554732137,127.041424254922
내고향축산,butcher,83,한아름시장,서울특별시 광진구 능동로13길 73,37.5447946201842,127.068969341455
서울생선,seafood,27,수유중앙시장,서울특별시 강북구 노해로17길 20,37.6407054083908,127.021312212775
행복드림축산,butcher,75,고척근린시장,서울특별시 구로구 경인로33길 98-8,37.5023012376827,126.850717162466
일광닭상회,butcher,97,청량리청과물시장,서울특별시 동대문구 왕산로33길 18,37.5802344299689,127.042125762765
영진상회,greengrocer,102,경동광성상가,서울특별시 동대문구 고산자로38길 13,37.5801092480816,127.03935203081
제일수산,seafood,42,광성시장,서울특별시 광진구 긴고랑로13길 11,37.5630766742218,127.081810037727
농촌사랑,butcher,188,면목골목시장,서울특별시 중랑구 면목로35길 15,37.5782020896633,127.085053004724
바다를사랑하는형제들,seafood,12,남성사계시장,서울특별시 동작구 동작대로29길 14,37.4881131279439,126.981320555315
주리건어물,seafood,75,고척근린시장,서울특별시 구로구 고척로32길 11-3,37.5021378960195,126.849801436441
제일수산,seafood,8,화곡본동시장,서울특별시 강서구 까치산로 33,37.5427294074617,126.843915240889
어사또,seafood,193,우림골목시장,서울특별시 중랑구 망우로62길 56,37.5967520943915,127.098481239202
광성축산,butcher,42,광성시장,서울특별시 광진구 능동로47길 30,37.5635817081187,127.081120157626
대형축산,butcher,119,장위전통시장,서울특별시 성북구 장월로8길 66,37.610576203632,127.051271371562
성남상회,greengrocer,102,경동광성상가,서울특별시 동대문구 고산자로 458,37.5804968924119,127.03869560954
우영상회,greengrocer,198,돈암시장,서울특별시 성북구 동소문로18길 23,37.5913861285991,127.016123632604
재래식손두부,greengrocer,85,아현시장,서울특별시 마포구 마포대로21길 71,37.5561227442935,126.955047137319
화성상회,greengrocer,95,청량리전통시장,서울특별시 동대문구 경동시장로2길 45,37.5803871020848,127.043495702977
텃밭마트정육사가정,butcher,187,사가정시장,서울특별시 중랑구 면목로44길 28,37.5809736691579,127.089754453565
호남축산,butcher,102,경동광성상가,서울특별시 동대문구 고산자로 458,37.5804968924119,127.03869560954
현대정육점,butcher,175,통인시장,서울특별시 종로구 자하문로 53-1,37.5807519188897,126.970870642539
바다한스푼,seafood,36,길동복조리시장,서울특별시 강동구 천중로52길 24,37.5397269875941,127.143530221432
오늘생선,seafood,80,자양전통시장,서울특별시 광진구 자양로15길 80,37.5349853087596,127.079222322919
정식청과,greengrocer,109,목동깨비시장 (목3동시장),서울특별시 양천구 목동중앙북로 15,37.5485312047017,126.865358812007
영수산,seafood,7,청량리수산시장,서울특별시 동대문구 왕산로 162,37.5787210366748,127.041343771005
강남청과,greengrocer,119,장위전통시장,서울특별시 성북구 장위로38길 50-2,37.6111799643236,127.051045270548
경동,butcher,101,경동시장,서울특별시 동대문구 고산자로36길 3,37.5790371332837,127.039147690267
승현건해,seafood,113,석촌시장,서울특별시 송파구 송파대로37길 62,37.4999245954652,127.105670820307
섭이네,greengrocer,12,남성사계시장,서울특별시 동작구 동작대로29나길 20,37.4888969029487,126.980687152028
은혜야채가게,greengrocer,92,상도전통시장,서울특별시 동작구 상도로37길 48,37.4997365643498,126.951292472714
용문꽃집,flower,21,용산용문시장,서울특별시 용산구 효창원로 92,37.5369690224659,126.95922238898
마포꽃집,flower,174,남대문시장,서울특별시 중구 남대문시장4길 21,37.5591835687093,126.977658463626
의정부야채,greengrocer,63,창동골목시장,서울특별시 도봉구 덕릉로58길 19,37.6384843378084,127.039382799141
제일식품,greengrocer,17,둔촌역전통시장,서울특별시 강동구 풍성로56길 39,37.5271950592047,127.135055352991
조흥축산물도매센터,butcher,150,신정제일시장,서울특별시 양천구 신월로 301,37.5215512985432,126.854423157347
해돋이청과,greengrocer,12,남성사계시장,서울특별시 동작구 동작대로29길 24,37.4882211415309,126.980653404441
횡성한우마을,butcher,128,인왕시장,서울특별시 서대문구 통일로40안길 3-4,37.5905988756842,126.943545237162
형제,butcher,49,신림현대종합상가,서울특별시 관악구 신림로29길 3-20,37.4746259744075,126.933797117011
싱싱과일,greengrocer,114,방이시장,서울특별시 송파구 백제고분로48길 36,37.5104108075559,127.116815159999
양지상회,greengrocer,187,사가정시장,서울특별시 중랑구 면목로44길 12,37.5811812922804,127.08923392639
명품하림직판장,butcher,152,신영시장,서울특별시 양천구 곰달래로13길 28,37.5322586028037,126.836379432709
보령수산,seafood,7,청량리수산시장,서울특별시 동대문구 고산자로32길 65,37.5774865395436,127.041727991215
까꿍상회,greengrocer,75,고척근린시장,서울특별시 구로구 고척로30길 13-16,37.5019033619139,126.849587030711
남해멸치,seafood,182,장미제일시장,서울특별시 중랑구 동일로143길 49,37.6049588018541,127.075865048447
금성축산,butcher,102,경동광성상가,서울특별시 동대문구 고산자로 454,37.5800373856546,127.038695371727
꽃미남마트,greengrocer,67,방학동도깨비시장,서울특별시 도봉구 도당로13길 11,37.6652357580605,127.035475370675
형제축산,butcher,80,자양전통시장,서울특별시 광진구 자양로13나길 27,37.5341740814199,127.079707971849
신용축산,butcher,102,경동광성상가,서울특별시 동대문구 고산자로 458,37.5804968924119,127.03869560954
이리야워워,butcher,116,마천시장,서울특별시 송파구 마천로45길 23,37.4980737243928,127.150699312878
원중수산,seafood,7,청량리수산시장,서울특별시 동대문구 고산자로32길 65,37.5774865395436,127.041727991215
제일한아름상회,seafood,200,암사종합시장,서울특별시 강동구 고덕로10길 67,37.5517535817996,127.129441270606
사거리과일,greengrocer,122,용답상가시장,서울특별시 성동구 용답중앙15길 2,37.5638048665606,127.053095550908
진성상회,greengrocer,61,대원종합시장,서울특별시 강서구 강서로39길 17,37.5441161254341,126.836647727359
하나농산,greengrocer,69,대명여울빛거리시장,서울특별시 금천구 시흥대로52길 62,37.4540696847526,126.901819164426
대박축산,butcher,60,까치산시장,서울특별시 강서구 강서로12길 5-14,37.532083985615,126.847274997294
미래축산물,butcher,26,우이시장,서울특별시 강북구 한천로162길 33,37.6467602109162,127.020237480958
고려축산,butcher,30,백년시장(강북종합시장과별개의시장) 구 강북종합전통시장,서울특별시 강북구 한천로144길 12,37.6415514503261,127.025742634991
대정상회,greengrocer,102,경동광성상가,서울특별시 동대문구 고산자로38길 5,37.5801093981736,127.038899188205
화진과일,greengrocer,35,명일전통시장,서울특별시 강동구 양재대로138길 21,37.5497080359518,127.145178928441
반찬마을,sidedish,20,대조시장,서울특별시 은평구 불광로 7,37.6094746407114,126.927120300791
싱싱청과,greengrocer,70,비단길현대시장,서울특별시 금천구 독산로39길 47,37.4576389575805,126.903351648783
총각네정육점,butcher,23,방신전통시장,서울특별시 강서구 방화동로16길 6,37.5702909512143,126.812955321195
호남,butcher,140,신흥시장,서울특별시 용산구 소월로20길 38-1,37.5448408554967,126.985131127799
만보인삼,sidedish,101,경동시장,서울특별시 동대문구 고산자로36길 3,37.5790371332837,127.039147690267
과일나라,greengrocer,199,공릉동도깨비시장,서울특별시 노원구 동일로180길 21,37.6225012912255,127.075486409784
백운약초상회,greengrocer,101,경동시장,서울특별시 동대문구 고산자로36길 3,37.5790371332837,127.039147690267
푸른농장,sidedish,56,화곡중앙시장,서울특별시 강서구 월정로30길 47,37.5347573397825,126.838534985271
우림시장김선야채가게,greengrocer,193,우림골목시장,서울특별시 중랑구 망우로62길 52-4,37.5967702935126,127.098266115029
캉캉반찬,sidedish,14,은행나무시장,서울특별시 금천구 금하로25길 9,37.4513186008351,126.909349642564
경정닭,butcher,42,광성시장,서울특별시 광진구 능동로47길 30,37.5635817081187,127.081120157626
주렁주렁,seafood,135,대림시장,서울특별시 은평구 응암로4길 19,37.5866818882722,126.916986640582
영광수산,seafood,150,신정제일시장,서울특별시 양천구 중앙로34길 30,37.5208476100093,126.853689238135
산호수산,seafood,7,청량리수산시장,서울특별시 동대문구 고산자로34길 49,37.578270614869,127.041128426973
안심축산물,butcher,111,목사랑시장 (목4동시장),서울특별시 양천구 목동중앙남로 48,37.538162077582,126.866565503373
제일정육점,butcher,95,청량리전통시장,서울특별시 동대문구 왕산로37길 39,37.5817024058767,127.043892713956
명일시장부부생선,seafood,35,명일전통시장,서울특별시 강동구 양재대로138길 20,37.5495281148795,127.144952250844
다만상회,greengrocer,130,광장시장,서울특별시 종로구 창경궁로 88,37.570114766493,126.999705691574
대창상회,seafood,38,신사상가,서울특별시 강남구 압구정로29길 72-1,37.5322874414761,127.028409040498
충북상회,greengrocer,30,백년시장(강북종합시장과별개의시장) 구 강북종합전통시장,서울특별시 강북구 한천로 1064-17,37.6421372892106,127.024813738285
꿀꿀이와음매,butcher,107,신곡종합시장,서울특별시 양천구 신월로 168,37.5180307648655,126.842247325744
신도봉과일,greengrocer,68,신도봉시장,서울특별시 도봉구 도당로27길 60,37.6700181305465,127.041122333137
현대축산,butcher,14,은행나무시장,서울특별시 금천구 금하로23길 4,37.4513542239991,126.908807121299
이슬화원,flower,136,제일시장,서울특별시 은평구 통일로 731,37.6106203207268,126.929463600419
동아물산,seafood,160,신중부시장,서울특별시 중구 을지로32길 34,37.565285429502,127.000079231768
횡성한우,butcher,14,은행나무시장,서울특별시 금천구 금하로25길 14,37.4511654980318,126.909440240142
삼일상회,sidedish,21,용산용문시장,서울특별시 용산구 효창원로40길 7,37.5368700291581,126.959561878695
고흥수산,seafood,86,마포농수산물시장,서울특별시 마포구 월드컵로 235,37.5651967331886,126.898481601096
과일,greengrocer,129,유진상가,서울특별시 서대문구 통일로 484,37.5915986934433,126.942955695997
진선명청과물,greengrocer,80,자양전통시장,서울특별시 광진구 자양로15길 83,37.5347871115406,127.079188170629
마장상회,butcher,196,황학시장,서울특별시 중구 퇴계로87길 29-19,37.5667793753029,127.020079994793
싱글벙글야채,greengrocer,193,우림골목시장,서울특별시 중랑구 망우로62길 27,37.5978337815331,127.097882506173
우진야채,greengrocer,38,신사상가,서울특별시 강남구 압구정로29길 72-1,37.5322874414761,127.028409040498
생선총각,seafood,132,대림골목시장,서울특별시 은평구 응암로4길 29-1,37.5875381244097,126.917404610704
취미원,flower,193,우림골목시장,서울특별시 중랑구 망우로66길 68,37.5964900574918,127.099375453888
신우청과,greengrocer,152,신영시장,서울특별시 양천구 곰달래로13길 23,37.5318890526971,126.836278416142
진천상회,seafood,101,경동시장,서울특별시 동대문구 고산자로36길 3,37.5790371332837,127.039147690267
서울수산,seafood,175,통인시장,서울특별시 종로구 자하문로15길 26-1,37.5807695605401,126.969376241574
이레플라워,flower,9,봉천제일종합시장,서울특별시 관악구 청룡2길 20,37.4814614058465,126.945074640292
하림닭집,butcher,129,유진상가,서울특별시 서대문구 인왕시장길 16,37.5910580491261,126.942854204123
김아림꽃화원,flower,70,비단길현대시장,서울특별시 금천구 독산로32가길 9-13,37.4584699763864,126.90593889788
싱싱야채,greengrocer,9,봉천제일종합시장,서울특별시 관악구 청룡2길 19,37.4812722150636,126.945120003326
채소/과일소매업,greengrocer,128,인왕시장,서울특별시 서대문구 인왕시장길 18,37.5910853841597,126.943488256032
우리농수산,greengrocer,196,황학시장,서울특별시 중구 퇴계로85길 43,37.5677345276087,127.019502972274
승리정육점,butcher,183,태능엔터피아,서울특별시 중랑구 중랑역로 55,37.5987140097593,127.077296840563
스마일청과,greengrocer,80,자양전통시장,서울특별시 광진구 자양로13나길 32,37.5344083566926,127.079685592881
영우과일,greengrocer,104,전농로터리시장,서울특별시 동대문구 전농로15길 21,37.5778407036592,127.056682864231
깨비수산,seafood,109,목동깨비시장 (목3동시장),서울특별시 양천구 목동중앙북로 22,37.5481893413956,126.865812076131
청춘수산,seafood,190,동원시장,서울특별시 중랑구 상봉로11길 47,37.589739384645,127.090987811249
청춘푸줏간,butcher,33,고분다리전통시장,서울특별시 강동구 구천면로34길 7,37.5425068797309,127.131665726216
성완집,sidedish,32,수유시장,서울특별시 강북구 도봉로67길 18,37.6307312477932,127.022668813232
아성,sidedish,137,후암시장,서울특별시 용산구 후암로35길 37,37.5497768512707,126.976122230611
이삭커머스,butcher,116,마천시장,서울특별시 송파구 마천로45길 23,37.4980737243928,127.150699312878
피스오브플라워,flower,39,강남시장,서울특별시 강남구 압구정로2길 59,37.5181161208251,127.021582714949
강원특산물매장,greengrocer,104,전농로터리시장,서울특별시 동대문구 전농로15길 22,37.5780391010794,127.05630942978
더좋은과일,greengrocer,72,구로시장,서울특별시 구로구 구로동로26길 8,37.4902568537626,126.884754050777
이문상회,seafood,101,경동시장,서울특별시 동대문구 고산자로36길 3,37.5790371332837,127.039147690267
안중상회,greengrocer,146,영일시장,서울특별시 영등포구 문래로30길 27,37.5161392108889,126.900719880301
어사또수산마켓,seafood,144,삼구시장,서울특별시 영등포구 영등포로 219,37.5201437930117,126.905759725524
강남상회,sidedish,39,강남시장,서울특별시 강남구 압구정로2길 46,37.5187650050546,127.020677958375
영광과일,greengrocer,48,신원시장,서울특별시 관악구 신원로5길 33,37.4824427834637,126.927085577052
용식품,butcher,31,수유재래시장,서울특별시 강북구 도봉로71길 34,37.6313530588832,127.02197794308
명림농원,flower,179,동대문종합시장,서울특별시 종로구 종로39길 2,37.571339944774,127.006440932211
형제수산,seafood,200,암사종합시장,서울특별시 강동구 상암로11길 17,37.5505470388911,127.128714922418
보광수산,seafood,142,보광시장,서울특별시 용산구 보광로 31,37.5270470291867,126.999932121736
대용축산,butcher,124,마장축산물시장,서울특별시 성동구 마장로35다길 9,37.5697293937615,127.040523796686
대원,butcher,20,대조시장,서울특별시 은평구 불광로 9,37.6095919298111,126.927380673597
하나농산물,greengrocer,190,동원시장,서울특별시 중랑구 상봉로11길 48,37.5898476343931,127.090818104942
신우축산,sidedish,124,마장축산물시장,서울특별시 성동구 마장로35라길 16,37.5698463077967,127.04114643327
경태네과일,greengrocer,128,인왕시장,서울특별시 서대문구 인왕시장길 18,37.5910853841597,126.943488256032
케이플라워,flower,63,창동골목시장,서울특별시 도봉구 덕릉로60다길 21-9,37.6379706319974,127.039813061936
청일축산물,butcher,120,돌곶이시장(구 석관황금시장),서울특별시 성북구 돌곶이로22나길 26,37.6094363943732,127.060874621739
다미홍어,seafood,129,유진상가,서울특별시 서대문구 인왕시장길 16,37.5910580491261,126.942854204123
황우축산물도매센타,butcher,72,구로시장,서울특별시 구로구 구로동로 122,37.4894007547225,126.884608370369
대양수산,seafood,63,창동골목시장,서울특별시 도봉구 덕릉로58길 23,37.638349106633,127.039631985521
장수떡집,ricecake,17,둔촌역전통시장,서울특별시 강동구 풍성로58길 32,37.5276363676966,127.135214532361
내고향과일,greengrocer,72,구로시장,서울특별시 구로구 구로동로28길 20-10,37.4904464833428,126.885183445034
진로마트내진로축산,butcher,57,신월중앙시장,서울특별시 강서구 강서로5나길 109,37.5279683622667,126.841909631732
경일상회,greengrocer,129,유진상가,서울특별시 서대문구 통일로 484,37.5915986934433,126.942955695997
막내상회,greengrocer,102,경동광성상가,서울특별시 동대문구 고산자로40길 12,37.5807219463629,127.03928442633
한우리축산남성점,butcher,93,남성역골목시장,서울특별시 동작구 사당로16길 18,37.4827145310868,126.97322654839
바른축산,butcher,72,구로시장,서울특별시 구로구 구로동로26길 23,37.4903566681152,126.885477577566
마포축산,butcher,11,망원시장,서울특별시 마포구 망원로8길 15,37.5568327796379,126.906098336565
노만팜,greengrocer,84,연희사러가,서울특별시 서대문구 연희로11가길 8,37.5679311334881,126.929175617635
남서울축산물,butcher,112,새마을시장,서울특별시 송파구 석촌호수로 78,37.5093289912447,127.086049282019
두호실업,butcher,124,마장축산물시장,서울특별시 성동구 마장로33길 67,37.5711710092545,127.040456659476
농산물,greengrocer,8,화곡본동시장,서울특별시 강서구 초록마을로4길 43,37.5430269156152,126.844050406022
제２막내상회,greengrocer,96,청량리농수산물시장,서울특별시 동대문구 고산자로40길 26,37.5807486982429,127.040110885351
박달재한우,butcher,113,석촌시장,서울특별시 송파구 가락로12길 5,37.4998977674293,127.105444603666
체리부로식품,butcher,152,신영시장,서울특별시 양천구 월정로29길 15-1,37.5330037819336,126.834477064289
가시와다육이,flower,179,동대문종합시장,서울특별시 종로구 종로41길 5,37.571565189222,127.006520190029
보배축산,butcher,151,경창시장,서울특별시 양천구 오목로9길 30,37.5248064769081,126.842380124546
화곡중앙시장협동조합,sidedish,56,화곡중앙시장,서울특별시 강서구 월정로30길 66,37.5348848057497,126.839507733048
신선한과일,greengrocer,115,마천중앙시장,서울특별시 송파구 거마로22길 40,37.4972535370566,127.15091252691
신창축산물,butcher,64,창동신창시장,서울특별시 도봉구 덕릉로57길 19,37.639512148526,127.037264617679
우리축산,butcher,187,사가정시장,서울특별시 중랑구 면목로44길 36,37.5809280143091,127.090546881927
일호전집,sidedish,28,수유프라자,서울특별시 강북구 도봉로71길 17,37.6312267132564,127.023065472334
잠실건어물,seafood,112,새마을시장,서울특별시 송파구 석촌호수로 84,37.5087789241829,127.086670716159
만생야채,greengrocer,71,별빛남문시장,서울특별시 금천구 시흥대로138길 36,37.4725123183159,126.900540211758
다솜플라워,flower,149,오목교중앙시장,서울특별시 양천구 신목로12길 21,37.5201156773712,126.875409686431
태경상회,seafood,98,청량리종합시장,서울특별시 동대문구 고산자로38길 30,37.5800909498126,127.040178458874
신성청과,greengrocer,43,능동로골목시장,서울특별시 광진구 뚝섬로30길 50,37.5341906807079,127.067533995839
반도야채,greengrocer,80,자양전통시장,서울특별시 광진구 자양로15길 79,37.5348049643695,127.079437102191
황해상회,greengrocer,100,동서시장,서울특별시 동대문구 왕산로33길 13,37.5797211833123,127.041219792937
충북상회,seafood,97,청량리청과물시장,서울특별시 동대문구 경동시장로8길 33,37.5810721874062,127.042590404506
한마음유통,butcher,143,영신상가,서울특별시 영등포구 영중로14길 23-3,37.5200642657691,126.907739423044
우리축산물,butcher,132,대림골목시장,서울특별시 은평구 응암로12길 9-13,37.5886196068684,126.917822342743
털보네야채,greengrocer,11,망원시장,서울특별시 마포구 망원로8길 25,37.5563913904153,126.906223382652
남도건어물,seafood,12,남성사계시장,서울특별시 동작구 동작대로29가길 6,37.4882573070286,126.98143359133
영천청과,greengrocer,6,영천시장,서울특별시 서대문구 영천시장길 66,37.5696673084392,126.962453261887
싱싱야채,greengrocer,80,자양전통시장,서울특별시 광진구 자양로15길 76,37.5350482267357,127.07944867447
불광축산,butcher,20,대조시장,서울특별시 은평구 불광로 3,37.6093393733571,126.926927899374
하림닭집,butcher,14,은행나무시장,서울특별시 금천구 금하로25길 23,37.4513821726617,126.910005060679
동서축산,butcher,139,이촌종합시장,서울특별시 용산구 이촌로75길 16,37.5205840721167,126.974423414259
행복을파는고기간,butcher,122,용답상가시장,서울특별시 성동구 용답25라길 23,37.5635165885268,127.053004797874
현대한우직판장,butcher,92,상도전통시장,서울특별시 동작구 상도로37길 58,37.4990790710457,126.951880958536
밤비플라워,flower,70,비단길현대시장,서울특별시 금천구 독산로35길 15-7,37.4576214716517,126.904007220541
R뱅크,sidedish,176,동문시장㈜,서울특별시 종로구 종로46길 21,37.5706278638398,127.010538577842
싱싱청과,greengrocer,88,마포시장,서울특별시 마포구 만리재로 23,37.5448057053008,126.953752625102
해성상회,seafood,101,경동시장,서울특별시 동대문구 고산자로36길 3,37.5790371332837,127.039147690267
남도수산,seafood,86,마포농수산물시장,서울특별시 마포구 월드컵로 235,37.5651967331886,126.898481601096
영광굴비직매점,seafood,53,봉천중앙시장,서울특별시 관악구 관악로 212,37.4836280926779,126.955181058881
진양상회,seafood,84,연희사러가,서울특별시 서대문구 연희맛로 23,37.5671475587255,126.929663080986
고려상회,seafood,72,구로시장,서울특별시 구로구 구로동로26길 9,37.4905451645769,126.884742300295
예화플라워,flower,48,신원시장,서울특별시 관악구 신원로3다길 1,37.4823883657252,126.926509008388
선해수산,seafood,116,마천시장,서울특별시 송파구 마천로45길 23,37.4980737243928,127.150699312878
강원물산,greengrocer,103,서울약령시장,서울특별시 동대문구 약령동길 50,37.5804971276983,127.037971057607
인복청과,greengrocer,100,동서시장,서울특별시 동대문구 경동시장로 4-1,37.5795319033015,127.041423466222
돈이상회,greengrocer,12,남성사계시장,서울특별시 동작구 동작대로29길 24,37.4882211415309,126.980653404441
삼일정육점,butcher,23,방신전통시장,서울특별시 강서구 방화동로16길 15,37.5708400707985,126.812648317436
대성축산,butcher,198,돈암시장,서울특별시 성북구 보문로40길 38,37.5919628320253,127.015614228186
짱구과일,greengrocer,75,고척근린시장,서울특별시 구로구 경인로33길 102,37.502372931627,126.850411668355
만물상회,greengrocer,196,황학시장,서울특별시 중구 퇴계로87길 55-20,37.5681038582608,127.019967157835
농심원,butcher,108,우성상가시장,서울특별시 양천구 지양로7길 8,37.521784188989,126.832963388831
꽃길만걷자,flower,135,대림시장,서울특별시 은평구 가좌로7길 28,37.5860341452035,126.918379961239
삼보물산,seafood,160,신중부시장,서울특별시 중구 을지로30길 10,37.5662945450128,126.999841534326
닭공판장,butcher,183,태능엔터피아,서울특별시 중랑구 중랑역로 69,37.5995695408442,127.077920546358
신용상회,greengrocer,196,황학시장,서울특별시 중구 퇴계로85길 51,37.5681039377089,127.01949174934
엄마손정육,butcher,23,방신전통시장,서울특별시 강서구 방화동로16길 22,37.5711286750267,126.812828709583
이천농산,greengrocer,96,청량리농수산물시장,서울특별시 동대문구 경동시장로 20,37.5806763977247,127.04075615228
어사랑,seafood,53,봉천중앙시장,서울특별시 관악구 관악로24길 14,37.4838174453768,126.955554060987
용가리축산,butcher,33,고분다리전통시장,서울특별시 강동구 구천면로34길 13,37.5424885693186,127.131925947502
공주상회,seafood,196,황학시장,서울특별시 중구 퇴계로85길 27,37.5670137272523,127.019525422516
생생한우축산,butcher,36,길동복조리시장,서울특별시 강동구 천중로52길 29,37.5392941096401,127.143857523336
유진정육점,butcher,60,까치산시장,서울특별시 강서구 강서로12길 9,37.5316608527582,126.847536075887
유성종합유통,seafood,98,청량리종합시장,서울특별시 동대문구 경동시장로 18-10,37.5805410835663,127.041231566081
대원닭집,butcher,64,창동신창시장,서울특별시 도봉구 덕릉로57길 31,37.6398096050976,127.036845551808
대포수산,seafood,109,목동깨비시장 (목3동시장),서울특별시 양천구 목동중앙북로 14,37.5483866965203,126.86505353291
싱싱야채과일수산물,greengrocer,36,길동복조리시장,서울특별시 강동구 천중로52길 16,37.5401230132843,127.143870430864
행운축산,butcher,1,상계중앙시장,서울특별시 노원구 한글비석로27길 34,37.660256248224,127.069438679678
수원상회,greengrocer,89,공덕시장,서울특별시 마포구 만리재로 19,37.5447874937523,126.953266060251
동아축산,butcher,62,답십리시장,서울특별시 동대문구 답십리로51길 15-11,37.57337994412,127.058400130366
보현땅콩,seafood,101,경동시장,서울특별시 동대문구 고산자로36길 3,37.5790371332837,127.039147690267
엄마손정육,butcher,190,동원시장,서울특별시 중랑구 면목로74길 27,37.5894255399057,127.089017318523
금영수산,seafood,7,청량리수산시장,서울특별시 동대문구 고산자로32길 65,37.5774865395436,127.041727991215
원양,seafood,36,길동복조리시장,서울특별시 강동구 천중로52길 37,37.5390779391966,127.143800533772
축산사랑,butcher,191,동원전통종합시장,서울특별시 중랑구 상봉로11길 37,37.5897390521976,127.0914180667
우림두꺼비,butcher,50,우림시장,서울특별시 관악구 난곡로24길 12,37.4695631522384,126.920564161499
챔피온,greengrocer,187,사가정시장,서울특별시 중랑구 면목로44나길 2,37.5810632933382,127.09037722763
중부건어물,seafood,186,중랑교종합상가,서울특별시 중랑구 망우로32길 48,37.5917945637876,127.077040581182
황금어장,seafood,135,대림시장,서울특별시 은평구 응암로4길 24,37.5869614817087,126.91739392577
부강상회,greengrocer,72,구로시장,서울특별시 구로구 구로동로22길 5-2,37.489671552375,126.885116786761
나눔약초,greengrocer,101,경동시장,서울특별시 동대문구 왕산로 147,37.5787846849648,127.03965699709
전북상회,greengrocer,129,유진상가,서울특별시 서대문구 통일로 484,37.5915986934433,126.942955695997
창원수산,seafood,140,신흥시장,서울특별시 용산구 소월로20길 22,37.5455436490547,126.985244146598
아현건어물,seafood,85,아현시장,서울특별시 마포구 굴레방로7길 10,37.5563930046427,126.954945117669
형님수산,seafood,7,청량리수산시장,서울특별시 동대문구 고산자로34길 55,37.5783606153154,127.041411496533
지현이네생선,seafood,17,둔촌역전통시장,서울특별시 강동구 양재대로91길 11,37.5277985216766,127.135237451349
형규네,greengrocer,31,수유재래시장,서울특별시 강북구 도봉로71길 23,37.6312718502695,127.022612333318
대박수산,seafood,60,까치산시장,서울특별시 강서구 강서로 52,37.5324886871002,126.846697165442
대흥,seafood,160,신중부시장,서울특별시 중구 을지로32길 5,37.5663576141347,127.000407483507
한우축산,butcher,12,남성사계시장,서울특별시 동작구 동작대로29길 24,37.4882211415309,126.980653404441
과일나라,greengrocer,14,은행나무시장,서울특별시 금천구 금하로25길 21,37.4513460374343,126.909880786045
소문난닭집,butcher,30,백년시장(강북종합시장과별개의시장) 구 강북종합전통시장,서울특별시 강북구 도봉로95길 51,37.6424252674832,127.02636611499
목포수산,seafood,77,신성골목시장,서울특별시 광진구 영화사로 12,37.5580351472659,127.088674383981
대복상사,greengrocer,100,동서시장,서울특별시 동대문구 왕산로33길 5,37.5796578705943,127.041910338952
대복상회,greengrocer,101,경동시장,서울특별시 동대문구 고산자로36길 3,37.5790371332837,127.039147690267
일성상회,greengrocer,86,마포농수산물시장,서울특별시 마포구 월드컵로 235,37.5651967331886,126.898481601096
하림닭집,butcher,132,대림골목시장,서울특별시 은평구 응암로4길 29-1,37.5875381244097,126.917404610704
고향맛식품,sidedish,26,우이시장,서울특별시 강북구 노해로23길 76,37.6462197240978,127.019625455232
충남닭집,butcher,102,경동광성상가,서울특별시 동대문구 약령시로14길 50,37.5806950253591,127.038956098667
배추언니,greengrocer,21,용산용문시장,서울특별시 용산구 효창원로42길 24,37.5362755727714,126.960161864867
번영상회,seafood,160,신중부시장,서울특별시 중구 을지로30길 45-1,37.5651773070994,126.999173727037
헨나,flower,133,증산종합시장,서울특별시 은평구 증산서길 63,37.5824835436456,126.905386843125
싸게파는집,greengrocer,74,고척골목시장상점가,서울특별시 구로구 중앙로 61,37.5031348612234,126.861991000091
큰입이축산마을,butcher,85,아현시장,서울특별시 마포구 굴레방로 27,37.5564742363167,126.955318545941
현대상회,butcher,196,황학시장,서울특별시 중구 퇴계로87길 23-27,37.566545127907,127.020012017827
성내신흥청과,greengrocer,34,성내전통시장,서울특별시 강동구 천호대로162길 73,37.5333750351747,127.127757657461
단골정육점,butcher,137,후암시장,서울특별시 용산구 한강대로104라길 39,37.5491821670364,126.975997940043
강동과일야채,greengrocer,35,명일전통시장,서울특별시 강동구 양재대로138길 21,37.5497080359518,127.145178928441
신토불이축산물직판장,butcher,101,경동시장,서울특별시 동대문구 왕산로29길 4,37.5789557323348,127.040075960828
바리,seafood,152,신영시장,서울특별시 양천구 곰달래로13길 33,37.5327082535007,126.835767500509
영림원예,flower,9,봉천제일종합시장,서울특별시 관악구 남부순환로 1752,37.4818486548881,126.944678638971
유진해물,seafood,128,인왕시장,서울특별시 서대문구 인왕시장길 18,37.5910853841597,126.943488256032
미나야채,greengrocer,186,중랑교종합상가,서울특별시 중랑구 망우로32길 48,37.5917945637876,127.077040581182
개성농장직영한우,butcher,102,경동광성상가,서울특별시 동대문구 고산자로 466,37.5811635979189,127.03878652441
음성상회,sidedish,102,경동광성상가,서울특별시 동대문구 고산자로38길 13,37.5801092480816,127.03935203081
신선야채,greengrocer,71,별빛남문시장,서울특별시 금천구 시흥대로146길 35,37.4741072560898,126.900718979174
동원정육점,butcher,76,가리봉시장,서울특별시 구로구 디지털로19길 48-3,37.4820714420212,126.88973006933
인수네과일,greengrocer,113,석촌시장,서울특별시 송파구 가락로12길 5,37.4998977674293,127.105444603666
참좋은고기,butcher,51,관악신사시장,서울특별시 관악구 신사로14길 48,37.4865174705608,126.916679244486
왕도매마트내야채코너,greengrocer,73,남구로시장,서울특별시 구로구 구로동로26길 57-3,37.4901424467194,126.887581094047
예당상회,greengrocer,96,청량리농수산물시장,서울특별시 동대문구 고산자로40길 23-1,37.5808928764303,127.040054356771
동해생선,seafood,31,수유재래시장,서울특별시 강북구 도봉로71길 33,37.6310467046124,127.022079811972
단골축산,butcher,31,수유재래시장,서울특별시 강북구 도봉로71길 33,37.6310467046124,127.022079811972
공주건어물,seafood,77,신성골목시장,서울특별시 광진구 영화사로 12,37.5580351472659,127.088674383981
성내대박집,greengrocer,17,둔촌역전통시장,서울특별시 강동구 양재대로91길 24,37.5281775619717,127.134695101733
우리농산물구경상도야채,greengrocer,175,통인시장,서울특별시 종로구 필운대로6길 11,37.5807785439997,126.969274347376
가락수산,seafood,16,봉천현대시장,서울특별시 관악구 양녕로 49,37.4865978521268,126.946597316959
대원상회,greengrocer,146,영일시장,서울특별시 영등포구 문래로30길 27,37.5161392108889,126.900719880301
동화상회,seafood,160,신중부시장,서울특별시 중구 을지로30길 37,37.5654115656858,126.999117130234
성대수산,seafood,90,성대전통시장,서울특별시 동작구 국사봉1길 52,37.4990417852918,126.931163231414
삼봉굴비,seafood,160,신중부시장,서울특별시 중구 을지로32길 36-34,37.565087208221,126.999286915973
까치닭집,butcher,81,영동교골목시장,서울특별시 광진구 동일로10길 49,37.5374631109402,127.064312281561
달래유통,greengrocer,128,인왕시장,서울특별시 서대문구 인왕시장길 18,37.5910853841597,126.943488256032
야채1번지,greengrocer,100,동서시장,서울특별시 동대문구 경동시장로 2,37.5792796607626,127.041321438005
하누야놀자,butcher,75,고척근린시장,서울특별시 구로구 고척로32길 11-8,37.5020300774211,126.850039146842
해성상회,butcher,196,황학시장,서울특별시 중구 퇴계로87길 15-22,37.5664640286694,127.020068591142
팔도건어물,seafood,65,백운시장,서울특별시 도봉구 삼양로154길 36,37.655563562913,127.015264896407
우리농산물달콤한과일나라,greengrocer,19,포방터시장,서울특별시 서대문구 홍은중앙로 100-6,37.5992057183114,126.948747755927
초당,greengrocer,103,서울약령시장,서울특별시 동대문구 약령중앙로4길 10-2,37.5797584648741,127.037495199891
일품한우축산,butcher,191,동원전통종합시장,서울특별시 중랑구 상봉로11길 18,37.5902157484177,127.092482973656
신양,butcher,134,신응암시장,서울특별시 은평구 응암로22길 3-1,37.5939090370827,126.918699732705
완도건어물,seafood,119,장위전통시장,서울특별시 성북구 장위로38길 55-2,37.6108734806843,127.051384832924
착한고기,butcher,190,동원시장,서울특별시 중랑구 면목로74길 45,37.58983933519,127.089889646761
꽃과함께,flower,43,능동로골목시장,서울특별시 광진구 뚝섬로 517,37.5356231543191,127.067738945673
마을생선가게,seafood,112,새마을시장,서울특별시 송파구 석촌호수로12길 8,37.5092572068624,127.085642026826
화원남중원,flower,171,대림상가,서울특별시 중구 을지로18길 2,37.5662493815023,126.99481591178
공주상회,seafood,160,신중부시장,서울특별시 중구 을지로32길 14,37.5659521664957,127.000181102799
프로포즈,greengrocer,9,봉천제일종합시장,서울특별시 관악구 남부순환로 1743,37.4824249324323,126.943898078612
윤플라워,flower,148,영등포유통상가,서울특별시 영등포구 영등포로19길 7,37.5226465828983,126.892849157808
가락유통,greengrocer,77,신성골목시장,서울특별시 광진구 영화사로 18,37.5575752042991,127.089251039301
행복과일,greengrocer,200,암사종합시장,서울특별시 강동구 상암로11길 29,37.551051399175,127.128896856381
경동수산,seafood,7,청량리수산시장,서울특별시 동대문구 고산자로34길 52-1,37.578189454244,127.041332156306
대성식육마트,butcher,128,인왕시장,서울특별시 서대문구 인왕시장길 46,37.5916084747775,126.944574850078
서울건어물,seafood,20,대조시장,서울특별시 은평구 불광로 21,37.6103854638,126.928467164741
푸른바다수산,seafood,93,남성역골목시장,서울특별시 동작구 사당로16가길 13-4,37.4828855565438,126.972502878929
열이네마늘생강,greengrocer,143,영신상가,서울특별시 영등포구 영등포로45길 10,37.5201818101191,126.908270942483
FloresdeMayo오월의꽃,flower,84,연희사러가,서울특별시 서대문구 연희맛로 17-18,37.5673903663384,126.928893151134
대청,greengrocer,132,대림골목시장,서울특별시 은평구 응암로12길 8,37.5879166201243,126.917517414943
고창수산,seafood,116,마천시장,서울특별시 송파구 마천로45길 26-1,37.4980193321125,127.150959302596
장군축산,butcher,33,고분다리전통시장,서울특별시 강동구 구천면로34길 35,37.5425412065019,127.133193362459
마포마루농산,greengrocer,86,마포농수산물시장,서울특별시 마포구 월드컵로 235,37.5651967331886,126.898481601096
황금정육점,butcher,13,답십리현대시장,서울특별시 동대문구 황물로15다길 1,37.5662437260266,127.059073696821
성진농산물,greengrocer,6,영천시장,서울특별시 서대문구 통일로 181,37.5697664466844,126.962543768133
시장정육점,butcher,126,양재시장,서울특별시 서초구 남부순환로356길 15,37.484306249408,127.037967549378
과일촌,greengrocer,46,신림중앙시장,서울특별시 관악구 남부순환로143길 29,37.482620577902,126.910476391968
풍년상회,seafood,160,신중부시장,서울특별시 중구 을지로30길 47,37.5650241374253,126.999128453591
중랑화원,flower,189,면목시장,서울특별시 중랑구 면목로 303,37.5794799889236,127.087126195706
바로축산,butcher,47,원당종합시장,서울특별시 관악구 남부순환로248길 33,37.4745855012427,126.965768061789
현대야채,greengrocer,123,뚝도시장,서울특별시 성동구 성덕정15길 4-13,37.5380448264109,127.054197436071
방신청과,greengrocer,23,방신전통시장,서울특별시 강서구 방화동로16길 31,37.5714162372249,126.812352561026
현대식품및야채,greengrocer,70,비단길현대시장,서울특별시 금천구 독산로39길 37,37.4579725993649,126.903678995573
기남상회,greengrocer,30,백년시장(강북종합시장과별개의시장) 구 강북종합전통시장,서울특별시 강북구 한천로144길 23-18,37.6426507126307,127.02545975052
꿈앤플라워,flower,66,쌍문시장,서울특별시 도봉구 도봉로 479,37.6486399993875,127.034356992232
금용정육점,butcher,56,화곡중앙시장,서울특별시 강서구 월정로30길 72,37.5350744452787,126.839824125505
대동상회,greengrocer,101,경동시장,서울특별시 동대문구 왕산로 147,37.5787846849648,127.03965699709
형제건어물,seafood,11,망원시장,서울특별시 마포구 포은로6길 27,37.55602216148,126.906450193724
미미한우,butcher,38,신사상가,서울특별시 강남구 압구정로29길 68,37.5325395313996,127.029189793365
정안수산,seafood,81,영동교골목시장,서울특별시 광진구 동일로10길 45,37.537580327077,127.064153977364
황산수산,seafood,7,청량리수산시장,서울특별시 동대문구 왕산로32길 24,37.5780451838035,127.041649057685
한국화원,flower,143,영신상가,서울특별시 영등포구 영등포로 225,37.5199192522038,126.906653653063
정직한정육점,butcher,64,창동신창시장,서울특별시 도봉구 덕릉로57길 10,37.6393407484218,127.037933004952
체리부로닭집,butcher,147,대림중앙시장,서울특별시 영등포구 디지털로37나길 16,37.491081309052,126.899599678809
저염젓갈,seafood,181,종로신진시장,서울특별시 종로구 종로 250,37.570826423416,127.005535314985
조광상회,seafood,101,경동시장,서울특별시 동대문구 고산자로36길 3,37.5790371332837,127.039147690267
용산청과,greengrocer,23,방신전통시장,서울특별시 강서구 방화동로16길 32,37.5715068037016,126.812646647297
용삼약초,greengrocer,101,경동시장,서울특별시 동대문구 고산자로36길 3,37.5790371332837,127.039147690267
고향식품,sidedish,12,남성사계시장,서울특별시 동작구 동작대로29나길 9,37.4884823984334,126.980438499781
건강야채,greengrocer,21,용산용문시장,서울특별시 용산구 효창원로40길 4,37.5368789536616,126.959312954252
화요일꽃집,flower,104,전농로터리시장,서울특별시 동대문구 전농로16길 11,37.5786598306721,127.058279724587
썬현대건어물,seafood,70,비단길현대시장,서울특별시 금천구 독산로39길 36,37.4581617379973,126.903588331752
남강정육점,butcher,27,수유중앙시장,서울특별시 강북구 노해로17길 21,37.640336029202,127.021176144851
농협식품,greengrocer,79,중곡제일전통시장(중곡제일시장),서울특별시 광진구 긴고랑로11길 8-1,37.5636984864737,127.081629620394
제일정육점,butcher,115,마천중앙시장,서울특별시 송파구 마천로45길 4,37.4964266970994,127.149271143152
경일유통,butcher,75,고척근린시장,서울특별시 구로구 경인로33길 98-9,37.5025266026552,126.850807188432
민주플라워,flower,11,망원시장,서울특별시 마포구 망원로 75-1,37.5575800190925,126.905361751343
성남,seafood,7,청량리수산시장,서울특별시 동대문구 고산자로34길 48,37.5780724591711,127.040947185841
장미축산유통,butcher,87,망원동월드컵시장,서울특별시 마포구 월드컵로25길 47,37.5578321163413,126.905135078659
채일농산물,greengrocer,35,명일전통시장,서울특별시 강동구 양재대로138길 8,37.5495919608234,127.14431865378
바다한스푼,seafood,21,용산용문시장,서울특별시 용산구 효창원로 100,37.5372125134628,126.95986718738
웰빙하우스,greengrocer,51,관악신사시장,서울특별시 관악구 신사로14길 49,37.4864275370505,126.916916789535
연은플라워,flower,132,대림골목시장,서울특별시 은평구 가좌로 211,37.5889533038841,126.918297516839
여주유통,greengrocer,101,경동시장,서울특별시 동대문구 고산자로36길 3,37.5790371332837,127.039147690267
풍년상회,greengrocer,129,유진상가,서울특별시 서대문구 인왕시장길 24,37.5912114415656,126.943318319499
한우와한돈,butcher,188,면목골목시장,서울특별시 중랑구 사가정로50길 76,37.5776888326948,127.084622234389
장흥청과,greengrocer,187,사가정시장,서울특별시 중랑구 면목로44나길 1,37.5810724591073,127.09017345693
자양하림,butcher,80,자양전통시장,서울특별시 광진구 자양로15길 79,37.5348049643695,127.079437102191
토종한우,butcher,34,성내전통시장,서울특별시 강동구 천호대로162길 34,37.53544712375,127.127953535439
서리네야채,greengrocer,196,황학시장,서울특별시 중구 퇴계로85길 17,37.5665992654128,127.01954795238
우리집정육점,butcher,12,남성사계시장,서울특별시 동작구 동작대로29가길 9,37.4884825304235,126.981252619981
영관상회,seafood,130,광장시장,서울특별시 종로구 창경궁로 88,37.570114766493,126.999705691574
호진상회,greengrocer,160,신중부시장,서울특별시 중구 동호로33길 46,37.5654385980452,126.999558564958
양지상회,seafood,20,대조시장,서울특별시 은평구 불광로 15,37.6099616476527,126.927889965621
대양푸드서비스,butcher,40,중곡제일시장(이오상사),서울특별시 광진구 긴고랑로9길 19,37.5644376382208,127.081143723116
송림정육점,butcher,175,통인시장,서울특별시 종로구 필운대로6길 3,37.5808234689599,126.968798839543
양지상회,seafood,20,대조시장,서울특별시 은평구 불광로 7,37.6094746407114,126.927120300791
충남상회,greengrocer,88,마포시장,서울특별시 마포구 만리재옛길 5,37.5450401765088,126.954295636808
플라워샵허니비,flower,184,신아타운,서울특별시 중랑구 봉화산로 194,37.6064588447966,127.094711466519
제일해물,seafood,95,청량리전통시장,서울특별시 동대문구 왕산로35길 24,37.5807566216711,127.04319024649
막퍼주는집,greengrocer,187,사가정시장,서울특별시 중랑구 면목로48길 12,37.5821272488092,127.089348269127
국풍원예,flower,148,영등포유통상가,서울특별시 영등포구 영등포로 109,37.5224223128597,126.893935463228
우리한우마을,butcher,77,신성골목시장,서울특별시 광진구 영화사로 16,37.5577645843909,127.089024911524
유정플라워,flower,160,신중부시장,서울특별시 중구 마른내로 102,37.5642222509353,126.999151100259
광어2마리,seafood,79,중곡제일전통시장(중곡제일시장),서울특별시 광진구 긴고랑로13길 10,37.5629954275466,127.082036318376
칠남상회,seafood,174,남대문시장,서울특별시 중구 남대문시장2가길 6-9,37.5592465146635,126.977013323946
여수집,greengrocer,197,연서시장,서울특별시 은평구 연서로 247,37.619697699095,126.922171722351
신안수산,seafood,91,성대시장,서울특별시 동작구 성대로2길 1-1,37.4997632238647,126.932259534808
금산상회,greengrocer,128,인왕시장,서울특별시 서대문구 인왕시장길 18,37.5910853841597,126.943488256032
삼화상회,greengrocer,101,경동시장,서울특별시 동대문구 왕산로 147,37.5787846849648,127.03965699709
짬순네,greengrocer,199,공릉동도깨비시장,서울특별시 노원구 동일로180길 59,37.6229324576807,127.077503150754
금보상회,greengrocer,101,경동시장,서울특별시 동대문구 고산자로36길 30,37.5791178958394,127.040121331412
한사랑,flower,86,마포농수산물시장,서울특별시 마포구 월드컵로 235,37.5651967331886,126.898481601096
형제상회,greengrocer,102,경동광성상가,서울특별시 동대문구 고산자로40길 16,37.5807128835746,127.039442917787
경동제일물산,sidedish,101,경동시장,서울특별시 동대문구 왕산로 151,37.578856588379,127.040177795586
농산물직거래장터,greengrocer,114,방이시장,서울특별시 송파구 백제고분로48길 35,37.5105908849782,127.116939856726
귀목플라워,flower,180,한일상가,서울특별시 종로구 종로 222,37.5707634600343,127.002354487828
해주상회,seafood,143,영신상가,서울특별시 영등포구 영등포로45길 11-6,37.5205779427802,126.907874535323
고향농산물,greengrocer,119,장위전통시장,서울특별시 성북구 장위로38길 74,37.6101076006691,127.051474910893
무교꽃화원,flower,128,인왕시장,서울특별시 서대문구 세검정로 31,37.5919690357454,126.944925591428
명품닭고기,butcher,193,우림골목시장,서울특별시 중랑구 용마산로111길 27,37.5975092559682,127.098085907642
완도상회,seafood,31,수유재래시장,서울특별시 강북구 도봉로71길 29,37.6312538823434,127.022340436159
충남상회,butcher,102,경동광성상가,서울특별시 동대문구 고산자로 458,37.5804968924119,127.03869560954
금산상회,butcher,197,연서시장,서울특별시 은평구 연서로 247,37.619697699095,126.922171722351
네거리청과,greengrocer,137,후암시장,서울특별시 용산구 한강대로104길 85,37.5503626577587,126.976914203408
건어물안동상회,seafood,32,수유시장,서울특별시 강북구 도봉로67길 18,37.6307312477932,127.022668813232
제주청과,greengrocer,137,후암시장,서울특별시 용산구 후암로35길 24,37.5504615871021,126.976008846356
남성수산,seafood,12,남성사계시장,서울특별시 동작구 동작대로29길 15,37.4879148810696,126.981162304719
유영난원,flower,179,동대문종합시장,서울특별시 종로구 종로41길 5,37.571565189222,127.006520190029
토종한우,butcher,87,망원동월드컵시장,서울특별시 마포구 망원로7길 30,37.5588593698662,126.905280908341
가자축산,butcher,91,성대시장,서울특별시 동작구 성대로 16,37.4997272678545,126.932406583236
태영상회,greengrocer,100,동서시장,서울특별시 동대문구 경동시장로 3-1,37.579342891889,127.040857313959
털보상회,greengrocer,146,영일시장,서울특별시 영등포구 문래로30길 27,37.5161392108889,126.900719880301
경남상회,seafood,116,마천시장,서울특별시 송파구 마천로45길 23,37.4980737243928,127.150699312878
이천상회,greengrocer,40,중곡제일시장(이오상사),서울특별시 광진구 긴고랑로9길 24,37.5645095464428,127.081392812593
혜수상회,seafood,9,봉천제일종합시장,서울특별시 관악구 청룡2길 29,37.4812538672205,126.944419036382
마니커생닭,butcher,115,마천중앙시장,서울특별시 송파구 마천로45길 20,37.4976414878758,127.150506198145
농산물유통,greengrocer,101,경동시장,서울특별시 동대문구 고산자로36길 3,37.5790371332837,127.039147690267
강경식품,seafood,99,청량종합도매시장(깡통시장),서울특별시 동대문구 경동시장로 30,37.5815954110807,127.040756653253
만나농산,sidedish,141,만리시장,서울특별시 용산구 효창원로 270,37.5513324117351,126.963695983216
유가네수산,seafood,102,경동광성상가,서울특별시 동대문구 고산자로38길 17,37.5800281208574,127.03946519866
형제상회,greengrocer,130,광장시장,서울특별시 종로구 창경궁로 88,37.570114766493,126.999705691574
늘꽃처럼,flower,61,대원종합시장,서울특별시 강서구 강서로 208-1,37.5446402939583,126.837800784038
대양수산,seafood,120,돌곶이시장(구 석관황금시장),서울특별시 성북구 한천로73길 43,37.6094092535135,127.061089784228
은혜상회,greengrocer,23,방신전통시장,서울특별시 강서구 방화동로16길 2,37.5702187643438,126.812887584387
행복하이소수산,seafood,17,둔촌역전통시장,서울특별시 강동구 양재대로91길 16,37.5279876667522,127.135294358708
길음정육점,butcher,121,길음시장,서울특별시 성북구 동소문로 231,37.6028637350632,127.022388566182
중앙상회,sidedish,71,별빛남문시장,서울특별시 금천구 시흥대로144길 21,37.4736927350494,126.90065169752
대림농수산물직판장,greengrocer,135,대림시장,서울특별시 은평구 응암로4길 27-1,37.5873218308905,126.917325594603
진성상회,greengrocer,128,인왕시장,서울특별시 서대문구 통일로40안길 3-10,37.5907611191194,126.943680986768
동우수산,seafood,7,청량리수산시장,서울특별시 동대문구 왕산로 154-1,37.5784510017232,127.040585127027
천은물산,greengrocer,101,경동시장,서울특별시 동대문구 왕산로29길 14,37.5793432210233,127.039895033298
행복메이드,flower,10,백련시장,서울특별시 서대문구 증가로 130,37.5775681082453,126.923302378327
슬이네야채가게,greengrocer,182,장미제일시장,서울특별시 중랑구 동일로143길 38,37.6051747105817,127.076374886548
안양꽃집,flower,174,남대문시장,서울특별시 중구 남대문시장4길 21,37.5591835687093,126.977658463626
희망상회,seafood,12,남성사계시장,서울특별시 동작구 동작대로31길 35,37.4890230143228,126.98050620265
우리농산,greengrocer,34,성내전통시장,서울특별시 강동구 천호대로162길 55,37.5343569032631,127.127962986922
정건어물,seafood,73,남구로시장,서울특별시 구로구 구로동로26길 66,37.4898542646077,126.887728522479
대양수산,seafood,191,동원전통종합시장,서울특별시 중랑구 상봉로11길 32,37.5900452136099,127.091644892548
동부건어물,seafood,187,사가정시장,서울특별시 중랑구 면목로44길 12,37.5811812922804,127.08923392639
선우축산물센타,butcher,108,우성상가시장,서울특별시 양천구 지양로 85,37.5226936693089,126.832588052906
농협안심축산물신영,butcher,152,신영시장,서울특별시 양천구 곰달래로13길 27,37.5321951093605,126.83607409856
소문상회,greengrocer,100,동서시장,서울특별시 동대문구 왕산로33길 5,37.5796578705943,127.041910338952
은정야채，반찬,greengrocer,38,신사상가,서울특별시 강남구 압구정로29길 72-1,37.5322874414761,127.028409040498
엄마축산,butcher,14,은행나무시장,서울특별시 금천구 금하로25길 5,37.451282273689,126.908976732945
손가네상회,greengrocer,13,답십리현대시장,서울특별시 동대문구 전농로4길 30,37.56699190692,127.058361185577
명품건어물,seafood,43,능동로골목시장,서울특별시 광진구 뚝섬로30길 22,37.535101319793,127.066426019681
밀알축산유통독립문,butcher,6,영천시장,서울특별시 서대문구 영천시장길 32,37.5706128949038,126.96103783351
청운통닭,butcher,41,신성종합시장(건물형),서울특별시 광진구 영화사로 7,37.5584135486418,127.088697467966
안나꽃집,flower,11,망원시장,서울특별시 마포구 포은로 106,37.5564173247237,126.904853935243
지혜수산,seafood,160,신중부시장,서울특별시 중구 을지로30길 16-6,37.5661593949363,126.999569879661
생선가게,seafood,193,우림골목시장,서울특별시 중랑구 망우로62길 44,37.597202928809,127.09807418188
에녹농수산물,greengrocer,63,창동골목시장,서울특별시 도봉구 덕릉로58길 26,37.6381869445919,127.039586579889
성재상회,seafood,121,길음시장,서울특별시 성북구 동소문로 227,37.6027827936487,127.021595826743
경동상회,greengrocer,95,청량리전통시장,서울특별시 동대문구 왕산로35길 24,37.5807566216711,127.04319024649
화신상회,greengrocer,98,청량리종합시장,서울특별시 동대문구 홍릉로1길 70,37.5800545983307,127.041084124042
삼촌네과일,greengrocer,114,방이시장,서울특별시 송파구 백제고분로48길 44,37.5100585745659,127.117662896577
에덴화원,flower,21,용산용문시장,서울특별시 용산구 효창원로42길 9,37.5369332609452,126.960037055086
형제,butcher,64,창동신창시장,서울특별시 도봉구 덕릉로57길 25,37.639665380143,127.037060752447
김씨네한우,butcher,124,마장축산물시장,서울특별시 성동구 마장로35다길 9,37.5697293937615,127.040523796686
스마일유통,butcher,43,능동로골목시장,서울특별시 광진구 뚝섬로30길 5,37.5357502682748,127.066019278453
신성정육점,butcher,41,신성종합시장(건물형),서울특별시 광진구 영화사로 10,37.557954201953,127.088481886962
대림닭,butcher,135,대림시장,서울특별시 은평구 응암로4길 25,37.5871776087212,126.917235177035
제일농수산유통,greengrocer,196,황학시장,서울특별시 중구 퇴계로85길 31,37.5671488766242,127.019525457793
하림닭판매장,butcher,51,관악신사시장,서울특별시 관악구 신사로14길 55,37.4862023408648,126.916996187077
서부상회,greengrocer,100,동서시장,서울특별시 동대문구 고산자로36길 39-3,37.5794151272536,127.040404514953
만발화,flower,198,돈암시장,서울특별시 성북구 동소문로20길 32,37.591142790023,127.016633103352
한국식품,sidedish,12,남성사계시장,서울특별시 동작구 동작대로29길 17,37.4879869236044,126.980924836462
중앙식육,butcher,147,대림중앙시장,서울특별시 영등포구 디지털로37나길 22-1,37.4915323198764,126.900198382214
한진상회,seafood,130,광장시장,서울특별시 종로구 창경궁로 88,37.570114766493,126.999705691574
정우수산,seafood,7,청량리수산시장,서울특별시 동대문구 왕산로 154-1,37.5784510017232,127.040585127027
진흥상회,greengrocer,58,남부골목시장,서울특별시 강서구 등촌로5길 46,37.5331730972861,126.860973981609
대화정육점,butcher,143,영신상가,서울특별시 영등포구 영등포로41길 4,37.5198205698735,126.907196749546
부부상회,greengrocer,200,암사종합시장,서울특별시 강동구 상암로11길 25,37.5508532664929,127.128817298736
충남수산,seafood,143,영신상가,서울특별시 영등포구 영등포로45길 8,37.5200917011444,126.908259740802
한아름축산,butcher,83,한아름시장,서울특별시 광진구 군자로3길 24,37.5444155411385,127.070089243148
청담수산,seafood,189,면목시장,서울특별시 중랑구 면목로37길 13,37.578976567376,127.085574646767
현대정육점,butcher,12,남성사계시장,서울특별시 동작구 동작대로29나길 5,37.4883021949911,126.980427239573
굿모닝청과,greengrocer,75,고척근린시장,서울특별시 구로구 고척로32길 11-4,37.5019937930949,126.849846962115
충남상회,butcher,196,황학시장,서울특별시 중구 퇴계로85길 12,37.5662838753505,127.019796887413
까치축산,butcher,60,까치산시장,서울특별시 강서구 강서로12길 8-8,37.5313994610405,126.847457412129
남가좌야채,greengrocer,10,백련시장,서울특별시 서대문구 증가로 138,37.5777115710087,126.922238085179
강경젓갈,seafood,60,까치산시장,서울특별시 강서구 강서로12길 5-6,37.5318409501038,126.847456512982
쌍둥이야채,greengrocer,23,방신전통시장,서울특별시 강서구 방화동로16길 23,37.5710651207382,126.812523237188
원일상회,seafood,6,영천시장,서울특별시 서대문구 영천시장길 54,37.5699554711139,126.961966377439
황소고집,butcher,193,우림골목시장,서울특별시 중랑구 망우로62길 69,37.5964360838531,127.09927347028
우리농산물,greengrocer,8,화곡본동시장,서울특별시 강서구 초록마을로2길 48,37.5432604560706,126.843506776402
경북상회,greengrocer,128,인왕시장,서울특별시 서대문구 인왕시장길 18,37.5910853841597,126.943488256032
꼬꼬닭집,butcher,199,공릉동도깨비시장,서울특별시 노원구 동일로180길 41,37.6227348691182,127.076540105903
청춘어묵,seafood,193,우림골목시장,서울특별시 중랑구 망우로62길 52-4,37.5967702935126,127.098266115029
한우리축산물센타,butcher,151,경창시장,서울특별시 양천구 중앙로53길 70,37.5247338679188,126.841984333386
대흥건어물,sidedish,80,자양전통시장,서울특별시 광진구 자양로13나길 16,37.5340476120492,127.080194343484
대성정육점,butcher,173,숭례문수입상가,서울특별시 중구 남대문시장길 16-19,37.5596159057556,126.976922666737
호남상회,sidedish,73,남구로시장,서울특별시 구로구 구로동로26길 54,37.4898711722107,126.886563831965
축산식육센타,butcher,147,대림중앙시장,서울특별시 영등포구 디지털로37나길 15,37.4912704434195,126.899508964523
신안수산,seafood,7,청량리수산시장,서울특별시 동대문구 고산자로34길 60,37.5782974581091,127.041660518994
바이조조,flower,39,강남시장,서울특별시 강남구 강남대로156길 24,37.5183865096857,127.02109638817
야채랑과일이랑,greengrocer,20,대조시장,서울특별시 은평구 불광로 17,37.6100518501931,126.92805976257
호남수산,seafood,70,비단길현대시장,서울특별시 금천구 독산로39길 34,37.4582428290086,126.903588227648
삼성청과,greengrocer,100,동서시장,서울특별시 동대문구 왕산로33길 13,37.5797211833123,127.041219792937
우리청과,greengrocer,48,신원시장,서울특별시 관악구 신원로5길 41,37.4827668804378,126.926655620357
신양상회,seafood,160,신중부시장,서울특별시 중구 을지로32길 24,37.5657088976857,127.000056594441
영숙가판점,greengrocer,129,유진상가,서울특별시 서대문구 통일로 478,37.5908865852428,126.942288200295
대박집,greengrocer,108,우성상가시장,서울특별시 양천구 지양로 71,37.5218121609789,126.833630748692
예산상회,sidedish,198,돈암시장,서울특별시 성북구 보문로38길 35-1,37.5911789432919,127.015806551068
현대상회,greengrocer,101,경동시장,서울특별시 동대문구 고산자로36길 3,37.5790371332837,127.039147690267
영진상회,greengrocer,102,경동광성상가,서울특별시 동대문구 고산자로38길 13,37.5801092480816,127.03935203081
예아네꽃집,flower,123,뚝도시장,서울특별시 성동구 뚝섬로 404,37.5385668604048,127.055374551316
완도수산,seafood,85,아현시장,서울특별시 마포구 굴레방로 27,37.5564742363167,126.955318545941
천하정육점,butcher,135,대림시장,서울특별시 은평구 응암로4길 18-14,37.5862229213053,126.917757045634
그랜드수산,seafood,150,신정제일시장,서울특별시 양천구 중앙로34길 26-5,37.520748836009,126.853960921006
한성정육도매점,butcher,58,남부골목시장,서울특별시 강서구 곰달래로55길 20,37.5329474876772,126.860668924382
강경젓갈직판장,seafood,40,중곡제일시장(이오상사),서울특별시 광진구 긴고랑로9길 7,37.5639062683217,127.080826225625
은하닭집,butcher,119,장위전통시장,서울특별시 성북구 장위로38길 61,37.6106391890453,127.051463951578
승우,greengrocer,102,경동광성상가,서울특별시 동대문구 약령시로14길 41,37.5810643502548,127.039205357757
엘림꽃방,flower,150,신정제일시장,서울특별시 양천구 신월로 296,37.5210459560786,126.853790659986
명보화원,flower,39,강남시장,서울특별시 강남구 강남대로 642,37.5189905243134,127.01908305295
서울유통,butcher,124,마장축산물시장,서울특별시 성동구 마장로35라길 16,37.5698463077967,127.04114643327
부흥축산,butcher,23,방신전통시장,서울특별시 강서구 방화동로16길 16,37.570849421823,126.812863367369
좋은정육점,butcher,190,동원시장,서울특별시 중랑구 겸재로49길 18,37.5898568964889,127.090489762525
제일유통,seafood,189,면목시장,서울특별시 중랑구 사가정로50길 46,37.5788234559778,127.085495225446
광남상회,greengrocer,100,동서시장,서울특별시 동대문구 경동시장로 3-1,37.579342891889,127.040857313959
미소축산물도매센터,butcher,71,별빛남문시장,서울특별시 금천구 시흥대로144길 21,37.4736927350494,126.90065169752
봉천의리축산,butcher,16,봉천현대시장,서울특별시 관악구 양녕로 59,37.4872465776946,126.946596855174
뉴개봉상회,greengrocer,146,영일시장,서울특별시 영등포구 문래로30길 27,37.5161392108889,126.900719880301
우주농산물,greengrocer,66,쌍문시장,서울특별시 도봉구 도봉로113길 48,37.6484966391204,127.031501403381
대흥상사,butcher,124,마장축산물시장,서울특별시 성동구 마장로35다길 9,37.5697293937615,127.040523796686
금과상회,butcher,96,청량리농수산물시장,서울특별시 동대문구 경동시장로9길 9,37.5811722457431,127.039873366789
형제야채,greengrocer,187,사가정시장,서울특별시 중랑구 사가정로53길 14,37.5813434623897,127.089245441195
은행나무수산,seafood,14,은행나무시장,서울특별시 금천구 금하로25길 13,37.4513637900147,126.909530414147
정풍농산,greengrocer,100,동서시장,서울특별시 동대문구 고산자로36길 34,37.5791989042395,127.040359114394
조성유통,butcher,27,수유중앙시장,서울특별시 강북구 노해로17길 22,37.640714434575,127.02122157329
영신꽃집,flower,144,삼구시장,서울특별시 영등포구 영등포로 219,37.5201437930117,126.905759725524
영천건어물,seafood,141,만리시장,서울특별시 용산구 효창원로 270,37.5513324117351,126.963695983216
오빠네한우마을,butcher,66,쌍문시장,서울특별시 도봉구 도봉로113길 28,37.6484602666607,127.032725182915
미성상회,greengrocer,196,황학시장,서울특별시 중구 퇴계로85길 47,37.5678696769642,127.019503007512
고향건어물,seafood,32,수유시장,서울특별시 강북구 도봉로67길 18,37.6307312477932,127.022668813232
이즈블룸,flower,83,한아름시장,서울특별시 광진구 능동로13길 75,37.5448847662834,127.068890214346
과일야채,greengrocer,1,상계중앙시장,서울특별시 노원구 한글비석로25길 34,37.6601751465938,127.069461270564
대성정육점,greengrocer,59,남부화곡시장,서울특별시 강서구 곰달래로51길 19,37.5326291890089,126.858191777187
형제유통,greengrocer,133,증산종합시장,서울특별시 은평구 증산로3길 12,37.5814561578648,126.905071147774
불광건어물,seafood,20,대조시장,서울특별시 은평구 불광로 9,37.6095919298111,126.927380673597
우리농수산물,greengrocer,92,상도전통시장,서울특별시 동작구 상도로37길 51,37.4996015574978,126.951643136338
쉐프엠,sidedish,136,제일시장,서울특별시 은평구 불광로 28,37.6104759929893,126.929180595053
풍년상회,greengrocer,36,길동복조리시장,서울특별시 강동구 천중로52길 42,37.5389791461049,127.143540102793
베테랑야채과일,greengrocer,93,남성역골목시장,서울특별시 동작구 사당로 222,37.4838405966124,126.972378157145
언니축산,butcher,66,쌍문시장,서울특별시 도봉구 도봉로113길 20,37.648370098918,127.032974434604
고은이네,greengrocer,52,관악종합시장,서울특별시 관악구 관천로 17,37.4816597153104,126.92840916281
나눔상회,greengrocer,77,신성골목시장,서울특별시 광진구 영화사로 9,37.55830539509,127.088742610824
대명정육점,butcher,30,백년시장(강북종합시장과별개의시장) 구 강북종합전통시장,서울특별시 강북구 한천로144길 11,37.6416235709467,127.025550043147
믿음축산,butcher,191,동원전통종합시장,서울특별시 중랑구 상봉로11길 44,37.589883490857,127.091055921944
원조참새방앗간,ricecake,95,청량리전통시장,서울특별시 동대문구 왕산로35길 43,37.5816217279052,127.042771858291
킴스프라임푸릇,greengrocer,147,대림중앙시장,서울특별시 영등포구 도림천로11길 25,37.4920800502346,126.897992639581
삼안유통,greengrocer,10,백련시장,서울특별시 서대문구 증가로10길 10-2,37.5778745341958,126.923437912744
종로떡집,ricecake,151,경창시장,서울특별시 양천구 오목로9길 30,37.5248155019942,126.842391418255
태양수산,seafood,36,길동복조리시장,서울특별시 강동구 천중로52길 54,37.5384751642507,127.14306391674
남양청과,greengrocer,97,청량리청과물시장,서울특별시 동대문구 왕산로33길 16,37.5802163290788,127.042352174231
장성운의안흥갈비,sidedish,104,전농로터리시장,서울특별시 동대문구 전농로15길 22,37.5780390956788,127.056320750529
포방한우마을,butcher,19,포방터시장,서울특별시 서대문구 홍은중앙로9길 2,37.5994397435396,126.948215367635
어반플로라,flower,21,용산용문시장,서울특별시 용산구 새창로 113-2,37.5372308112767,126.960693142027
사계절야채,greengrocer,36,길동복조리시장,서울특별시 강동구 천중로52길 45-1,37.5387357942823,127.143607525109
태원플라워,flower,174,남대문시장,서울특별시 중구 남대문시장4길 21,37.5591835687093,126.977658463626
영남상회,greengrocer,101,경동시장,서울특별시 동대문구 고산자로36길 3,37.5790371332837,127.039147690267
순이네과일,greengrocer,104,전농로터리시장,서울특별시 동대문구 전농로 147,37.5779845785292,127.057271652017
차마루,sidedish,73,남구로시장,서울특별시 구로구 구로동로26길 54,37.4898711722107,126.886563831965
조은맛켓,greengrocer,12,남성사계시장,서울특별시 동작구 동작대로 129,37.4882934158199,126.981874563076
프롬에덴플라워,flower,93,남성역골목시장,서울특별시 동작구 사당로20가길 32-11,37.4826786074492,126.973746653337
성우상회,greengrocer,102,경동광성상가,서울특별시 동대문구 고산자로38길 21-14,37.5806226931182,127.039714577683
싼집,greengrocer,64,창동신창시장,서울특별시 도봉구 덕릉로 235,37.6389442567582,127.038114083185
막퍼주는집,greengrocer,32,수유시장,서울특별시 강북구 도봉로 247-1,37.6306048083286,127.024186823694
제일상회,greengrocer,59,남부화곡시장,서울특별시 강서구 곰달래로51길 28,37.5329267628277,126.85839486438
보령상회,greengrocer,101,경동시장,서울특별시 동대문구 고산자로36길 30,37.5791269019291,127.040132657163
오늘,greengrocer,197,연서시장,서울특별시 은평구 통일로 849,37.6189672304164,126.921164384848
정직한한우,butcher,135,대림시장,서울특별시 은평구 응암로4길 23-1,37.586952321048,126.917178815973
광장상회,seafood,34,성내전통시장,서울특별시 강동구 풍성로37가길 26,37.5330056746139,127.127711771658
용수산,seafood,46,신림중앙시장,서울특별시 관악구 남부순환로143나길 7,37.4828462397816,126.911018828611
친절한축산,butcher,58,남부골목시장,서울특별시 강서구 곰달래로57길 23-5,37.5332278085224,126.861528264524
강화상회,greengrocer,101,경동시장,서울특별시 동대문구 고산자로36길 3,37.5790371332837,127.039147690267
샤인후르츠,greengrocer,123,뚝도시장,서울특별시 성동구 뚝섬로 396,37.5387834847825,127.054548729978
스타,greengrocer,25,장미원골목시장,서울특별시 강북구 삼양로123길 32,37.6447429264007,127.013880315674
전라도김치,sidedish,20,대조시장,서울특별시 은평구 불광로 21,37.6103854638,126.928467164741
광윤축산,butcher,16,봉천현대시장,서울특별시 관악구 양녕로 44,37.4859133150543,126.94710661189
금정물산,greengrocer,102,경동광성상가,서울특별시 동대문구 고산자로38길 5,37.5801093981736,127.038899188205
우림떡집,ricecake,193,우림골목시장,서울특별시 중랑구 망우로62길 67,37.5965352593973,127.099194337177
한도청과5,greengrocer,95,청량리전통시장,서울특별시 동대문구 경동시장로2길 47,37.580423087507,127.043642898399
쭈니네,greengrocer,128,인왕시장,서울특별시 서대문구 통일로40안길 3-1,37.5904276601433,126.943488753343
김서방상회,seafood,102,경동광성상가,서울특별시 동대문구 고산자로40길 15,37.5808570160372,127.039522242085
금정상회,greengrocer,102,경동광성상가,서울특별시 동대문구 고산자로38길 5,37.5801093981736,127.038899188205
베테랑청과,greengrocer,71,별빛남문시장,서울특별시 금천구 시흥대로138길 36,37.4725033367678,126.9005741381
마천생선,seafood,116,마천시장,서울특별시 송파구 마천로45길 23,37.4980737243928,127.150699312878
채소/과일소매업,greengrocer,34,성내전통시장,서울특별시 강동구 천호대로162길 62,37.5341409697372,127.127679765273
성광상회,sidedish,159,중부시장,서울특별시 중구 을지로32길 35-18,37.5649250265685,127.001030008028
석관꽃집,flower,120,돌곶이시장(구 석관황금시장),서울특별시 성북구 한천로73길 14,37.6098859461659,127.062675755053
자연산크랩장어,seafood,103,서울약령시장,서울특별시 동대문구 고산자로 461,37.5809204922897,127.038288265936
아티큐,flower,47,원당종합시장,서울특별시 관악구 인헌2길 9-3,37.4750001281684,126.96633313236
바다를사랑하는형제들,seafood,17,둔촌역전통시장,서울특별시 강동구 양재대로91길 11,37.5277714269097,127.13529396816
태영,sidedish,109,목동깨비시장 (목3동시장),서울특별시 양천구 목동중앙북로 38,37.5479201444356,126.86678575102
테이크상회,greengrocer,13,답십리현대시장,서울특별시 동대문구 전농로4길 1,37.5669194726229,127.05907423046
소문난과일,greengrocer,42,광성시장,서울특별시 광진구 능동로47길 31,37.5634106975515,127.080859645837
중앙닭집,butcher,35,명일전통시장,서울특별시 강동구 양재대로138길 20,37.5495281148795,127.144952250844
제주수산,seafood,12,남성사계시장,서울특별시 동작구 동작대로29나길 16,37.4887707600103,126.980675877235
우리농산물,greengrocer,190,동원시장,서울특별시 중랑구 겸재로49길 18,37.5898568964889,127.090489762525
삼시세끼,greengrocer,30,백년시장(강북종합시장과별개의시장) 구 강북종합전통시장,서울특별시 강북구 한천로 1057,37.6410831136093,127.024926690793
해남야채,greengrocer,59,남부화곡시장,서울특별시 강서구 등촌로5길 79,37.5327383921813,126.859096681993
뚱이네정육점,butcher,193,우림골목시장,서울특별시 중랑구 용마산로111길 27,37.5975092559682,127.098085907642
수유축산물공판장,butcher,31,수유재래시장,서울특별시 강북구 도봉로71길 29,37.6312538823434,127.022340436159
리얼수산,seafood,12,남성사계시장,서울특별시 동작구 동작대로29길 5,37.4879690320834,126.981738955674
상상물산,seafood,112,새마을시장,서울특별시 송파구 석촌호수로 78,37.5093289912447,127.086049282019
찬이네,greengrocer,107,신곡종합시장,서울특별시 양천구 신월로 168,37.5180577646457,126.842224645555
라면집,sidedish,159,중부시장,서울특별시 중구 동호로 348-1,37.5654475793754,127.002637291723
모닝과일,greengrocer,32,수유시장,서울특별시 강북구 도봉로69길 27,37.630758369959,127.022181685383
자연을사랑하는형제들,greengrocer,73,남구로시장,서울특별시 구로구 구로동로8길 95,37.4898004832645,126.888022595857
불빛강정,sidedish,152,신영시장,서울특별시 양천구 월정로29길 12,37.5333467785246,126.834917551595
마장통정육,butcher,189,면목시장,서울특별시 중랑구 면목로37길 6,37.5791113376698,127.086095563025
원진청과,greengrocer,151,경창시장,서울특별시 양천구 오목로7길 28,37.5244985764936,126.841215569597
승우네과일,seafood,135,대림시장,서울특별시 은평구 응암로4길 17,37.5865016261516,126.916896264507
궁전떡집,ricecake,42,광성시장,서울특별시 광진구 능동로47길 41,37.5635912751943,127.080305231331
승우네야채,greengrocer,135,대림시장,서울특별시 은평구 응암로4길 17,37.5865016261516,126.916896264507
농가축산,butcher,109,목동깨비시장 (목3동시장),서울특별시 양천구 목동중앙북로 26-1,37.5481178905241,126.866366698978
장고기,butcher,64,창동신창시장,서울특별시 도봉구 덕릉로57길 17,37.6394310025158,127.03744585815
뚱이네축산,butcher,48,신원시장,서울특별시 관악구 신원로5길 25,37.4822447288278,126.927357120308
복림상회,greengrocer,73,남구로시장,서울특별시 구로구 구로동로26길 70,37.4898454585151,126.887943376742
희망축산,butcher,124,마장축산물시장,서울특별시 성동구 마장로35길 76,37.5702604666319,127.041995629315
세자매야채,greengrocer,71,별빛남문시장,서울특별시 금천구 시흥대로148길 38-11,37.4744408095922,126.900933334965
민속두부,greengrocer,152,신영시장,서울특별시 양천구 곰달래로13길 43,37.5334914436265,126.83527928089
대성정육점,butcher,200,암사종합시장,서울특별시 강동구 올림픽로98길 24,37.550942970472,127.129179585836
삼원상회,greengrocer,72,구로시장,서울특별시 구로구 구로동로22길 28-1,37.4893750311049,126.885953985092
참축산,butcher,114,방이시장,서울특별시 송파구 백제고분로48길 44,37.5100585745659,127.117662896577
남대문명품호떡,sidedish,173,숭례문수입상가,서울특별시 중구 남대문시장2길 3-2,37.5598140694338,126.976639655716
새벽농가축산,butcher,104,전농로터리시장,서울특별시 동대문구 사가정로13길 7,37.5782364974755,127.058007695848
부뚜막,sidedish,97,청량리청과물시장,서울특별시 동대문구 홍릉로1길 46,37.5804595932858,127.042363633147
누리통상,seafood,159,중부시장,서울특별시 중구 동호로33길 25-1,37.5653575068559,127.000747043108
남해수산,seafood,7,청량리수산시장,서울특별시 동대문구 왕산로 162,37.5787210366748,127.041343771005
간식시간,flower,127,남부종합시장,서울특별시 서초구 방배중앙로27길 17,37.4950423812596,126.984858300761
간식시간,flower,127,남부종합시장,서울특별시 서초구 방배중앙로27길 17,37.4950423812596,126.984858300761
하늘소,butcher,23,방신전통시장,서울특별시 강서구 방화동로16길 46,37.5721098017701,126.812226302643
예쁠란따가드닝,flower,34,성내전통시장,서울특별시 강동구 천호옛12길 48,37.534573925322,127.127239250626
동문식품,sidedish,44,조양시장(건물형),서울특별시 광진구 뚝섬로27길 49,37.5381466931494,127.066440035768
정향떡방,ricecake,52,관악종합시장,서울특별시 관악구 신원로3가길 11,37.4810644428216,126.927414793471
바른한우,butcher,75,고척근린시장,서울특별시 구로구 고척로30길 13-16,37.5019033619139,126.849587030711
지원회수산,seafood,25,장미원골목시장,서울특별시 강북구 삼양로123길 1,37.6447697496858,127.015534628261
해미다명태,seafood,147,대림중앙시장,서울특별시 영등포구 디지털로53길 16,37.4920010528953,126.900446529078
써니드총신대입구역지점,flower,12,남성사계시장,서울특별시 동작구 동작대로 117,37.487554637466,126.98219133997
프롬에덴플라워,flower,93,남성역골목시장,서울특별시 동작구 사당로20가길 32-11,37.4826786074492,126.973746653337
우리김,seafood,188,면목골목시장,서울특별시 중랑구 사가정로50길 56,37.5784722487878,127.085245765908
또리야채청과,greengrocer,75,고척근린시장,서울특별시 구로구 경인로35길 131-25,37.5013107908707,126.851239355268
신씨네청과,greengrocer,58,남부골목시장,서울특별시 강서구 곰달래로 247,37.5321814519979,126.860511956074
모스룸,flower,84,연희사러가,서울특별시 서대문구 연희맛로 17-49,37.5670209651435,126.928904821363
문경청과,greengrocer,193,우림골목시장,서울특별시 중랑구 망우로62길 69,37.5964360838531,127.09927347028
우리동네과일야채,greengrocer,121,길음시장,서울특별시 성북구 길음로9길 50,37.602692810963,127.020950304859
떡시루,ricecake,104,전농로터리시장,서울특별시 동대문구 전농로16길 11,37.5786598306721,127.058279724587
소코니,flower,55,봉일시장,서울특별시 관악구 봉천로23다길 54,37.4871976611135,126.93863674053
끼니끼니,sidedish,67,방학동도깨비시장,서울특별시 도봉구 도당로13길 25,37.6657404695807,127.034931575977
팔계반찬,sidedish,73,남구로시장,서울특별시 구로구 구로동로26길 41,37.4902044248934,126.88643894574
술로우법인,greengrocer,37,청담삼익시장,서울특별시 강남구 학동로101길 26,37.5224468696354,127.05762510496
후레쉬정육점,butcher,200,암사종합시장,서울특별시 강동구 상암로11길 12,37.5501684353503,127.128884019305
은혜떡집,ricecake,132,대림골목시장,서울특별시 은평구 응암로4길 34,37.5876735103664,126.917744127415
엄마김치,greengrocer,20,대조시장,서울특별시 은평구 불광로 1,37.6091860718491,126.926712865402
도깨비농수산물,greengrocer,51,관악신사시장,서울특별시 관악구 관천로15길 103,37.4858058022458,126.916860943962
한우청용답지점,butcher,122,용답상가시장,서울특별시 성동구 용답중앙15길 2,37.5638048665606,127.053095550908
돌쇠떡고을,seafood,11,망원시장,서울특별시 마포구 망원로7길 3,37.557778401342,126.905565218764
서울수산,seafood,7,청량리수산시장,서울특별시 동대문구 왕산로 162,37.5787210366748,127.041343771005
비밀정원,flower,170,청계상가,서울특별시 중구 청계천로 160,37.5680513958128,126.995359110538
정원과일,greengrocer,143,영신상가,서울특별시 영등포구 영중로14길 11-13,37.520649286853,126.906935545457
더블유마트,sidedish,112,새마을시장,서울특별시 송파구 석촌호수로12길 12,37.5092214775433,127.085212192709
조원유통,butcher,143,영신상가,서울특별시 영등포구 영등포로45길 9-1,37.520208655445,126.908033357459
통큰우리정육점,butcher,193,우림골목시장,서울특별시 중랑구 망우로62길 44,37.597202928809,127.09807418188
아벨리스플라워,flower,37,청담삼익시장,서울특별시 강남구 학동로101길 11,37.521257645731,127.057420571321
착한정육점,butcher,64,창동신창시장,서울특별시 도봉구 덕릉로57길 44,37.6402422078418,127.036426548582
완이네축산,butcher,80,자양전통시장,서울특별시 광진구 자양로13나길 12,37.5338311564905,127.08051090555
최고다푸줏간,butcher,150,신정제일시장,서울특별시 양천구 신월로 292,37.5209643612585,126.853383583031
프레쉬팜정육,butcher,77,신성골목시장,서울특별시 광진구 영화사로 14,37.5578999042742,127.08879871845
갓따옴언니네,greengrocer,100,동서시장,서울특별시 동대문구 고산자로36길 39-6,37.5795863508945,127.040302718588
우리축산,butcher,109,목동깨비시장 (목3동시장),서울특별시 양천구 목동중앙북로 12,37.5483774665465,126.864861173151
파워마트정육,butcher,199,공릉동도깨비시장,서울특별시 노원구 동일로180길 14,37.6219517907143,127.075327270459
다움플레르,flower,174,남대문시장,서울특별시 중구 남대문시장4길 21,37.5591835687093,126.977658463626
삼흥미트,butcher,12,남성사계시장,서울특별시 동작구 동작대로29나길 16,37.4887707600103,126.980675877235
(주)한우청 용답지점,butcher,122,용답상가시장,서울특별시 성동구 용답중앙15길 2,37.5638048665606,127.053095550908
성찬축산 남부시장점,butcher,58,남부골목시장,서울특별시 강서구 곰달래로57길 23,37.5332370041237,126.861686643107
참좋은고기,butcher,42,광성시장,서울특별시 광진구 능동로47길 37,37.5634919651543,127.080599407027
음성유통,butcher,145,동남상가,서울특별시 영등포구 영등포로37길 14,37.521405123185,126.905667641608
강서365축산,butcher,58,남부골목시장,서울특별시 강서구 등촌로5길 46,37.5331731638677,126.861030551288
우아농장,butcher,101,경동시장,서울특별시 동대문구 고산자로36길 25,37.5792531025019,127.039951589901
최고다푸줏간,butcher,136,제일시장,서울특별시 은평구 통일로 731,37.6106203207268,126.929463600419
농업회사법인 (주)좋은사람들 서울,butcher,124,마장축산물시장,서울특별시 성동구 마장로35길 70,37.5706390487598,127.041531736911
골드축산,butcher,137,후암시장,서울특별시 용산구 후암로35길 35,37.5498669534013,126.976133518359
오빠네명품축산,butcher,35,명일전통시장,서울특별시 강동구 양재대로138길 21,37.5497080359518,127.145178928441
마디,flower,87,망원동월드컵시장,서울특별시 마포구 월드컵로29길 51,37.5590921991641,126.903515023853
부천축산,butcher,48,신원시장,서울특별시 관악구 신원로5길 19,37.4820376773267,126.927651283312
꽃이야나무야,flower,112,새마을시장,서울특별시 송파구 백제고분로17길 22-3,37.5077792482305,127.086070123361
고은이네 정육,butcher,52,관악종합시장,서울특별시 관악구 관천로 21,37.4818577655117,126.928126318229
큰집떡집,ricecake,160,신중부시장,서울특별시 중구 을지로32길 36-13,37.5648169109615,126.999637799898
친절정육점,butcher,23,방신전통시장,서울특별시 강서구 방화동로16길 54-4,37.5723888925994,126.812089763332
정직한 한우,butcher,135,대림시장,서울특별시 은평구 응암로4길 23-1,37.586952321048,126.917178815973
정직한정육점,butcher,35,명일전통시장,서울특별시 강동구 양재대로 1626,37.5506731555345,127.144320738458
1등축산 (청량리점),butcher,97,청량리청과물시장,서울특별시 동대문구 왕산로 173,37.5795585589638,127.042476332466
백산정육점,butcher,12,남성사계시장,서울특별시 동작구 동작대로29나길 15,37.4887436850781,126.980404509853
행복한 정육점,butcher,90,성대전통시장,서울특별시 동작구 성대로6길 27-5,37.4986186864814,126.931808218646
효자떡집,ricecake,175,통인시장,서울특별시 종로구 자하문로15길 9,37.5806977579948,126.970463102006
좋은푸줏간 한우한돈전문점 정육점,butcher,93,남성역골목시장,서울특별시 동작구 사당로16길 38,37.4820116017368,126.97260495545
은평축산물직거래장터,butcher,132,대림골목시장,서울특별시 은평구 응암로 174,37.587465607684,126.916781971
최고축산,butcher,41,신성종합시장(건물형),서울특별시 광진구 용마산로 61,37.5590451578242,127.087475885993
꽃이오면 망원시장점,flower,11,망원시장,서울특별시 마포구 망원로 82,37.5574092640167,126.905905213473
오빠네 고기나라,butcher,25,장미원골목시장,서울특별시 강북구 삼양로123길 11,37.644616647008,127.015036038947
친절한축산,butcher,58,남부골목시장,서울특별시 강서구 곰달래로57길 23-5,37.5332278085224,126.861528264524
진도수산,seafood,7,청량리수산시장,서울특별시 동대문구 고산자로34길 43,37.5781986375373,127.040834047161
돌쇠 떡 고을,ricecake,11,망원시장,서울특별시 마포구 망원로7길 3,37.557778401342,126.905565218764
태한수산,seafood,7,청량리수산시장,서울특별시 동대문구 왕산로 162,37.5787210366748,127.041343771005
금비유통,seafood,7,청량리수산시장,서울특별시 동대문구 왕산로 162,37.5787210366748,127.041343771005
왕박사,butcher,191,동원전통종합시장,서울특별시 중랑구 상봉로11길 19,37.5900535966182,127.092448805304
대용축산,butcher,124,마장축산물시장,서울특별시 성동구 마장로35다길 9,37.5697293937615,127.040523796686
주식회사 다원축산기업 신월점,butcher,152,신영시장,서울특별시 양천구 곰달래로13길 31,37.5324472158436,126.835949094462
장군축산,butcher,16,봉천현대시장,서울특별시 관악구 양녕로 49,37.4866158671712,126.946585997192
중앙꽃집(중매1304호),flower,174,남대문시장,서울특별시 중구 남대문시장4길 21,37.5591835687093,126.977658463626
수현축산,butcher,30,백년시장(강북종합시장과별개의시장) 구 강북종합전통시장,서울특별시 강북구 한천로144길 31,37.642317172119,127.026264102275
청춘고기백화점,butcher,60,까치산시장,서울특별시 강서구 강서로12길 5-18,37.5322190035908,126.847172897648
전주상회,seafood,7,청량리수산시장,서울특별시 동대문구 고산자로34길 44,37.5780364625422,127.040822637844
듀오플라워,flower,94,회기시장,서울특별시 동대문구 이문로 34-1,37.5905267909214,127.056466031033
종로떡집,ricecake,73,남구로시장,서울특별시 구로구 구로동로26길 51,37.4901509282603,126.887027015238
카라블로썸은평,flower,134,신응암시장,서울특별시 은평구 응암로21길 1,37.5937822078089,126.917703434732
웅이네고깃간,butcher,93,남성역골목시장,서울특별시 동작구 사당로14길 12,37.4835521376741,126.971801632745
대박축산,butcher,75,고척근린시장,서울특별시 구로구 고척로40길 11,37.5027072596977,126.851168728495
미래떡집,ricecake,60,까치산시장,서울특별시 강서구 강서로12길 5-19,37.5322907757304,126.846935160865
대박정육점,butcher,152,신영시장,서울특별시 양천구 월정로 169,37.5337174649023,126.835833171713
대흥정육점,butcher,76,가리봉시장,서울특별시 구로구 우마길 13,37.4817095726788,126.88817034561
광장떡집,ricecake,130,광장시장,서울특별시 종로구 창경궁로 88,37.5700787264163,126.999615135321
홍천한우마을,butcher,23,방신전통시장,서울특별시 강서구 방화동로16길 54-19,37.5725693787892,126.812270428423
푸드,butcher,189,면목시장,서울특별시 중랑구 사가정로50길 36,37.5792467338331,127.085756090911
꽃과나무,flower,144,삼구시장,서울특별시 영등포구 영등포로 219,37.5201437930117,126.905759725524
메고지고떡창고 대림시장점,ricecake,132,대림골목시장,서울특별시 은평구 응암로12길 9,37.5880520530061,126.91792486713
중앙할인축산,butcher,147,대림중앙시장,서울특별시 영등포구 디지털로37나길 16-1,37.4911534759814,126.899701350827
가경정육점,butcher,31,수유재래시장,서울특별시 강북구 도봉로71길 23,37.6312718502695,127.022612333318
고기친구,butcher,124,마장축산물시장,서울특별시 성동구 마장로35길 76,37.5702604666319,127.041995629315
애프터플랜트,flower,138,이태원시장,서울특별시 용산구 보광로59길 62,37.5337501050339,126.990586705089
영에이치,butcher,12,남성사계시장,서울특별시 동작구 동작대로29가길 23-2,37.4891042561456,126.981444689031
동강축산,butcher,124,마장축산물시장,서울특별시 성동구 마장로37길 55,37.5702876048101,127.041690015887
하누야놀자2호고척근린,butcher,75,고척근린시장,서울특별시 구로구 고척로32길 11-3,37.5021378960195,126.849801436441
우리축산육점,butcher,73,남구로시장,서울특별시 구로구 구로동로26길 29,37.4902758294077,126.885737773255
대성수산,seafood,7,청량리수산시장,서울특별시 동대문구 고산자로34길 41,37.5781446560032,127.04060760229
좋은고기파는 아빠들정육점,butcher,108,우성상가시장,서울특별시 양천구 지양로 72,37.5220108583024,126.833969675629
중앙정육점,butcher,46,신림중앙시장,서울특별시 관악구 조원로16길 34,37.482711114171,126.911052907913
정가한우,butcher,32,수유시장,서울특별시 강북구 수유로12길 100,37.6305511089486,127.022362883219
알찬육간,butcher,119,장위전통시장,서울특별시 성북구 돌곶이로27길 82,37.6101165462466,127.051622150034
일신정육점,butcher,88,마포시장,서울특별시 마포구 마포대로6길 28,37.545121108039,126.953888219545
고기파는형제들,butcher,152,신영시장,서울특별시 양천구 곰달래로13길 41,37.5333474102722,126.835370109537
부활축산,butcher,47,원당종합시장,서울특별시 관악구 남부순환로248길 29,37.4747206461662,126.965745389847
희망축산청담점,butcher,37,청담삼익시장,서울특별시 강남구 학동로101길 11,37.521257645731,127.057420571321
한영유통,butcher,101,경동시장,서울특별시 동대문구 왕산로 139-10,37.578838907128,127.039170228233
제일장미,flower,174,남대문시장,서울특별시 중구 남대문시장4길 21,37.5591835687093,126.977658463626
영암정육점,butcher,80,자양전통시장,서울특별시 광진구 자양로15길 82,37.5349673721858,127.079097847333
신부유통,butcher,124,마장축산물시장,서울특별시 성동구 마장로37길 45,37.569540075541,127.040840639197
정육품정육점,butcher,109,목동깨비시장 (목3동시장),서울특별시 양천구 목동중앙북로 4,37.548511537297,126.863921679954
마장축산,butcher,124,마장축산물시장,서울특별시 성동구 마장로35다길 9,37.5697293937615,127.040523796686
우리떡집,ricecake,42,광성시장,서울특별시 광진구 능동로47길 15,37.563121786708,127.081719539108
다정육,butcher,117,정릉시장,서울특별시 성북구 보국문로 50,37.6088660210957,127.010079628311
민진수산,seafood,7,청량리수산시장,서울특별시 동대문구 고산자로34길 43,37.5781986375373,127.040834047161
천일해물,seafood,7,청량리수산시장,서울특별시 동대문구 고산자로34길 41,37.5781446560032,127.04060760229
육곳간,butcher,64,창동신창시장,서울특별시 도봉구 덕릉로57길 14,37.6394939811972,127.037729141562
우리동네생선가게대표수산,seafood,4,시흥삼미시장,경기도 시흥시 삼미시장2길 39,37.4402450710031,126.784193429918
에이스축산,butcher,2,오이도전통수산시장,경기도 시흥시 오이도중앙로 32-1,37.3453015417589,126.689665658064
삼미시장상인회,greengrocer,4,시흥삼미시장,경기도 시흥시 삼미시장3길 16,37.4399649114642,126.783730938546
강화젓갈,seafood,2,오이도전통수산시장,경기도 시흥시 오이도로 173,37.3454775898396,126.688084935177
대성농산물,greengrocer,4,시흥삼미시장,경기도 시흥시 삼미시장4길 15,37.439521967193,126.782941224917
광주수산,seafood,2,오이도전통수산시장,경기도 시흥시 오이도로 173,37.3454775898396,126.688084935177
부흥상회,greengrocer,4,시흥삼미시장,경기도 시흥시 삼미시장1길 27,37.4408201869247,126.783355576175
장수식품,sidedish,4,시흥삼미시장,경기도 시흥시 삼미시장2길 36,37.4401632781149,126.783809467181
하나상회,seafood,2,오이도전통수산시장,경기도 시흥시 오이도로 173,37.3454775898396,126.688084935177
오이도수산,seafood,2,오이도전통수산시장,경기도 시흥시 오이도어시장로 7,37.3451017475794,126.689068341036
메리골드,greengrocer,5,시화공구상가,경기도 시흥시 공단1대로 204,37.3377115059812,126.724701548813
와싸다짱마켓,greengrocer,3,정왕시장,경기도 시흥시 정왕천로411번길 42,37.346675184947,126.748278916931
선창마트,sidedish,2,오이도전통수산시장,경기도 시흥시 오이도로 179,37.3449903265618,126.687816095577
소래야채건어물,seafood,4,시흥삼미시장,경기도 시흥시 삼미시장4길 7,37.4391808475794,126.783631496892
중부식품,sidedish,4,시흥삼미시장,경기도 시흥시 삼미시장2길 29,37.4406128099088,126.783277074046
행복반찬,sidedish,4,시흥삼미시장,경기도 시흥시 삼미시장4길 12,37.4396400310436,126.783449377216
베트남식품,greengrocer,3,정왕시장,경기도 시흥시 정왕시장길 51,37.3458017946653,126.748563976676
참웰빙하우스,butcher,22,시화유통상가,경기도 시흥시 공단1대로 244,37.3353324328239,126.728445299906
프로포즈과일야채생선,greengrocer,4,시흥삼미시장,경기도 시흥시 수인로 3366,37.4408681675492,126.784960042983
떡광주리,ricecake,4,시흥삼미시장,경기도 시흥시 삼미시장4길 8-1,37.4393704109478,126.7838230479
연화상회,seafood,2,오이도전통수산시장,경기도 시흥시 오이도로 173,37.3454775898396,126.688084935177
빠이쟈중국식품,sidedish,3,정왕시장,경기도 시흥시 군서로 23,37.3447127331569,126.749120602544
대림떡집,ricecake,4,시흥삼미시장,경기도 시흥시 삼미시장4길 18,37.4397385204651,126.783110097427
영수네,sidedish,3,정왕시장,경기도 시흥시 군서로46번길 1-1,37.3462406016782,126.7472985003
한양떡방,ricecake,4,시흥삼미시장,경기도 시흥시 삼미시장2길 45,37.4400118800619,126.784781694766
골드축산,butcher,4,시흥삼미시장,경기도 시흥시 삼미시장2길 39,37.4402450710031,126.784193429918
하모니마트,butcher,3,정왕시장,경기도 시흥시 정왕시장길 52,37.3455683680559,126.748959755622
프라임정육,butcher,4,시흥삼미시장,경기도 시흥시 삼미시장2길 44,37.4398402972449,126.784567488405
오이도강경젓갈,seafood,2,오이도전통수산시장,경기도 시흥시 오이도로 173,37.3454775898396,126.688084935177
문성호,seafood,2,오이도전통수산시장,경기도 시흥시 오이도로 173,37.3454775898396,126.688084935177
자연들정육,butcher,2,오이도전통수산시장,경기도 시흥시 오이도중앙로36번길 6,37.3455170156286,126.689371342863
성진유통,butcher,4,시흥삼미시장,경기도 시흥시 삼미시장2길 35,37.4404065711648,126.783820067228
엄마손반찬,sidedish,3,정왕시장,경기도 시흥시 정왕시장길 51,37.3458017946653,126.748563976676
명동떡,ricecake,4,시흥삼미시장,경기도 시흥시 삼미시장2길 39,37.4402450710031,126.784193429918
정왕농산,greengrocer,3,정왕시장,경기도 시흥시 정왕시장길 51,37.3458017946653,126.748563976676
싱싱야채,greengrocer,4,시흥삼미시장,경기도 시흥시 삼미시장3길 16,37.4399649114642,126.783730938546
히트플라워,flower,5,시화공구상가,경기도 시흥시 공단1대로 204,37.3377115059812,126.724701548813
여수녹동,seafood,2,오이도전통수산시장,경기도 시흥시 오이도로 173,37.3454775898396,126.688084935177
고기천국,butcher,4,시흥삼미시장,경기도 시흥시 삼미시장3길 15,37.4397754307279,126.783584585511
부자농산물,greengrocer,4,시흥삼미시장,경기도 시흥시 삼미시장3길 16,37.4399649114642,126.783730938546
진성축산물도매센터,butcher,4,시흥삼미시장,경기도 시흥시 신천3길 14,37.4394435442504,126.784399128444
목포항,seafood,2,오이도전통수산시장,경기도 시흥시 오이도로 173,37.3454775898396,126.688084935177
바다수산,seafood,2,오이도전통수산시장,경기도 시흥시 오이도어시장로 7,37.3451017475794,126.689068341036
숯불김,seafood,4,시흥삼미시장,경기도 시흥시 삼미시장2길 41,37.4401642070856,126.784317961371
성민청과,greengrocer,4,시흥삼미시장,경기도 시흥시 삼미시장2길 36,37.4401632781149,126.783809467181
한우명가,butcher,4,시흥삼미시장,경기도 시흥시 삼미시장4길 18-1,37.4398910694377,126.782770660484
우리동네수산시장,seafood,4,시흥삼미시장,경기도 시흥시 삼미시장4길 21,37.4397191918548,126.782398261836
연변정육점,butcher,3,정왕시장,경기도 시흥시 군서로24번길 7-1,37.3453624248428,126.749569869084
오복수산,seafood,2,오이도전통수산시장,경기도 시흥시 오이도로 167,37.3458833744327,126.688207400056
시장축산,butcher,3,정왕시장,경기도 시흥시 정왕시장길 51,37.3458017946653,126.748563976676
최강푸줏간,butcher,3,정왕시장,경기도 시흥시 정왕천로411번길 38,37.3464417353693,126.748663415571
정왕수산야채유통,greengrocer,3,정왕시장,경기도 시흥시 군서로24번길 3,37.3450283298402,126.749232409084
하나축산,butcher,3,정왕시장,경기도 시흥시 정왕시장길 51,37.3458017946653,126.748563976676
소랑돼지랑,butcher,4,시흥삼미시장,경기도 시흥시 삼미시장4길 15,37.439521967193,126.782941224917
돌고래수산,seafood,2,오이도전통수산시장,경기도 시흥시 오이도로 167,37.3458833744327,126.688207400056
공주네,seafood,2,오이도전통수산시장,경기도 시흥시 오이도로 173,37.3454775898396,126.688084935177
삼미건어물,seafood,4,시흥삼미시장,경기도 시흥시 삼미시장3길 16,37.4399649114642,126.783730938546
신건영축산,butcher,3,정왕시장,경기도 시흥시 정왕시장길 51,37.3458017946653,126.748563976676
신천농수산물,greengrocer,4,시흥삼미시장,경기도 시흥시 삼미시장3길 13,37.4396678058934,126.783856091981
유진수입육직판장,butcher,4,시흥삼미시장,경기도 시흥시 신천3길 28-16,37.4394683629149,126.783189975903
상은이네과일야채가게,greengrocer,3,정왕시장,경기도 시흥시 군서로 37-1,37.3455657994183,126.747752190937
만리포수산,seafood,2,오이도전통수산시장,경기도 시흥시 오이도어시장로 7,37.3451017475794,126.689068341036
곰소장모님젓갈,seafood,4,시흥삼미시장,경기도 시흥시 삼미시장1길 17,37.4404165308015,126.784339837115
신천건어물,seafood,4,시흥삼미시장,경기도 시흥시 삼미시장2길 39,37.4402450710031,126.784193429918
시화태초식품,sidedish,3,정왕시장,경기도 시흥시 정왕시장길 51,37.3458017946653,126.748563976676
토바코,greengrocer,4,시흥삼미시장,경기도 시흥시 삼미시장3길 29,37.4402954836637,126.782204493972
오가네젓갈,seafood,2,오이도전통수산시장,경기도 시흥시 오이도어시장로 7,37.3451017475794,126.689068341036
팔도젓갈,seafood,2,오이도전통수산시장,경기도 시흥시 오이도로135번길 33,37.3453343788417,126.68844666935
제일축산물도매센타,butcher,4,시흥삼미시장,경기도 시흥시 신천3길 5,37.4397244409204,126.78526841212
혜경이네,seafood,2,오이도전통수산시장,경기도 시흥시 오이도중앙로36번길 12,37.3458664836039,126.688636328804
한바다,seafood,2,오이도전통수산시장,경기도 시흥시 오이도어시장로 8,37.3446597450907,126.688878308674
건영상회,greengrocer,3,정왕시장,경기도 시흥시 정왕시장길 51,37.3458017946653,126.748563976676
동해수산,seafood,2,오이도전통수산시장,경기도 시흥시 오이도로 167,37.3458833744327,126.688207400056
보라수산,seafood,2,오이도전통수산시장,경기도 시흥시 오이도로 167,37.3458833744327,126.688207400056
호남수산,seafood,2,오이도전통수산시장,경기도 시흥시 오이도로 173,37.3454775898396,126.688084935177
지호수산,seafood,2,오이도전통수산시장,경기도 시흥시 오이도중앙로36번길 12,37.3458664836039,126.688636328804
경기닭집,butcher,4,시흥삼미시장,경기도 시흥시 삼미시장4길 12,37.4396400310436,126.783449377216
장원상회,seafood,2,오이도전통수산시장,경기도 시흥시 오이도로 173,37.3454775898396,126.688084935177
순천수산,seafood,2,오이도전통수산시장,경기도 시흥시 오이도중앙로36번길 12,37.3458664836039,126.688636328804
태풍수산,seafood,2,오이도전통수산시장,경기도 시흥시 오이도로 167,37.3458833744327,126.688207400056
벌교수산,seafood,2,오이도전통수산시장,경기도 시흥시 오이도로 167,37.3458833744327,126.688207400056
조개섬패류,seafood,2,오이도전통수산시장,경기도 시흥시 오이도로 173,37.3454775898396,126.688084935177
광일호수산,seafood,2,오이도전통수산시장,경기도 시흥시 오이도로 167,37.3458833744327,126.688207400056
진도수산,seafood,2,오이도전통수산시장,경기도 시흥시 오이도중앙로36번길 12,37.3458664836039,126.688636328804
금강산,seafood,2,오이도전통수산시장,경기도 시흥시 오이도로 167,37.3458833744327,126.688207400056
호수유통,butcher,4,시흥삼미시장,경기도 시흥시 삼미시장2길 35,37.4404065711648,126.783820067228
한일수산,seafood,2,오이도전통수산시장,경기도 시흥시 오이도로 167,37.3458833744327,126.688207400056
오이도강경젓갈,seafood,2,오이도전통수산시장,경기도 시흥시 오이도로 173,37.3454775898396,126.688084935177
부부농산,greengrocer,4,시흥삼미시장,경기도 시흥시 삼미시장4길 12,37.4396400310436,126.783449377216
목포회수산,seafood,2,오이도전통수산시장,경기도 시흥시 오이도로 173,37.3454775898396,126.688084935177
성남호수산,seafood,2,오이도전통수산시장,경기도 시흥시 오이도로 167,37.3458833744327,126.688207400056
쌍둥이과일,greengrocer,4,시흥삼미시장,경기도 시흥시 삼미시장4길 10,37.4394873353927,126.783709713273
성은네,seafood,2,오이도전통수산시장,경기도 시흥시 오이도로 167,37.3458833744327,126.688207400056
지영이네,seafood,2,오이도전통수산시장,경기도 시흥시 오이도중앙로36번길 12,37.3458664836039,126.688636328804
정수정육점,butcher,4,시흥삼미시장,경기도 시흥시 삼미시장1길 27,37.4408201869247,126.783355576175
서해유통,seafood,3,정왕시장,경기도 시흥시 군서로 35,37.3454310792392,126.747955784392
갯마을조개,seafood,2,오이도전통수산시장,경기도 시흥시 오이도로 173,37.3454775898396,126.688084935177
총각회집,seafood,2,오이도전통수산시장,경기도 시흥시 오이도로 173,37.3454775898396,126.688084935177
광천젓갈,seafood,2,오이도전통수산시장,경기도 시흥시 오이도로 167,37.3458833744327,126.688207400056
어망수산,seafood,2,오이도전통수산시장,경기도 시흥시 오이도어시장로 7,37.3451017475794,126.689068341036
호남곰소젓갈,seafood,2,오이도전통수산시장,경기도 시흥시 오이도로 173,37.3454775898396,126.688084935177
청도농수산물,greengrocer,3,정왕시장,경기도 시흥시 군서로46번길 9,37.3467731433258,126.747736866149
청나수산,seafood,2,오이도전통수산시장,경기도 시흥시 오이도로 173,37.3454775898396,126.688084935177
해주젓갈,seafood,2,오이도전통수산시장,경기도 시흥시 오이도어시장로 7,37.3451017475794,126.689068341036
진흥호수산,seafood,2,오이도전통수산시장,경기도 시흥시 오이도로 167,37.3458833744327,126.688207400056
우리수산,seafood,2,오이도전통수산시장,경기도 시흥시 오이도로 167,37.3458833744327,126.688207400056
오이도젓갈,seafood,2,오이도전통수산시장,경기도 시흥시 오이도어시장로 7,37.3451017475794,126.689068341036
섬마을,seafood,2,오이도전통수산시장,경기도 시흥시 오이도로 167,37.3458833744327,126.688207400056
제일수산,seafood,2,오이도전통수산시장,경기도 시흥시 오이도로 173,37.3454775898396,126.688084935177
왕팔수산,seafood,2,오이도전통수산시장,경기도 시흥시 오이도로 167,37.3458833744327,126.688207400056
진미식품,sidedish,3,정왕시장,경기도 시흥시 군서로 38,37.3456833170236,126.747932369799
경기수산,seafood,2,오이도전통수산시장,경기도 시흥시 오이도중앙로36번길 12,37.3458664836039,126.688636328804
백옥청과,greengrocer,3,정왕시장,경기도 시흥시 정왕시장길 51,37.3458017946653,126.748563976676
자매젓갈,seafood,2,오이도전통수산시장,경기도 시흥시 오이도로 167,37.3458833744327,126.688207400056
해남상회,seafood,2,오이도전통수산시장,경기도 시흥시 오이도로 173,37.3454775898396,126.688084935177
진주수산,seafood,2,오이도전통수산시장,경기도 시흥시 오이도로 173,37.3454775898396,126.688084935177
최강유창,seafood,2,오이도전통수산시장,경기도 시흥시 오이도어시장로 7,37.3451017475794,126.689068341036
어사또수산,seafood,4,시흥삼미시장,경기도 시흥시 삼미시장3길 15,37.4397754307279,126.783584585511
진성수산,seafood,3,정왕시장,경기도 시흥시 정왕시장길 51,37.3458017946653,126.748563976676
고흥수산,seafood,2,오이도전통수산시장,경기도 시흥시 오이도중앙로36번길 12,37.3458664836039,126.688636328804
쌍둥이정육점,butcher,4,시흥삼미시장,경기도 시흥시 삼미시장4길 10,37.4394963454821,126.783709687341
베테랑야채과일삼미,greengrocer,4,시흥삼미시장,경기도 시흥시 삼미시장1길 19,37.4405959896302,126.783932522272
덕원상회,greengrocer,2,오이도전통수산시장,경기도 시흥시 오이도중앙로 24-11,37.3463083973377,126.688792505621
떡메찰떡,ricecake,3,정왕시장,경기도 시흥시 정왕시장길 52,37.3455683680559,126.748959755622
주림닭집,butcher,3,정왕시장,경기도 시흥시 정왕시장길 51,37.3458017946653,126.748563976676
고봉이네정육점,butcher,3,정왕시장,경기도 시흥시 군서로 37,37.3454939342683,126.74785400282
일구칠삼,butcher,4,시흥삼미시장,경기도 시흥시 삼미시장2길 36,37.4401363511764,126.783866044276
